title,agency,department,series,opens,closes,matched_phrases,link
Environmental Protection Specialist,ARMY TRANSPORTATION,Department of the Army,0028,2026-06-16T08:11:47.5270,2026-06-26T23:59:59.9970,[nepa],https://www.usajobs.gov/job/873189900
Utility Systems Repairer Operator,Agricultural Research Service,Department of Agriculture,4742,2026-07-06T10:10:24.0330,2026-07-20T23:59:59.9970,[npdes],https://www.usajobs.gov/job/875372700
Wastewater Treatment Plant Operator,Agricultural Research Service,Department of Agriculture,5408,2026-06-26T10:23:21.7600,2026-07-10T23:59:59.9970,[npdes],https://www.usajobs.gov/job/874502900
Archeologist,"Agriculture, Rural Development",Department of Agriculture,0193,2026-07-29T00:00:00.0000,2026-08-05T23:59:59.9970,"[national environmental policy act, section 106]",https://www.usajobs.gov/job/878340300
Environmental Protection Specialist,"Agriculture, Rural Development",Department of Agriculture,0028,2026-07-29T00:00:00.0000,2026-08-05T23:59:59.9970,[national environmental policy act],https://www.usajobs.gov/job/878342800
Environmental Protection Specialist,"Agriculture, Rural Development",Department of Agriculture,0028,2026-06-17T16:43:28.7930,2026-06-24T23:59:59.9970,"[section 106, clean water act, national environmental policy act]",https://www.usajobs.gov/job/873484300
LOAN SPECIALIST (COMMERCIAL),"Agriculture, Rural Development",Department of Agriculture,1165,2026-06-25T00:00:00.0000,2026-07-01T23:59:59.9970,[national environmental policy act],https://www.usajobs.gov/job/874273300
INSTALLATION MANAGER,Air Combat Command,Department of the Air Force,0301,2026-06-01T00:00:00.0000,2026-06-12T23:59:59.9970,[environmental compliance],https://www.usajobs.gov/job/871056700
ENVIRONMENTAL PROTECTION SPECIALIST,Air Education and Training Command,Department of the Air Force,0028,2026-06-29T00:00:00.0000,2026-07-03T23:59:59.9970,[environmental compliance],https://www.usajobs.gov/job/874580500
SUPERVISORY GENERAL ENGINEER,Air Education and Training Command,Department of the Air Force,0801 | 1301,2026-06-25T00:00:00.0000,2026-07-01T23:59:59.9970,[environmental compliance],https://www.usajobs.gov/job/874241500
INTERDISCIPLINARY,Air Force Civilian Career Training,Department of the Air Force,0020 | 0401 | 0801 | 0808 | 1301,2026-05-28T00:00:00.0000,2026-06-03T23:59:59.9970,"[nepa, national environmental policy act]",https://www.usajobs.gov/job/870775700
MISSION PLANNING SPECIALIST,Air Force Civilian Career Training,Department of the Air Force,0301,2026-05-21T00:00:00.0000,2026-06-04T23:59:59.9970,"[clean air act, clean water act, nepa, national environmental policy act]",https://www.usajobs.gov/job/870022800
MISSION PLANNING SPECIALIST,Air Force Civilian Career Training,Department of the Air Force,0301,2026-07-21T00:00:00.0000,2026-08-06T23:59:59.9970,"[nepa, national environmental policy act]",https://www.usajobs.gov/job/877720100
SENIOR STRATEGY TECHNICAL ADVISOR,Air Force Civilian Career Training,Department of the Air Force,0301,2026-06-15T09:27:53.9730,2026-06-29T23:59:59.9970,[nepa],https://www.usajobs.gov/job/873035200
ENVIRONMENTAL (INTERDISCIPLINARY) - DIRECT HIRE AUTHORITY,Air Force Materiel Command,Department of the Air Force,0020 | 0401 | 0801 | 0819 | 1301,2026-07-17T00:00:00.0000,2026-11-17T23:59:59.9970,"[nepa, national environmental policy act]",https://www.usajobs.gov/job/877705800
ENVIRONMENTAL PROTECTION SPECIALIST-DIRECT HIRE AUTHORITY,Air Force Materiel Command,Department of the Air Force,0028,2026-06-30T00:00:00.0000,2026-07-21T23:59:59.9970,[environmental compliance],https://www.usajobs.gov/job/874475700
Interdisciplinary Supervisory Physical Scientist/Environmental Engineer-Direct Hire Authority,Air Force Materiel Command,Department of the Air Force,0819 | 1301,2026-06-04T00:00:00.0000,2026-06-17T23:59:59.9970,[environmental compliance],https://www.usajobs.gov/job/871666600
Range Program Manager - Direct Hire Authority,Air Force Materiel Command,Department of the Air Force,0301,2026-07-08T00:00:00.0000,2026-11-03T23:59:59.9970,[environmental compliance],https://www.usajobs.gov/job/875486700
Subject Matter Specialist (Air Quality) - DIRECT HIRE AUTHORITY,Air Force Materiel Command,Department of the Air Force,0020 | 0401 | 0801 | 0819 | 1301,2026-06-08T10:44:01.7630,2026-10-06T23:59:59.9970,"[environmental compliance, clean air act]",https://www.usajobs.gov/job/872100900
BIOLOGICAL SCIENTIST (ENVIRONMENTAL) (INTERDISCIPLINARY),Air Mobility Command,Department of the Air Force,0020 | 0401 | 0801 | 0819 | 1301,2026-07-14T00:00:00.0000,2026-07-20T23:59:59.9970,[environmental compliance],https://www.usajobs.gov/job/876174500
ENGINEERING TECHNICIAN (CIVIL),Air Mobility Command,Department of the Air Force,0802,2026-06-01T00:00:00.0000,2026-06-05T23:59:59.9970,[safe drinking water act],https://www.usajobs.gov/job/871100800
ENVIRONMENTAL PROTECTION SPECIALIST,Air Mobility Command,Department of the Air Force,0028,2026-05-20T00:00:00.0000,2026-05-27T23:59:59.9970,[environmental compliance],https://www.usajobs.gov/job/869970300
INSTALLATION MANAGER,Air Mobility Command,Department of the Air Force,0301,2026-05-15T00:00:00.0000,2026-05-21T23:59:59.9970,[environmental compliance],https://www.usajobs.gov/job/869429800
INDUSTRIAL HYGIENE TECHNICIAN T5,Air National Guard Units,Department of the Air Force,0640,2026-06-02T00:00:00.0000,2026-06-17T23:59:59.9970,[environmental assessment],https://www.usajobs.gov/job/871483000
INDUSTRIAL HYGIENE TECHNICIAN TITLE 5 PERMANENT,Air National Guard Units,Department of the Air Force,0640,2026-06-24T00:00:00.0000,2026-07-20T23:59:59.9970,[environmental assessment],https://www.usajobs.gov/job/873929700
INDUSTRIAL HYGIENIST,Air National Guard Units,Department of the Air Force,0690,2026-05-27T13:44:58.0330,2026-06-26T23:59:59.9970,"[permit applications, environmental assessment]",https://www.usajobs.gov/job/870734400
INDUSTRIAL HYGIENIST,Air National Guard Units,Department of the Air Force,0690,2026-06-12T00:00:00.0000,2026-06-22T23:59:59.9970,[environmental assessment],https://www.usajobs.gov/job/872804600
INDUSTRIAL HYGIENIST,Air National Guard Units,Department of the Air Force,0690,2026-05-22T11:24:50.1000,2026-06-05T23:59:59.9970,"[permit applications, environmental assessment]",https://www.usajobs.gov/job/870416600
INDUSTRIAL HYGIENIST (Title 32),Air National Guard Units,Department of the Air Force,0690,2026-06-18T10:36:15.8930,2026-07-02T23:59:59.9970,[permit applications],https://www.usajobs.gov/job/873617500
MEDICAL ADMINISTRATIVE OFFICER,Air National Guard Units,Department of the Air Force,0301,2026-07-17T12:59:15.0870,2026-08-01T23:59:59.9970,"[npdes, clean air act]",https://www.usajobs.gov/job/877056900
QUALITY ASSURANCE SPECIALIST,Air National Guard Units,Department of the Air Force,1910,2026-06-11T18:42:47.7070,2026-07-13T23:59:59.9970,[environmental compliance],https://www.usajobs.gov/job/872831100
QUALITY ASSURANCE SPECIALIST (Title 32),Air National Guard Units,Department of the Air Force,1910,2026-05-18T00:00:00.0000,2026-06-18T23:59:59.9970,[environmental compliance],https://www.usajobs.gov/job/869095000
SUPERVISORY QUALITY ASSURANCE SPECIALIST (TITLE 32),Air National Guard Units,Department of the Air Force,1910,2026-05-12T12:33:21.5730,2026-05-26T23:59:59.9970,[environmental compliance],https://www.usajobs.gov/job/868940000
SUPERVISORY QUALITY ASSURANCE SPECIALIST (Title 5),Air National Guard Units,Department of the Air Force,1910,2026-07-17T14:30:36.9800,2026-08-02T23:59:59.9970,[environmental compliance],https://www.usajobs.gov/job/867350400
SUPV IT SPECIALIST (PLCYPLN),Air National Guard Units,Department of the Air Force,2210,2026-05-19T11:21:42.6370,2026-06-02T23:59:59.9970,[environmental compliance],https://www.usajobs.gov/job/869887400
Management and Program Analyst,Alcohol and Tobacco Tax and Trade Bureau,Department of the Treasury,0343,2026-07-10T14:21:59.3430,2026-07-23T23:59:59.9970,[permitting],https://www.usajobs.gov/job/876147800
"Supervisory Alcohol and Tobacco Tax Specialist (Director, Tax Services Division)",Alcohol and Tobacco Tax and Trade Bureau,Department of the Treasury,1801,2026-07-14T07:32:39.7370,2026-07-27T23:59:59.9970,[permitting],https://www.usajobs.gov/job/876368000
Agriculturist (Containment Scientist) / Agriculturist (Senior Regulatory Policy Specialist),Animal and Plant Health Inspection Service,Department of Agriculture,0401,2026-06-30T00:00:00.0000,2026-07-07T23:59:59.9970,[permitting],https://www.usajobs.gov/job/874774900
Agriculturist (Permit Policy Specialist/Quantitative Risk Analyst),Animal and Plant Health Inspection Service,Department of Agriculture,0401,2026-06-30T00:00:00.0000,2026-07-07T23:59:59.9970,[permitting],https://www.usajobs.gov/job/874773500
Agriculturist/Biologist,Animal and Plant Health Inspection Service,Department of Agriculture,0401,2026-06-30T00:00:00.0000,2026-07-07T23:59:59.9970,"[permitting, permit applications]",https://www.usajobs.gov/job/874690700
Biological Science Technician (Wildlife),Animal and Plant Health Inspection Service,Department of Agriculture,0404,2026-06-30T00:00:00.0000,2026-07-07T23:59:59.9970,[national environmental policy act],https://www.usajobs.gov/job/874362100
Environmental Protection Specialist,Animal and Plant Health Inspection Service,Department of Agriculture,0028,2026-07-23T00:00:00.0000,2026-07-29T23:59:59.9970,"[environmental compliance, permit applications]",https://www.usajobs.gov/job/877462400
Plant Protection and Quarantine Officer (Plant Health Safeguarding Specialist),Animal and Plant Health Inspection Service,Department of Agriculture,0401,2026-06-30T00:00:00.0000,2026-07-07T23:59:59.9970,[permitting],https://www.usajobs.gov/job/874775200
Safety & Occupational Health Specialist,Animal and Plant Health Inspection Service,Department of Agriculture,0018,2026-07-28T00:00:00.0000,2026-08-03T23:59:59.9970,[environmental compliance],https://www.usajobs.gov/job/878102200
Safety and Occupational Health Specialist,Animal and Plant Health Inspection Service,Department of Agriculture,0018,2026-07-09T00:00:00.0000,2026-07-15T23:59:59.9970,[environmental compliance],https://www.usajobs.gov/job/875642200
Supervisory Wildlife Biologist (Assistant District Supervisor),Animal and Plant Health Inspection Service,Department of Agriculture,0486,2026-07-24T00:00:00.0000,2026-07-30T23:59:59.9970,"[environmental compliance, nepa, national environmental policy act]",https://www.usajobs.gov/job/877854700
Supervisory Wildlife Biologist (District Supervisor),Animal and Plant Health Inspection Service,Department of Agriculture,0486,2026-07-17T00:00:00.0000,2026-07-23T23:59:59.9970,"[nepa, national environmental policy act]",https://www.usajobs.gov/job/876774200
Supervisory Wildlife Biologist (State Director),Animal and Plant Health Inspection Service,Department of Agriculture,0486,2026-07-29T00:00:00.0000,2026-08-04T23:59:59.9970,"[nepa, national environmental policy act]",https://www.usajobs.gov/job/878214000
Utility Systems Repairer-Operator,Animal and Plant Health Inspection Service,Department of Agriculture,4742,2026-07-30T00:00:00.0000,2026-08-05T23:59:59.9970,[clean air act],https://www.usajobs.gov/job/878423000
Veterinary Medical Officer,Animal and Plant Health Inspection Service,Department of Agriculture,0701,2026-06-30T00:00:00.0000,2026-07-07T23:59:59.9970,[licenses and permits],https://www.usajobs.gov/job/874763100
Power Plant Operator,Architect of the Capitol,Legislative Branch,4742,2026-06-08T09:00:42.0570,2026-06-26T23:59:59.9970,[environmental compliance],https://www.usajobs.gov/job/872071100
Power Plant Operator Assistant Supervisor,Architect of the Capitol,Legislative Branch,4742,2026-07-07T09:13:27.8430,2026-07-24T23:59:59.9970,[environmental compliance],https://www.usajobs.gov/job/875496000
Supervisory Environmental Engineer (Deputy Director),Architect of the Capitol,Legislative Branch,0819,2026-07-08T16:41:51.4530,2026-07-24T23:59:59.9970,"[permitting, environmental compliance]",https://www.usajobs.gov/job/875789400
SUPERVISORY ENVIRONMENTAL PROTECTION SPECIALIST,Army Installation Management Command,Department of the Army,0028,2026-05-29T00:00:00.0000,2026-06-08T23:59:59.9970,[environmental compliance],https://www.usajobs.gov/job/870639900
RANGE OPERATIONS OFFICER,Army National Guard Units,Department of the Army,0301,2026-07-01T16:06:56.5500,2026-07-15T23:59:59.9970,[nepa],https://www.usajobs.gov/job/875142900
RANGE OPERATIONS SPECIALIST,Army National Guard Units,Department of the Army,0301,2026-06-10T15:28:12.2330,2026-06-24T23:59:59.9970,[environmental compliance],https://www.usajobs.gov/job/872601800
SUPERVISORY ENVIRONMENTAL PROTECTION SPECIALIST,Army National Guard Units,Department of the Army,0028,2026-05-28T14:27:27.0700,2026-06-19T23:59:59.9970,"[environmental compliance, nepa, national environmental policy act]",https://www.usajobs.gov/job/870920500
SUPPLY MANAGEMENT SPECIALIST,Army National Guard Units,Department of the Army,2003,2026-07-28T14:28:47.6070,2026-08-11T23:59:59.9970,[environmental compliance],https://www.usajobs.gov/job/878309100
SUPPLY MANAGEMENT SPECIALIST,Army National Guard Units,Department of the Army,2003,2026-07-15T06:03:56.0800,2026-08-25T23:59:59.9970,[environmental compliance],https://www.usajobs.gov/job/876551900
SUPPLY MANAGEMENT SPECIALIST,Army National Guard Units,Department of the Army,2003,2026-06-18T14:06:01.9100,2026-07-03T23:59:59.9970,[environmental compliance],https://www.usajobs.gov/job/873687000
SUPPLY MANAGEMENT SPECIALIST,Army National Guard Units,Department of the Army,2003,2026-05-20T11:50:08.9800,2026-06-22T23:59:59.9970,[environmental compliance],https://www.usajobs.gov/job/870071500
SUPPLY MANAGEMENT SPECIALIST (TITLE 32),Army National Guard Units,Department of the Army,2003,2026-07-07T09:31:59.5930,2026-07-22T23:59:59.9970,[environmental compliance],https://www.usajobs.gov/job/875500900
SUPPLY MANAGEMENT SPECIALIST (TITLE 32),Army National Guard Units,Department of the Army,2003,2026-07-07T09:20:16.0630,2026-07-22T23:59:59.9970,[environmental compliance],https://www.usajobs.gov/job/875498000
SUPPLY MANAGEMENT SPECIALIST (TITLE 32),Army National Guard Units,Department of the Army,2003,2026-06-16T00:00:00.0000,2026-06-30T23:59:59.9970,[environmental compliance],https://www.usajobs.gov/job/873164400
TITLE 32 RANGE OPERATIONS SPECIALIST GS-0301-09,Army National Guard Units,Department of the Army,0301,2026-05-29T14:20:24.9930,2026-06-29T23:59:59.9970,[environmental compliance],https://www.usajobs.gov/job/871098200
General Engineer,Army Tank-Automotive and Armament Command (TACOM),Department of the Army,0801,2026-06-03T00:00:00.0000,2026-06-16T23:59:59.9970,[environmental compliance],https://www.usajobs.gov/job/871347800
Environmental Protection Specialist,Assistant Secretary for Community Planning and Development,Department of Housing and Urban Development,0028,2026-07-02T00:00:00.0000,2026-07-10T23:59:59.9970,"[nepa, national environmental policy act, environmental compliance]",https://www.usajobs.gov/job/875117600
Interdisciplinary Civil Engineer/Physical Scientist (Environmental),Bonneville Power Administration,Department of Energy,0810 | 1301,2026-07-22T00:00:00.0000,2026-07-31T23:59:59.9970,[permitting],https://www.usajobs.gov/job/877446100
Supervisory Physical Scientist (Environmental),Bonneville Power Administration,Department of Energy,1301,2026-07-21T00:00:00.0000,2026-07-30T23:59:59.9970,"[environmental compliance, rights-of-way, environmental review, permitting, nepa]",https://www.usajobs.gov/job/877275200
General Engineer,Bureau of Engraving and Printing,Department of the Treasury,0801,2026-07-01T00:00:00.0000,2026-07-07T23:59:59.9970,[permit applications],https://www.usajobs.gov/job/874856600
Engineering Equipment Operator Supervisor,Bureau of Land Management,Department of the Interior,5716,2026-07-15T17:06:19.8770,2026-07-29T23:59:59.9970,[right-of-way],https://www.usajobs.gov/job/876718900
Engineering Equipment Operator Supervisor,Bureau of Land Management,Department of the Interior,5716,2026-07-16T00:00:00.0000,2026-07-30T23:59:59.9970,[right-of-way],https://www.usajobs.gov/job/876740200
Engineering Equipment Operator Supervisor,Bureau of Land Management,Department of the Interior,5716,2026-07-16T00:00:00.0000,2026-07-30T23:59:59.9970,[rights-of-way],https://www.usajobs.gov/job/876740000
Engineering Equipment Operator Supervisor,Bureau of Land Management,Department of the Interior,5716,2026-07-15T17:04:53.6000,2026-07-28T23:59:59.9970,[right-of-way],https://www.usajobs.gov/job/876719600
FUL - Natural Resource Specialist,Bureau of Land Management,Department of the Interior,0401,2026-06-12T11:44:42.0800,2026-06-17T23:59:59.9970,[environmental compliance],https://www.usajobs.gov/job/872892400
Forester,Bureau of Land Management,Department of the Interior,0460,2026-07-15T12:55:52.8870,2026-07-28T23:59:59.9970,[environmental assessment],https://www.usajobs.gov/job/876645700
Forester,Bureau of Land Management,Department of the Interior,0460,2026-07-15T12:55:24.4370,2026-07-28T23:59:59.9970,[environmental assessment],https://www.usajobs.gov/job/876645800
Forestry Technician (Cruiser/Appraiser),Bureau of Land Management,Department of the Interior,0462,2026-07-15T00:00:00.0000,2026-07-29T23:59:59.9970,[rights-of-way],https://www.usajobs.gov/job/876816200
Forestry Technician (Cruiser/Appraiser),Bureau of Land Management,Department of the Interior,0462,2026-07-15T00:00:00.0000,2026-07-29T23:59:59.9970,[rights-of-way],https://www.usajobs.gov/job/876816000
Geologist,Bureau of Land Management,Department of the Interior,1350,2026-06-12T00:00:00.0000,2026-06-17T23:59:59.9970,[permit to drill],https://www.usajobs.gov/job/872831700
Land Law Examiner,Bureau of Land Management,Department of the Interior,0965,2026-07-17T15:24:27.0770,2026-07-30T23:59:59.9970,[permit to drill],https://www.usajobs.gov/job/877098800
Land Law Examiner (Lands & Realty),Bureau of Land Management,Department of the Interior,0965,2026-07-28T00:00:00.0000,2026-08-11T23:59:59.9970,[rights-of-way],https://www.usajobs.gov/job/878181200
Land Law Examiner (Lands & Realty),Bureau of Land Management,Department of the Interior,0965,2026-06-12T00:00:00.0000,2026-06-17T23:59:59.9970,[permit to drill],https://www.usajobs.gov/job/872815200
Land Law Examiner (Minerals),Bureau of Land Management,Department of the Interior,0965,2026-07-24T15:39:10.9970,2026-08-07T23:59:59.9970,[permitting],https://www.usajobs.gov/job/877994800
Natural Resource Specialist,Bureau of Land Management,Department of the Interior,0401,2026-06-12T11:45:29.5800,2026-06-17T23:59:59.9970,[environmental compliance],https://www.usajobs.gov/job/872903700
Natural Resource Specialist,Bureau of Land Management,Department of the Interior,0401,2026-07-15T11:52:51.6370,2026-07-29T23:59:59.9970,[environmental compliance],https://www.usajobs.gov/job/876627500
Natural Resource Specialist,Bureau of Land Management,Department of the Interior,0401,2026-06-12T00:00:00.0000,2026-06-17T23:59:59.9970,[environmental compliance],https://www.usajobs.gov/job/872836700
Petroleum Engineer,Bureau of Land Management,Department of the Interior,0881,2026-07-08T13:01:27.1600,2026-07-21T23:59:59.9970,[permit to drill],https://www.usajobs.gov/job/875737500
Petroleum Engineer,Bureau of Land Management,Department of the Interior,0881,2026-07-08T00:00:00.0000,2026-07-22T23:59:59.9970,[nepa],https://www.usajobs.gov/job/875531500
Planning & Environmental Specialist,Bureau of Land Management,Department of the Interior,0301,2026-07-15T14:42:10.7330,2026-07-29T23:59:59.9970,"[nepa, national environmental policy act]",https://www.usajobs.gov/job/876677100
Planning and Environmental Coordinator,Bureau of Land Management,Department of the Interior,0301,2026-06-12T07:59:01.6000,2026-06-17T23:59:59.9970,[environmental compliance],https://www.usajobs.gov/job/872848400
Planning and Environmental Coordinator,Bureau of Land Management,Department of the Interior,0301,2026-07-17T08:11:30.5500,2026-07-31T23:59:59.9970,"[nepa, national environmental policy act]",https://www.usajobs.gov/job/876961700
Range Technician (Seasonal),Bureau of Land Management,Department of the Interior,0455,2026-07-21T17:17:53.4100,2026-08-04T23:59:59.9970,[nepa],https://www.usajobs.gov/job/877471300
Environmental Protection Specialist,Bureau of Prisons/Federal Prison System,Department of Justice,0028,2026-07-20T00:00:00.0000,2026-07-27T23:59:59.9970,"[clean water act, clean air act, environmental compliance]",https://www.usajobs.gov/job/877134900
Environmental Protection Specialist ,Bureau of Prisons/Federal Prison System,Department of Justice,0028,2026-06-04T16:57:43.1930,2026-06-18T23:59:59.9970,"[clean water act, clean air act, environmental compliance]",https://www.usajobs.gov/job/871849500
Environmental Protection Specialist (National Environmental Protection Specialist),Bureau of Prisons/Federal Prison System,Department of Justice,0028,2026-07-16T12:18:02.8470,2026-07-23T23:59:59.9970,"[nepa, national environmental policy act, rcra, clean water act, clean air act, environmental compliance]",https://www.usajobs.gov/job/876832200
Environmental Protection Specialist (National Environmental Protection Specialist),Bureau of Prisons/Federal Prison System,Department of Justice,0028,2026-07-13T11:46:31.9000,2026-07-20T23:59:59.9970,"[nepa, national environmental policy act, rcra, clean water act, clean air act, environmental compliance]",https://www.usajobs.gov/job/876268000
Safety & Occupational Health Manager (Safety Administrator - Trainee),Bureau of Prisons/Federal Prison System,Department of Justice,0018,2026-05-26T09:49:49.1830,2026-06-02T23:59:59.9970,[environmental compliance],https://www.usajobs.gov/job/870523600
Supervisory Architect(Projects Administrator),Bureau of Prisons/Federal Prison System,Department of Justice,0808,2026-05-14T09:18:02.3100,2026-06-05T23:59:59.9970,[environmental review],https://www.usajobs.gov/job/869302600
Supervisory Contract Specialist (Senior Deputy Assistant Director),Bureau of Prisons/Federal Prison System,Department of Justice,1102,2026-05-13T13:53:27.5300,2026-05-28T23:59:59.9970,[environmental compliance],https://www.usajobs.gov/job/869185400
Deputy Commissioner - National Programs and Technical Services,Bureau of Reclamation,Department of the Interior,0340,2026-06-22T00:00:00.0000,2026-07-06T23:59:59.9970,[environmental compliance],https://www.usajobs.gov/job/873536200
Environmental Protection Specialist,Bureau of Reclamation,Department of the Interior,0028,2026-07-24T00:00:00.0000,2026-08-06T23:59:59.9970,"[environmental compliance, nepa, national environmental policy act]",https://www.usajobs.gov/job/877736300
Multi-Species Conservation Program Manager (MSCP),Bureau of Reclamation,Department of the Interior,0301,2026-05-14T09:25:11.9030,2026-05-28T23:59:59.9970,[environmental compliance],https://www.usajobs.gov/job/869304500
Natural Resources Specialist,Bureau of Reclamation,Department of the Interior,0401,2026-07-17T00:00:00.0000,2026-07-31T23:59:59.9970,"[clean water act, categorical exclusion, nepa, national environmental policy act, environmental compliance]",https://www.usajobs.gov/job/876896400
"Regional Director, Columbia Pacific Northwest",Bureau of Reclamation,Department of the Interior,0340,2026-07-06T00:00:00.0000,2026-07-20T23:59:59.9970,[environmental compliance],https://www.usajobs.gov/job/874715200
Safety and Occupational Health Manager,Bureau of Reclamation,Department of the Interior,0018,2026-05-14T09:31:44.6600,2026-05-27T23:59:59.9970,[environmental compliance],https://www.usajobs.gov/job/869307000
Supervisory Biologist,Bureau of Reclamation,Department of the Interior,0401,2026-06-18T16:37:44.7770,2026-06-25T23:59:59.9970,[environmental compliance],https://www.usajobs.gov/job/873657000
Environmental Protection Specialist,Bureau of Safety and Environmental Enforcement,Department of the Interior,0028,2026-06-16T00:00:00.0000,2026-06-30T23:59:59.9970,"[nepa, environmental compliance]",https://www.usajobs.gov/job/873148700
PETROLEUM ENGINEER WELL OPS COORD,Bureau of Safety and Environmental Enforcement,Department of the Interior,0881,2026-05-19T09:04:31.5030,2026-06-01T23:59:59.9970,[permitting],https://www.usajobs.gov/job/869849600
Petroleum Engineer,Bureau of Safety and Environmental Enforcement,Department of the Interior,0881,2026-06-04T11:56:39.5900,2026-06-17T23:59:59.9970,[permit to drill],https://www.usajobs.gov/job/871755900
Chemical Safety Recommendations Specialist,Chemical Safety and Hazard Investigation Board,Other Agencies and Independent Organizations,0301,2026-07-08T00:00:00.0000,2026-07-17T23:59:59.9970,[clean air act],https://www.usajobs.gov/job/875635000
SAFETY & OCCUPATIONAL HEALTH MANAGER,Citizenship and Immigration Services,Department of Homeland Security,0018,2026-07-17T07:49:38.2800,2026-07-27T23:59:59.9970,[environmental compliance],https://www.usajobs.gov/job/876957200
Safety and Occupational Health Manager,Citizenship and Immigration Services,Department of Homeland Security,0018,2026-05-26T08:21:28.2700,2026-06-04T23:59:59.9970,[environmental compliance],https://www.usajobs.gov/job/870510500
COMMUNITY PLANNER,"Commander, Navy Installations Command",Department of the Navy,0020,2026-05-15T00:00:00.0000,2026-05-19T23:59:59.9970,[environmental compliance],https://www.usajobs.gov/job/869307100
COMMUNITY PLANNER,"Commander, Navy Installations Command",Department of the Navy,0020,2026-06-22T00:00:00.0000,2026-06-29T23:59:59.9970,[permitting],https://www.usajobs.gov/job/873214500
ENVIRONMENTAL ENGINEER,"Commander, Navy Installations Command",Department of the Navy,0819,2026-07-02T11:42:26.0200,2026-07-10T23:59:59.9970,[environmental compliance],https://www.usajobs.gov/job/875241300
ENVIRONMENTAL ENGINEER/PHYSICAL SCIENTIST/CHEMIST,"Commander, Navy Installations Command",Department of the Navy,0819 | 1301 | 1320,2026-07-08T09:07:23.9100,2026-07-15T23:59:59.9970,[safe drinking water act],https://www.usajobs.gov/job/875668700
ENVIRONMENTAL PROTECTION SPECIALIST,"Commander, Navy Installations Command",Department of the Navy,0028,2026-07-13T00:00:00.0000,2026-07-24T23:59:59.9970,[environmental compliance],https://www.usajobs.gov/job/875816500
ENVIRONMENTAL PROTECTION SPECIALIST,"Commander, Navy Installations Command",Department of the Navy,0028,2026-06-24T00:00:00.0000,2026-06-26T23:59:59.9970,"[marine mammal protection act, clean water act, national environmental policy act, record of decision, coastal zone management act, clean air act, finding of no significant impact, nepa]",https://www.usajobs.gov/job/873931700
ENVIRONMENTAL PROTECTION SPECIALIST,"Commander, Navy Installations Command",Department of the Navy,0028,2026-07-09T00:00:00.0000,2026-07-23T23:59:59.9970,[rcra],https://www.usajobs.gov/job/875678800
ENVIRONMENTAL PROTECTION SPECIALIST,"Commander, Navy Installations Command",Department of the Navy,0028,2026-07-21T00:00:00.0000,2026-08-04T23:59:59.9970,[rcra],https://www.usajobs.gov/job/877244700
ENVIRONMENTAL PROTECTION SPECIALIST,"Commander, Navy Installations Command",Department of the Navy,0028,2026-07-16T00:00:00.0000,2026-07-29T23:59:59.9970,[environmental compliance],https://www.usajobs.gov/job/876271900
ENVIRONMENTAL PROTECTION SPECIALIST,"Commander, Navy Installations Command",Department of the Navy,0028,2026-07-16T00:00:00.0000,2026-07-29T23:59:59.9970,[environmental compliance],https://www.usajobs.gov/job/876290000
ENVIRONMENTAL PROTECTION SPECIALIST,"Commander, Navy Installations Command",Department of the Navy,0028,2026-07-17T00:00:00.0000,2026-07-30T23:59:59.9970,[environmental compliance],https://www.usajobs.gov/job/876808800
ENVIRONMENTAL PROTECTION SPECIALIST,"Commander, Navy Installations Command",Department of the Navy,0028,2026-05-13T00:00:00.0000,2026-05-27T23:59:59.9970,[environmental compliance],https://www.usajobs.gov/job/868473600
FIRE PROTECTION INSPECTOR,"Commander, Navy Installations Command",Department of the Navy,0081,2026-07-08T00:00:00.0000,2026-07-14T23:59:59.9970,[permit issuance],https://www.usajobs.gov/job/875606900
INSTALLATION ENVIRONMENTAL PLANNER,"Commander, Navy Installations Command",Department of the Navy,0020 | 0401,2026-06-15T00:00:00.0000,2026-06-26T23:59:59.9970,"[nepa, environmental compliance]",https://www.usajobs.gov/job/872894900
INTERDISCIPLINARY - COM PLAN/NAT RES SPEC/ENV ENG/PHYS SCI,"Commander, Navy Installations Command",Department of the Navy,0020 | 0401 | 0819 | 1301,2026-06-18T00:00:00.0000,2026-06-25T23:59:59.9970,"[nepa, national environmental policy act]",https://www.usajobs.gov/job/873491800
INTERDISCIPLINARY BIOLOGIST/ENVIRONMENTAL ENGINEER/PHYSICAL SCIENTIST,"Commander, Navy Installations Command",Department of the Navy,0401 | 0819 | 1301,2026-07-20T00:00:00.0000,2026-08-03T23:59:59.9970,"[environmental compliance, nepa]",https://www.usajobs.gov/job/876901700
INTERDISCIPLINARY ENGINEER,"Commander, Navy Installations Command",Department of the Navy,0819 | 1301,2026-07-28T00:00:00.0000,2026-08-06T23:59:59.9970,"[environmental compliance, cercla, clean water act, rcra]",https://www.usajobs.gov/job/878135400
INTERDISCIPLINARY ENVIRONMENTAL ENGINEER/BIOLOGICAL SCIENTIST/PHYSICAL SCIENTIST,"Commander, Navy Installations Command",Department of the Navy,0401 | 0819 | 1301,2026-07-23T00:00:00.0000,2026-07-29T23:59:59.9970,"[environmental compliance, rcra, clean water act, nepa, national environmental policy act]",https://www.usajobs.gov/job/877621400
INTERDISCIPLINARY ENVIRONMENTAL ENGINEER/GEN BIOLOGICAL SCIENCE/GEN PHYSICAL SCIENCE,"Commander, Navy Installations Command",Department of the Navy,0401 | 0819 | 1301,2026-05-13T15:34:18.7700,2026-05-18T23:59:59.9970,"[permit applications, nepa, national environmental policy act, environmental compliance]",https://www.usajobs.gov/job/869223800
INTERDISCIPLINARY ENVIRONMENTAL ENGINEER/PHYSICAL SCIENTIST,"Commander, Navy Installations Command",Department of the Navy,0819 | 1301,2026-07-30T00:00:00.0000,2026-08-10T23:59:59.9970,[environmental compliance],https://www.usajobs.gov/job/878497400
INTERDISCIPLINARY ENVIRONMENTAL ENGINEER/PHYSICAL SCIENTIST,"Commander, Navy Installations Command",Department of the Navy,0819 | 1301,2026-07-08T10:05:32.9470,2026-07-14T23:59:59.9970,[environmental compliance],https://www.usajobs.gov/job/875686900
INTERDISCIPLINARY ENVIRONMENTAL PROGRAM MANAGER,"Commander, Navy Installations Command",Department of the Navy,0401 | 0819 | 1301,2026-06-25T08:43:31.8800,2026-07-02T23:59:59.9970,"[permit applications, environmental compliance]",https://www.usajobs.gov/job/874296200
INTERDISCIPLINARY ENVIRONMENTAL PROGRAM MANAGER,"Commander, Navy Installations Command",Department of the Navy,0401 | 0819 | 1301,2026-07-23T00:00:00.0000,2026-07-30T23:59:59.9970,"[permit applications, environmental compliance]",https://www.usajobs.gov/job/877649200
INTERDISCIPLINARY ENVIRONMENTAL PROGRAM MANAGER,"Commander, Navy Installations Command",Department of the Navy,0401 | 0819 | 1301,2026-06-25T00:00:00.0000,2026-07-01T23:59:59.9970,"[permit applications, environmental compliance]",https://www.usajobs.gov/job/874106900
INTERDISCIPLINARY ENVIRONMENTAL PROGRAM MANAGER,"Commander, Navy Installations Command",Department of the Navy,0401 | 0819 | 1301,2026-07-01T00:00:00.0000,2026-07-08T23:59:59.9970,"[permit applications, environmental compliance]",https://www.usajobs.gov/job/874936500
INTERDISCIPLINARY ENVIRONMENTAL PROGRAM MANAGER,"Commander, Navy Installations Command",Department of the Navy,0401 | 0819 | 1301,2026-07-01T00:00:00.0000,2026-07-08T23:59:59.9970,"[permit applications, environmental compliance]",https://www.usajobs.gov/job/874945400
"Interdisciplinary Environmental Engineer, Chemist/Toxicologist/Geologist/ Physical Scientist/","Commander, Navy Installations Command",Department of the Navy,0415 | 0819 | 1301 | 1320 | 1350,2026-05-18T00:00:00.0000,2026-05-26T23:59:59.9970,[environmental compliance],https://www.usajobs.gov/job/869043200
PHYSICAL SCIENTIST,"Commander, Navy Installations Command",Department of the Navy,1301,2026-06-11T08:08:17.0100,2026-06-22T23:59:59.9970,"[nepa, national environmental policy act, environmental compliance]",https://www.usajobs.gov/job/872586900
SUPERVISORY FUELS SPECIALIST,"Commander, Navy Installations Command",Department of the Navy,1601,2026-07-17T00:00:00.0000,2026-07-23T23:59:59.9970,[environmental compliance],https://www.usajobs.gov/job/876812800
SUPERVISORY INTERDISCIPLINARY,"Commander, Navy Installations Command",Department of the Navy,0401 | 0819 | 1301,2026-07-13T00:00:00.0000,2026-07-20T23:59:59.9970,[environmental compliance],https://www.usajobs.gov/job/875661800
SUPV ENVIROMENTAL ENGINEER/SUPV NATURAL RESOURCES SPECIALIST/SUPV PHYSICAL SCIENTIST,"Commander, Navy Installations Command",Department of the Navy,0401 | 0819 | 1301,2026-06-29T00:00:00.0000,2026-07-07T23:59:59.9970,"[nepa, national environmental policy act, environmental compliance]",https://www.usajobs.gov/job/874762900
SUPV Environmental Engineer/Natural Resources Specialist/Physical Scientist,"Commander, Navy Installations Command",Department of the Navy,0401 | 0819 | 1301,2026-06-15T00:00:00.0000,2026-06-22T23:59:59.9970,[environmental compliance],https://www.usajobs.gov/job/872913800
Site Manager,"Commander, Navy Installations Command",Department of the Navy,1101,2026-07-13T14:01:08.0630,2026-07-17T23:59:59.9970,[environmental compliance],https://www.usajobs.gov/job/876303100
Supervisory Facility Operations Specialist,"Commander, Navy Installations Command",Department of the Navy,1640,2026-07-14T06:31:15.7700,2026-07-20T23:59:59.9970,[environmental compliance],https://www.usajobs.gov/job/876364400
Environmental Protection Specialist,DHS Headquarters,Department of Homeland Security,0028,2026-06-08T07:19:29.3330,2026-06-12T23:59:59.9970,"[section 7 consultation, environmental compliance, section 106, national environmental policy act]",https://www.usajobs.gov/job/872054700
ATTORNEY-ADVISOR (LABOR),Defense Commissary Agency,Department of Defense,0905,2026-05-28T09:53:24.5400,2026-06-22T23:59:59.9970,[permitting],https://www.usajobs.gov/job/870838100
Environmental Protection Specialist,Defense Logistics Agency,Department of Defense,0028,2026-05-19T10:42:49.0530,2026-05-29T23:59:59.9970,"[nepa, environmental compliance]",https://www.usajobs.gov/job/869860500
Environmental Protection Specialist,Defense Logistics Agency,Department of Defense,0028,2026-06-24T16:48:41.4670,2026-07-10T23:59:59.9970,[environmental compliance],https://www.usajobs.gov/job/874254900
Environmental Protection Specialist,Defense Logistics Agency,Department of Defense,0028,2026-06-25T08:18:19.1400,2026-07-04T23:59:59.9970,"[environmental compliance, cercla, rcra]",https://www.usajobs.gov/job/874290700
Environmental Protection Specialist,Defense Logistics Agency,Department of Defense,0028,2026-06-25T15:53:52.8670,2026-07-05T23:59:59.9970,"[nepa, national environmental policy act, environmental compliance]",https://www.usajobs.gov/job/874423100
Environmental Protection Specialist,Defense Logistics Agency,Department of Defense,0028,2026-06-25T17:17:25.0300,2026-07-05T23:59:59.9970,"[permit applications, permitting]",https://www.usajobs.gov/job/874442800
Environmental Protection Specialist,Defense Logistics Agency,Department of Defense,0028,2026-07-28T15:48:12.1930,2026-08-07T23:59:59.9970,"[cercla, rcra, environmental compliance]",https://www.usajobs.gov/job/878339700
Environmental Protection Specialist,Defense Logistics Agency,Department of Defense,0028,2026-06-17T15:41:15.7030,2026-06-28T23:59:59.9970,"[permit applications, permitting]",https://www.usajobs.gov/job/873512600
Environmental Protection Specialist (Instructor),Defense Logistics Agency,Department of Defense,0028,2026-05-29T13:32:01.7030,2026-06-05T23:59:59.9970,[rcra],https://www.usajobs.gov/job/871082800
General Engineer,Defense Logistics Agency,Department of Defense,0801,2026-06-09T16:50:34.8970,2026-06-22T23:59:59.9970,[environmental compliance],https://www.usajobs.gov/job/872421200
Reserve Planner (ODS/HFC),Defense Logistics Agency,Department of Defense,0301,2026-07-22T11:38:55.9700,2026-07-31T23:59:59.9970,[clean air act],https://www.usajobs.gov/job/877558600
Supervisory Environmental Protection Specialist,Defense Logistics Agency,Department of Defense,0028,2026-05-18T08:52:57.7600,2026-05-31T23:59:59.9970,[environmental compliance],https://www.usajobs.gov/job/869671700
ARCHEOLOGIST,Department of Agriculture,Department of Agriculture,0193,2026-05-08T15:21:22.0500,2026-05-15T23:59:59.9970,[environmental review],https://www.usajobs.gov/job/868621200
Agricultural Program Specialist,Department of Agriculture,Department of Agriculture,1145,2026-02-11T06:54:49.4530,2026-02-18T23:59:59.9970,"[nepa, environmental compliance]",https://www.usajobs.gov/job/857277700
Air Quality Specialist/Physical Scientist (Fire Support),Department of Agriculture,Department of Agriculture,0401 | 1301,2026-03-30T00:00:00.0000,2026-04-09T23:59:59.9970,"[clean air act, nepa, national environmental policy act]",https://www.usajobs.gov/job/862765900
Archeologist,Department of Agriculture,Department of Agriculture,0193,2026-04-21T00:00:00.0000,2026-04-27T23:59:59.9970,"[nepa, national environmental policy act, section 106]",https://www.usajobs.gov/job/865686800
Archeologist (DETAIL/TEMP PROMOTION NTE 1 YEAR),Department of Agriculture,Department of Agriculture,0193,2026-04-06T00:00:00.0000,2026-04-10T23:59:59.9970,[section 106],https://www.usajobs.gov/job/863803500
Attorney Advisor (Senior Counsel),Department of Agriculture,Department of Agriculture,0905,2026-05-11T00:00:00.0000,2026-06-01T23:59:59.9970,"[national environmental policy act, permitting]",https://www.usajobs.gov/job/868542800
Biological Science Laboratory Technician (Microbiology) (Highly Pathogenic Avian Influenza),Department of Agriculture,Department of Agriculture,0404,2025-07-28T00:00:00.0000,2025-08-05T23:59:59.9970,[permits and licenses],https://www.usajobs.gov/job/841766800
Biological Science Technician,Department of Agriculture,Department of Agriculture,0404,2025-09-05T00:00:00.0000,2025-09-11T23:59:59.9970,[national environmental policy act],https://www.usajobs.gov/job/845071900
ENVIRONMENTAL PROTECTION SPECIALIST,Department of Agriculture,Department of Agriculture,0028,2026-03-05T08:05:00.4330,2026-03-11T23:59:59.9970,[permit applications],https://www.usajobs.gov/job/859936500
Entomologist,Department of Agriculture,Department of Agriculture,0414,2025-07-07T00:00:00.0000,2025-07-11T23:59:59.9970,[permitting],https://www.usajobs.gov/job/839672600
Environmental Protection Specialist,Department of Agriculture,Department of Agriculture,0028,2026-02-20T00:00:00.0000,2026-02-26T23:59:59.9970,"[nepa, environmental compliance]",https://www.usajobs.gov/job/858115200
Environmental Protection Specialist,Department of Agriculture,Department of Agriculture,0028,2026-03-05T00:00:00.0000,2026-03-11T23:59:59.9970,[environmental compliance],https://www.usajobs.gov/job/859832500
Forester,Department of Agriculture,Department of Agriculture,0460,2026-04-21T00:00:00.0000,2026-04-27T23:59:59.9970,[environmental assessment],https://www.usajobs.gov/job/865684200
Forestry Technician,Department of Agriculture,Department of Agriculture,0462,2026-01-14T12:53:35.8670,2026-01-26T23:59:59.9970,[nepa],https://www.usajobs.gov/job/854490700
Forestry Technician (Recreation),Department of Agriculture,Department of Agriculture,0462,2025-08-08T00:00:00.0000,2025-08-22T23:59:59.9970,[special use permit],https://www.usajobs.gov/job/842761400
Forestry Technician (Recreation),Department of Agriculture,Department of Agriculture,0462,2025-07-01T00:00:00.0000,2025-07-14T23:59:59.9970,[special use permit],https://www.usajobs.gov/job/839732500
Forestry Technician (Recreation),Department of Agriculture,Department of Agriculture,0462,2026-04-21T00:00:00.0000,2026-04-27T23:59:59.9970,[special use permit],https://www.usajobs.gov/job/865683600
"Forestry Technician (Recreation, Timber, Range)",Department of Agriculture,Department of Agriculture,0462,2026-02-20T00:00:00.0000,2026-03-03T23:59:59.9970,[nepa],https://www.usajobs.gov/job/858181300
"Forestry Technician (Recreation, Timber, Range)",Department of Agriculture,Department of Agriculture,0462,2026-02-20T00:00:00.0000,2026-03-03T23:59:59.9970,"[nepa, special use permit]",https://www.usajobs.gov/job/858181800
"Forestry Technician (Recreation, Timber, Range) - Firearms Bearing",Department of Agriculture,Department of Agriculture,0462,2026-02-20T00:00:00.0000,2026-03-03T23:59:59.9970,"[nepa, special use permit]",https://www.usajobs.gov/job/858176100
Forestry Technician (Timber Sale Administration),Department of Agriculture,Department of Agriculture,0462,2026-04-21T00:00:00.0000,2026-04-27T23:59:59.9970,[nepa],https://www.usajobs.gov/job/865694100
Forestry Technician (Timber Sale Administration),Department of Agriculture,Department of Agriculture,0462,2026-04-21T00:00:00.0000,2026-04-27T23:59:59.9970,"[environmental assessment, environmental compliance]",https://www.usajobs.gov/job/865660800
Forestry Technician - Prevention - Wildland Firefighter,Department of Agriculture,Department of Agriculture,0456,2025-08-22T00:00:00.0000,2025-09-23T23:59:59.9970,[special use permit],https://www.usajobs.gov/job/844040000
NEPA Planner,Department of Agriculture,Department of Agriculture,0401,2026-04-21T00:00:00.0000,2026-04-27T23:59:59.9970,"[national environmental policy act, nepa]",https://www.usajobs.gov/job/865699600
Natural Resource Specialist/Physical Scientist (Fire Support),Department of Agriculture,Department of Agriculture,0401 | 1301,2026-03-30T00:00:00.0000,2026-04-09T23:59:59.9970,"[nepa, national environmental policy act]",https://www.usajobs.gov/job/862762800
PPQ Officer (Pest Identification),Department of Agriculture,Department of Agriculture,0401,2025-08-01T00:00:00.0000,2025-08-07T23:59:59.9970,[permitting],https://www.usajobs.gov/job/842183300
Physical Science Technician,Department of Agriculture,Department of Agriculture,1311,2026-04-21T00:00:00.0000,2026-04-27T23:59:59.9970,[permitting],https://www.usajobs.gov/job/865694700
Physical Scientist (Environmental),Department of Agriculture,Department of Agriculture,1301,2025-09-12T00:00:00.0000,2025-09-18T23:59:59.9970,"[environmental compliance, clean air act, clean water act]",https://www.usajobs.gov/job/845758500
Plant Protection Technician,Department of Agriculture,Department of Agriculture,0421,2025-09-09T00:00:00.0000,2025-09-15T23:59:59.9970,[permitting],https://www.usajobs.gov/job/845066900
Plant Protection Technician,Department of Agriculture,Department of Agriculture,0421,2025-08-01T00:00:00.0000,2025-08-07T23:59:59.9970,[permitting],https://www.usajobs.gov/job/842148300
Plant Protection Technician,Department of Agriculture,Department of Agriculture,0421,2026-05-01T00:00:00.0000,2026-05-07T23:59:59.9970,[permitting],https://www.usajobs.gov/job/867475400
Plant Protection Technician (TERM),Department of Agriculture,Department of Agriculture,0421,2026-04-30T00:00:00.0000,2026-05-06T23:59:59.9970,[permitting],https://www.usajobs.gov/job/867291700
Plant Protection and Quarantine Officer (Plant Health Safeguarding Specialist),Department of Agriculture,Department of Agriculture,0401,2025-09-08T00:00:00.0000,2025-09-12T23:59:59.9970,[permitting],https://www.usajobs.gov/job/845201700
Realty Specialist,Department of Agriculture,Department of Agriculture,1170,2026-04-21T00:00:00.0000,2026-04-27T23:59:59.9970,[rights-of-way],https://www.usajobs.gov/job/865690100
Realty Specialist,Department of Agriculture,Department of Agriculture,1170,2026-04-21T00:00:00.0000,2026-04-27T23:59:59.9970,"[environmental assessment, rights-of-way]",https://www.usajobs.gov/job/865693200
Recreation Management Specialist,Department of Agriculture,Department of Agriculture,0301,2026-04-21T00:00:00.0000,2026-04-27T23:59:59.9970,[permit applications],https://www.usajobs.gov/job/865680100
Recreation Management Specialist,Department of Agriculture,Department of Agriculture,0301,2026-04-21T00:00:00.0000,2026-04-27T23:59:59.9970,[nepa],https://www.usajobs.gov/job/865678900
Safety and Occupational Health Specialist,Department of Agriculture,Department of Agriculture,0018,2025-09-12T00:00:00.0000,2025-09-18T23:59:59.9970,[environmental compliance],https://www.usajobs.gov/job/845550200
Soil Scientist,Department of Agriculture,Department of Agriculture,0470,2026-04-21T00:00:00.0000,2026-04-27T23:59:59.9970,"[national environmental policy act, nepa]",https://www.usajobs.gov/job/865688400
Supervisory Forester,Department of Agriculture,Department of Agriculture,0460,2026-04-21T00:00:00.0000,2026-04-27T23:59:59.9970,[environmental assessment],https://www.usajobs.gov/job/865658000
Supervisory Veterinary Medical Officer,Department of Agriculture,Department of Agriculture,0701,2025-07-02T00:00:00.0000,2025-07-08T23:59:59.9970,[permitting],https://www.usajobs.gov/job/839878600
Supervisory Wildland Firefighter (Fire Engine Operation),Department of Agriculture,Department of Agriculture,0456,2026-03-10T00:00:00.0000,2026-03-19T23:59:59.9970,[nepa],https://www.usajobs.gov/job/860440400
Supervisory Wildland Firefighter - Fire Engine Operation,Department of Agriculture,Department of Agriculture,0456,2025-08-22T00:00:00.0000,2025-09-23T23:59:59.9970,[nepa],https://www.usajobs.gov/job/843986600
Supervisory Wildland Firefighter - Fire Engine Operation,Department of Agriculture,Department of Agriculture,0456,2025-08-22T00:00:00.0000,2025-09-23T23:59:59.9970,[nepa],https://www.usajobs.gov/job/844029300
Supervisory Wildlife Biologist,Department of Agriculture,Department of Agriculture,0486,2026-02-20T00:00:00.0000,2026-02-26T23:59:59.9970,"[environmental compliance, nepa, national environmental policy act]",https://www.usajobs.gov/job/858214700
Supervisory Wildlife Biologist (Assistant District Supervisor),Department of Agriculture,Department of Agriculture,0486,2026-02-18T00:00:00.0000,2026-02-24T23:59:59.9970,"[nepa, national environmental policy act]",https://www.usajobs.gov/job/857940100
Supervisory Wildlife Biologist (Assistant District Supervisor),Department of Agriculture,Department of Agriculture,0486,2026-04-09T00:00:00.0000,2026-04-15T23:59:59.9970,"[nepa, national environmental policy act]",https://www.usajobs.gov/job/864307100
Supervisory Wildlife Biologist (Assistant District Supervisor),Department of Agriculture,Department of Agriculture,0486,2026-02-24T00:00:00.0000,2026-03-02T23:59:59.9970,"[nepa, national environmental policy act]",https://www.usajobs.gov/job/858491300
Supervisory Wildlife Biologist (Assistant Regional Director),Department of Agriculture,Department of Agriculture,0486,2026-03-05T00:00:00.0000,2026-03-11T23:59:59.9970,[national environmental policy act],https://www.usajobs.gov/job/859762600
Supervisory Wildlife Biologist (District Supervisor),Department of Agriculture,Department of Agriculture,0486,2025-09-12T00:00:00.0000,2025-09-18T23:59:59.9970,"[nepa, national environmental policy act]",https://www.usajobs.gov/job/845647400
Supervisory Wildlife Biologist (District Supervisor),Department of Agriculture,Department of Agriculture,0486,2025-09-11T00:00:00.0000,2025-09-17T23:59:59.9970,"[nepa, national environmental policy act]",https://www.usajobs.gov/job/845438900
Supervisory Wildlife Biologist (State Director),Department of Agriculture,Department of Agriculture,0486,2026-02-23T00:00:00.0000,2026-02-27T23:59:59.9970,[national environmental policy act],https://www.usajobs.gov/job/858114500
Supervisory Wildlife Biologist (State Director),Department of Agriculture,Department of Agriculture,0486,2026-02-17T00:00:00.0000,2026-02-23T23:59:59.9970,[national environmental policy act],https://www.usajobs.gov/job/857787500
Supervisory Wildlife Biologist (State Director),Department of Agriculture,Department of Agriculture,0486,2026-02-18T00:00:00.0000,2026-02-24T23:59:59.9970,"[nepa, national environmental policy act]",https://www.usajobs.gov/job/857790600
Supervisory Wildlife Biologist (State Director),Department of Agriculture,Department of Agriculture,0486,2026-03-06T00:00:00.0000,2026-03-12T23:59:59.9970,[national environmental policy act],https://www.usajobs.gov/job/860081300
Supervisory Wildlife Biologist (State Director),Department of Agriculture,Department of Agriculture,0486,2026-03-13T00:00:00.0000,2026-03-19T23:59:59.9970,[national environmental policy act],https://www.usajobs.gov/job/860746300
Supervisory Wildlife Biologist (State Director),Department of Agriculture,Department of Agriculture,0486,2026-02-26T00:00:00.0000,2026-03-04T23:59:59.9970,"[nepa, national environmental policy act]",https://www.usajobs.gov/job/858740500
Veterinary Medical Officer,Department of Agriculture,Department of Agriculture,0701,2026-04-14T00:00:00.0000,2026-04-20T23:59:59.9970,[licenses and permits],https://www.usajobs.gov/job/864716800
Veterinary Medical Officer (Import/Export),Department of Agriculture,Department of Agriculture,0701,2025-07-08T00:00:00.0000,2025-07-14T23:59:59.9970,"[permit applications, permitting]",https://www.usajobs.gov/job/840197700
Veterinary Medical Officer (Import/Export),Department of Agriculture,Department of Agriculture,0701,2026-03-10T00:00:00.0000,2026-03-16T23:59:59.9970,[permit applications],https://www.usajobs.gov/job/860324200
Wildland Firefighter (Fuels Management),Department of Agriculture,Department of Agriculture,0456,2025-08-22T00:00:00.0000,2025-09-23T23:59:59.9970,[nepa],https://www.usajobs.gov/job/844016500
Wildland Firefighter (Prevention),Department of Agriculture,Department of Agriculture,0456,2026-03-10T00:00:00.0000,2026-03-19T23:59:59.9970,[special use permit],https://www.usajobs.gov/job/860441700
Wildlife Biologist,Department of Agriculture,Department of Agriculture,0486,2025-06-30T00:00:00.0000,2025-07-07T23:59:59.9970,"[nepa, national environmental policy act]",https://www.usajobs.gov/job/839468500
Wildlife Biologist,Department of Agriculture,Department of Agriculture,0486,2025-09-10T00:00:00.0000,2025-09-16T23:59:59.9970,"[national environmental policy act, permitting, nepa]",https://www.usajobs.gov/job/845431800
Wildlife Biologist,Department of Agriculture,Department of Agriculture,0486,2026-04-21T00:00:00.0000,2026-04-27T23:59:59.9970,[environmental assessment],https://www.usajobs.gov/job/865677600
Wildlife Biologist,Department of Agriculture,Department of Agriculture,0486,2026-04-21T00:00:00.0000,2026-04-27T23:59:59.9970,[environmental assessment],https://www.usajobs.gov/job/865682700
Wildlife Biologist,Department of Agriculture,Department of Agriculture,0486,2026-04-21T00:00:00.0000,2026-04-27T23:59:59.9970,[nepa],https://www.usajobs.gov/job/865697800
Attorney Advisor (International) (Public Notice Flyer),Department of Commerce,Department of Commerce,0905,2026-04-28T00:00:00.0000,2026-06-27T23:59:59.9970,[permitting],https://www.usajobs.gov/job/866845800
Attorney Advisor(International) (Public Notice Flyer),Department of Commerce,Department of Commerce,0905,2026-02-03T13:41:29.5130,2026-03-05T23:59:59.9970,[permitting],https://www.usajobs.gov/job/856381200
Civil Engineer (PUBLIC NOTICE FLYER),Department of Commerce,Department of Commerce,0810,2025-08-14T00:00:00.0000,2025-08-21T23:59:59.9970,"[clean air act, section 106]",https://www.usajobs.gov/job/843347600
Civil Engineer (PUBLIC NOTICE FLYER),Department of Commerce,Department of Commerce,0810,2026-02-11T12:10:39.6100,2026-02-18T23:59:59.9970,"[clean air act, section 106]",https://www.usajobs.gov/job/857353800
Environmental Protection Specialist (PUBLIC NOTICE FLYER),Department of Commerce,Department of Commerce,0028,2025-08-14T00:00:00.0000,2025-08-21T23:59:59.9970,"[environmental impact statement, nepa, environmental assessment, categorical exclusion, environmental review, environmental compliance]",https://www.usajobs.gov/job/843347700
General Attorney (Public Notice Flyer),Department of Commerce,Department of Commerce,0905,2026-03-10T10:05:09.4470,2026-04-10T23:59:59.9970,[environmental compliance],https://www.usajobs.gov/job/860508900
Chemist,Department of Defense,Department of Defense,1320,2025-07-30T14:28:28.8200,2025-08-10T23:59:59.9970,[environmental compliance],https://www.usajobs.gov/job/842056100
Civil Engineer - Facilities - Entry to Experienced Level (Maryland),Department of Defense,Department of Defense,0132,2025-12-15T07:40:04.4900,2025-12-28T23:59:59.9970,[permitting],https://www.usajobs.gov/job/852406000
Civil Engineer - Facilities - Entry to Experienced Level (Maryland),Department of Defense,Department of Defense,0132,2026-04-07T12:10:12.2230,2026-04-20T23:59:59.9970,[permitting],https://www.usajobs.gov/job/864185800
Civil Engineer - Facilities - Mid to Experienced Level (Maryland),Department of Defense,Department of Defense,0132,2025-09-22T09:04:22.1730,2025-09-28T23:59:59.9970,[permitting],https://www.usajobs.gov/job/846550100
DIRECTOR OF FACILITY ENGINEERING,Department of Defense,Department of Defense,0801,2026-03-04T11:33:03.7300,2026-03-17T23:59:59.9970,[environmental compliance],https://www.usajobs.gov/job/859801700
DIRECTOR OF FACILITY ENGINEERING,Department of Defense,Department of Defense,0801,2026-03-06T11:58:11.2500,2026-03-17T23:59:59.9970,[environmental compliance],https://www.usajobs.gov/job/860186600
Dietitian,Department of Defense,Department of Defense,0630,2026-04-03T00:00:00.0000,2026-04-09T23:59:59.9970,[environmental assessment],https://www.usajobs.gov/job/863371800
Environmental Engineer,Department of Defense,Department of Defense,0819,2025-12-12T07:50:46.7400,2025-12-21T23:59:59.9970,[environmental compliance],https://www.usajobs.gov/job/852285700
Environmental Engineer,Department of Defense,Department of Defense,0819,2026-04-13T12:46:51.7900,2026-04-17T23:59:59.9970,"[cercla, national environmental policy act, rcra, nepa, clean water act, environmental compliance]",https://www.usajobs.gov/job/864938800
Environmental Engineer,Department of Defense,Department of Defense,0819,2026-03-10T11:46:21.6230,2026-03-17T23:59:59.9970,"[cercla, clean water act, clean air act, nepa, rcra, environmental compliance]",https://www.usajobs.gov/job/860536400
Environmental Protection Specialist,Department of Defense,Department of Defense,0028,2025-10-21T14:01:55.5270,2025-10-31T23:59:59.9970,[environmental compliance],https://www.usajobs.gov/job/848570100
Environmental Protection Specialist,Department of Defense,Department of Defense,0028,2025-07-30T09:03:50.8270,2025-08-10T23:59:59.9970,[environmental compliance],https://www.usajobs.gov/job/841985700
Environmental Protection Specialist,Department of Defense,Department of Defense,0028,2025-07-03T09:00:04.2770,2025-07-09T23:59:59.9970,[environmental compliance],https://www.usajobs.gov/job/840050400
Environmental Protection Specialist,Department of Defense,Department of Defense,0028,2025-10-24T13:06:33.9570,2025-11-02T23:59:59.9970,[environmental compliance],https://www.usajobs.gov/job/848848500
Environmental Protection Specialist,Department of Defense,Department of Defense,0028,2025-08-04T16:14:20.4370,2025-08-11T23:59:59.9970,[environmental compliance],https://www.usajobs.gov/job/842450800
Environmental Protection Specialist,Department of Defense,Department of Defense,0028,2025-07-23T13:37:41.2370,2025-07-29T23:59:59.9970,"[environmental compliance, environmental assessment]",https://www.usajobs.gov/job/841443700
Environmental Protection Specialist,Department of Defense,Department of Defense,0028,2025-07-14T16:16:02.5330,2025-07-20T23:59:59.9970,[environmental compliance],https://www.usajobs.gov/job/840690800
Environmental Protection Specialist,Department of Defense,Department of Defense,0028,2025-07-08T09:44:50.1300,2025-07-15T23:59:59.9970,[environmental compliance],https://www.usajobs.gov/job/840223100
Environmental Protection Specialist,Department of Defense,Department of Defense,0028,2025-07-14T00:00:00.0000,2025-07-20T23:59:59.9970,[environmental compliance],https://www.usajobs.gov/job/840682200
Environmental Protection Specialist,Department of Defense,Department of Defense,0028,2025-08-01T17:22:34.6930,2025-08-10T23:59:59.9970,[environmental compliance],https://www.usajobs.gov/job/842342000
Environmental Protection Specialist,Department of Defense,Department of Defense,0028,2025-07-10T08:57:23.7700,2025-07-20T23:59:59.9970,[environmental compliance],https://www.usajobs.gov/job/840421100
Environmental Protection Specialist,Department of Defense,Department of Defense,0028,2026-01-27T13:36:48.8500,2026-02-06T23:59:59.9970,"[permit applications, permitting]",https://www.usajobs.gov/job/855615300
Environmental Protection Specialist,Department of Defense,Department of Defense,0028,2026-04-06T06:41:55.1600,2026-04-13T23:59:59.9970,"[environmental compliance, nepa, national environmental policy act]",https://www.usajobs.gov/job/863951700
Environmental Protection Specialist,Department of Defense,Department of Defense,0028,2026-04-30T15:28:45.3530,2026-05-08T23:59:59.9970,"[environmental compliance, cercla, rcra]",https://www.usajobs.gov/job/867461000
Environmental Protection Specialist,Department of Defense,Department of Defense,0028,2026-02-09T09:51:07.6030,2026-02-18T23:59:59.9970,[environmental compliance],https://www.usajobs.gov/job/856968100
Environmental Protection Specialist,Department of Defense,Department of Defense,0028,2026-04-23T16:17:26.6270,2026-05-01T23:59:59.9970,"[environmental compliance, cercla, rcra]",https://www.usajobs.gov/job/866513700
Environmental Protection Specialist,Department of Defense,Department of Defense,0028,2026-03-10T07:59:22.3070,2026-03-20T23:59:59.9970,"[environmental compliance, cercla, rcra]",https://www.usajobs.gov/job/860479600
Environmental Protection Specialist,Department of Defense,Department of Defense,0028,2026-01-15T13:56:19.5200,2026-01-23T23:59:59.9970,"[environmental compliance, cercla, rcra]",https://www.usajobs.gov/job/854660300
Environmental Protection Specialist,Department of Defense,Department of Defense,0028,2026-04-30T13:04:53.5830,2026-05-09T23:59:59.9970,"[permit applications, permitting]",https://www.usajobs.gov/job/867418300
Environmental Protection Specialist (Instructor),Department of Defense,Department of Defense,0028,2026-01-13T10:20:28.5600,2026-01-26T23:59:59.9970,[rcra],https://www.usajobs.gov/job/854296100
Intelligence Operations Specialist,Department of Defense,Department of Defense,0132,2026-03-13T08:21:27.5330,2026-03-18T23:59:59.9970,[permitting],https://www.usajobs.gov/job/861053700
Management and Program Analyst (Facilities),Department of Defense,Department of Defense,0343,2025-12-11T16:34:32.8670,2025-12-19T23:59:59.9970,[environmental compliance],https://www.usajobs.gov/job/852266200
Realty Specialist,Department of Defense,Department of Defense,1170,2025-12-03T09:27:38.0100,2025-12-12T23:59:59.9970,[environmental compliance],https://www.usajobs.gov/job/851422000
Safety Specialist - Mid to Experienced Level (MD / HI),Department of Defense,Department of Defense,0132,2026-03-19T11:49:42.6700,2026-04-09T23:59:59.9970,"[nepa, national environmental policy act, environmental compliance]",https://www.usajobs.gov/job/861796100
Supervisory Commissary Management Specialist (Zone Manager),Department of Defense,Department of Defense,1144,2026-01-30T12:04:02.9100,2026-02-09T23:59:59.9970,[permitting],https://www.usajobs.gov/job/856070000
Supervisory Environmental Management Specialist,Department of Defense,Department of Defense,0401,2025-07-30T13:35:34.0830,2025-08-15T23:59:59.9970,"[nepa, national environmental policy act, environmental compliance]",https://www.usajobs.gov/job/842040500
Supervisory Events & Space Use Coordinator,Department of Defense,Department of Defense,1101,2026-04-06T00:00:00.0000,2026-04-10T23:59:59.9970,[permitting],https://www.usajobs.gov/job/863871300
Archeologist,Department of Energy,Department of Energy,0193,2025-10-17T13:47:01.1430,2025-10-26T23:59:59.9970,"[nepa, national environmental policy act]",https://www.usajobs.gov/job/848361400
Archeologist,Department of Energy,Department of Energy,0193,2025-09-03T10:37:52.3930,2025-09-14T23:59:59.9970,"[nepa, national environmental policy act]",https://www.usajobs.gov/job/844878400
Archeologist,Department of Energy,Department of Energy,0193,2025-10-17T13:45:05.0100,2025-10-26T23:59:59.9970,"[nepa, national environmental policy act]",https://www.usajobs.gov/job/848366800
Archeologist,Department of Energy,Department of Energy,0193,2025-09-12T10:31:52.9530,2025-09-21T23:59:59.9970,"[national environmental policy act, section 106]",https://www.usajobs.gov/job/845804900
Archeologist,Department of Energy,Department of Energy,0193,2025-09-03T10:38:22.2170,2025-09-14T23:59:59.9970,"[nepa, national environmental policy act]",https://www.usajobs.gov/job/844874600
Archeologist,Department of Energy,Department of Energy,0193,2026-03-16T12:22:46.7500,2026-03-25T23:59:59.9970,"[nepa, national environmental policy act]",https://www.usajobs.gov/job/861280300
Archeologist,Department of Energy,Department of Energy,0193,2026-01-14T14:11:03.2870,2026-01-23T23:59:59.9970,"[national environmental policy act, nepa]",https://www.usajobs.gov/job/854511200
Archeologist,Department of Energy,Department of Energy,0193,2026-02-12T13:10:12.3100,2026-02-23T23:59:59.9970,"[section 106, nepa]",https://www.usajobs.gov/job/857526100
Archeologist,Department of Energy,Department of Energy,0193,2026-03-16T12:23:04.2200,2026-03-25T23:59:59.9970,"[nepa, national environmental policy act]",https://www.usajobs.gov/job/861280500
Attorney-Adviser (Public Utilities),Department of Energy,Department of Energy,0905,2026-01-26T09:16:23.8670,2026-02-05T23:59:59.9970,[national environmental policy act],https://www.usajobs.gov/job/855412000
Biologist,Department of Energy,Department of Energy,0401,2026-02-27T14:07:36.0370,2026-03-16T23:59:59.9970,"[clean water act, nepa, national environmental policy act]",https://www.usajobs.gov/job/859329000
"Deputy Associate General Counsel, Energy Projects",Department of Energy,Department of Energy,0905,2026-03-25T09:42:20.7800,2026-04-08T23:59:59.9970,"[coastal zone management act, national environmental policy act, clean water act, permitting]",https://www.usajobs.gov/job/862469200
"Deputy Manager, Carlsbad Field Office",Department of Energy,Department of Energy,0340,2026-04-01T07:43:58.0730,2026-04-15T23:59:59.9970,[permitting],https://www.usajobs.gov/job/863409000
Director Technical and Environment Division,Department of Energy,Department of Energy,0340,2026-01-26T10:06:14.7700,2026-02-09T23:59:59.9970,[environmental compliance],https://www.usajobs.gov/job/855420400
District Operations and Maintenance Manager,Department of Energy,Department of Energy,1601,2025-10-08T11:36:07.7100,2025-10-17T23:59:59.9970,[clean water act],https://www.usajobs.gov/job/845813000
District Operations and Maintenance Manager,Department of Energy,Department of Energy,1601,2026-02-06T09:16:58.8870,2026-02-15T23:59:59.9970,[clean water act],https://www.usajobs.gov/job/856802100
Environmental Biologist,Department of Energy,Department of Energy,0401,2026-02-10T14:18:13.4970,2026-02-19T23:59:59.9970,[nepa],https://www.usajobs.gov/job/857203900
Environmental Biologist,Department of Energy,Department of Energy,0401,2026-03-18T07:10:37.9270,2026-03-27T23:59:59.9970,"[permit applications, nepa]",https://www.usajobs.gov/job/861556700
Environmental Protection Specialist,Department of Energy,Department of Energy,0028,2026-05-07T00:00:00.0000,2026-05-18T23:59:59.9970,"[clean water act, clean air act, rcra, environmental compliance]",https://www.usajobs.gov/job/868142700
Environmental Protection Specialist,Department of Energy,Department of Energy,0028,2026-03-04T00:00:00.0000,2026-03-13T23:59:59.9970,"[environmental compliance, nepa, national environmental policy act]",https://www.usajobs.gov/job/859720700
Environmental Protection Specialist,Department of Energy,Department of Energy,0028,2026-03-09T10:07:44.8730,2026-03-23T23:59:59.9970,"[clean water act, clean air act, rcra, environmental compliance]",https://www.usajobs.gov/job/860328100
Environmental Protection Specialist,Department of Energy,Department of Energy,0028,2026-01-16T11:58:36.3700,2026-01-25T23:59:59.9970,"[environmental compliance, clean air act, clean water act, national environmental policy act]",https://www.usajobs.gov/job/854771200
Environmental Protection Specialist,Department of Energy,Department of Energy,0028,2026-03-04T00:00:00.0000,2026-03-13T23:59:59.9970,"[environmental compliance, nepa, national environmental policy act]",https://www.usajobs.gov/job/859726800
Environmental Protection Specialist (NEPA Coordinator),Department of Energy,Department of Energy,0028,2025-10-08T11:48:43.0630,2025-10-20T23:59:59.9970,"[national environmental policy act, nepa]",https://www.usajobs.gov/job/847758300
Environmental Protection Specialist (NEPA Coordinator),Department of Energy,Department of Energy,0028,2025-10-08T11:39:52.3530,2025-10-20T23:59:59.9970,"[national environmental policy act, nepa]",https://www.usajobs.gov/job/847756500
Equipment Operator (Intermediate Trainee),Department of Energy,Department of Energy,4741,2026-01-22T00:00:00.0000,2026-02-02T23:59:59.9970,[rights-of-way],https://www.usajobs.gov/job/855096700
Executive Vice President for Environment Fish and Wildlife,Department of Energy,Department of Energy,0340,2026-02-27T00:00:00.0000,2026-03-16T23:59:59.9970,[environmental compliance],https://www.usajobs.gov/job/859204400
Fish and Wildlife Administrator,Department of Energy,Department of Energy,0480,2026-03-06T00:00:00.0000,2026-03-20T23:59:59.9970,"[section 7 consultation, nepa, national environmental policy act]",https://www.usajobs.gov/job/860203400
Fish and Wildlife Administrator,Department of Energy,Department of Energy,0480,2026-04-09T00:00:00.0000,2026-04-18T23:59:59.9970,[environmental compliance],https://www.usajobs.gov/job/864393600
Fish and Wildlife Administrator,Department of Energy,Department of Energy,0480,2026-04-13T00:00:00.0000,2026-04-22T23:59:59.9970,"[environmental compliance, biological opinion]",https://www.usajobs.gov/job/864833600
Fish and Wildlife Administrator,Department of Energy,Department of Energy,0480,2026-04-09T00:00:00.0000,2026-04-18T23:59:59.9970,[environmental compliance],https://www.usajobs.gov/job/864393500
Fish and Wildlife Administrator,Department of Energy,Department of Energy,0480,2026-03-06T00:00:00.0000,2026-03-20T23:59:59.9970,"[section 7 consultation, nepa, national environmental policy act]",https://www.usajobs.gov/job/860203300
General Engineer,Department of Energy,Department of Energy,0801,2026-01-21T12:49:15.4700,2026-01-30T23:59:59.9970,[nepa],https://www.usajobs.gov/job/855028100
General Engineer,Department of Energy,Department of Energy,0801,2026-05-06T15:15:31.7200,2026-05-15T23:59:59.9970,[nepa],https://www.usajobs.gov/job/868190200
General Engineer,Department of Energy,Department of Energy,0801,2026-01-28T10:30:41.7730,2026-02-06T23:59:59.9970,[nepa],https://www.usajobs.gov/job/855721200
General Engineer,Department of Energy,Department of Energy,0801,2026-03-18T08:37:37.9600,2026-03-27T23:59:59.9970,[nepa],https://www.usajobs.gov/job/861569100
General Engineer/Physical Scientist,Department of Energy,Department of Energy,0801 | 1301,2025-12-04T14:22:49.6100,2025-12-18T23:59:59.9970,[right-of-way],https://www.usajobs.gov/job/851630200
General Engineer/Physical Scientist,Department of Energy,Department of Energy,0801 | 1301,2026-01-02T13:10:07.2130,2026-01-12T23:59:59.9970,[environmental compliance],https://www.usajobs.gov/job/853489800
Geologist,Department of Energy,Department of Energy,1350,2026-03-18T07:05:59.0330,2026-03-27T23:59:59.9970,[nepa],https://www.usajobs.gov/job/861556000
Geologist,Department of Energy,Department of Energy,1350,2026-03-19T06:07:54.9770,2026-03-30T23:59:59.9970,[nepa],https://www.usajobs.gov/job/861714800
Habitat Area Lead (Fish and Wildlife Administrator),Department of Energy,Department of Energy,0480,2026-01-06T17:17:09.1070,2026-01-15T23:59:59.9970,[nepa],https://www.usajobs.gov/job/853680500
High Voltage Electrician (Lineman),Department of Energy,Department of Energy,2810,2026-02-11T15:39:06.2470,2026-02-24T23:59:59.9970,[rights-of-way],https://www.usajobs.gov/job/857420700
High Voltage Electrician (Lineman-Aerial Observer),Department of Energy,Department of Energy,2810,2025-12-12T13:15:45.3400,2025-12-22T23:59:59.9970,"[rights-of-way, right-of-way]",https://www.usajobs.gov/job/852347300
INTERDISCIPLINARY General Engineer/Physical Scientist,Department of Energy,Department of Energy,0801 | 1301,2025-12-29T08:31:56.7170,2025-12-31T23:59:59.9970,[permitting],https://www.usajobs.gov/job/853219000
INTERDISCIPLINARY General Engineer/Physical Scientist,Department of Energy,Department of Energy,0801 | 1301,2026-02-25T08:06:54.7430,2026-03-06T23:59:59.9970,[permitting],https://www.usajobs.gov/job/858841200
Lineman,Department of Energy,Department of Energy,2810,2025-09-16T15:38:12.1230,2025-09-25T23:59:59.9970,[right-of-way],https://www.usajobs.gov/job/846146300
Lineman,Department of Energy,Department of Energy,2810,2025-09-16T15:35:31.4230,2025-09-25T23:59:59.9970,[right-of-way],https://www.usajobs.gov/job/846145700
Lineman,Department of Energy,Department of Energy,2810,2026-05-01T10:10:12.5130,2026-05-10T23:59:59.9970,[right-of-way],https://www.usajobs.gov/job/867550400
Lineman,Department of Energy,Department of Energy,2810,2026-05-01T10:12:03.6700,2026-05-10T23:59:59.9970,[right-of-way],https://www.usajobs.gov/job/867549900
Natural Resource Specialist,Department of Energy,Department of Energy,0401,2026-01-15T15:11:32.1270,2026-01-25T23:59:59.9970,"[national environmental policy act, environmental impact statement]",https://www.usajobs.gov/job/854684500
Outdoor Recreation Planner,Department of Energy,Department of Energy,0023,2026-04-08T09:35:46.1000,2026-04-17T23:59:59.9970,"[nepa, environmental assessment, environmental impact statement]",https://www.usajobs.gov/job/864331100
Physical Scientist,Department of Energy,Department of Energy,1301,2025-09-29T10:57:48.2230,2025-10-08T23:59:59.9970,[biological opinion],https://www.usajobs.gov/job/846847800
Physical Scientist,Department of Energy,Department of Energy,1301,2025-09-29T10:56:52.1300,2025-10-08T23:59:59.9970,[biological opinion],https://www.usajobs.gov/job/846847600
Program Manager,Department of Energy,Department of Energy,0340,2026-01-27T06:33:03.0130,2026-02-05T23:59:59.9970,[nepa],https://www.usajobs.gov/job/855530200
Public Utilities Specialist,Department of Energy,Department of Energy,1130,2026-03-16T09:37:23.6500,2026-03-25T23:59:59.9970,[environmental compliance],https://www.usajobs.gov/job/861187500
Senior Investment Officer,Department of Energy,Department of Energy,1101,2025-08-29T00:00:00.0000,2025-09-02T23:59:59.9970,[environmental review],https://www.usajobs.gov/job/844594900
Vegetation Program Specialist,Department of Energy,Department of Energy,0401,2026-04-16T15:50:43.9700,2026-04-30T23:59:59.9970,[rights-of-way],https://www.usajobs.gov/job/865556900
Assistant General Counsel for the Office of Environment,Department of Energy - Agency Wide,Department of Energy,0905,2026-07-29T07:33:30.1070,2026-08-12T23:59:59.9970,"[nepa, clean air act, clean water act, national environmental policy act, safe drinking water act]",https://www.usajobs.gov/job/878381500
Energy Program Associate,Department of Energy - Agency Wide,Department of Energy,1101,2026-06-24T00:00:00.0000,2026-07-08T23:59:59.9970,[environmental review],https://www.usajobs.gov/job/873961300
Environmental Protection Specialist,Department of Energy - Agency Wide,Department of Energy,0028,2026-06-08T00:00:00.0000,2026-06-15T23:59:59.9970,"[nepa, national environmental policy act]",https://www.usajobs.gov/job/871935800
Biologist (Safety),Department of Health and Human Services,Department of Health and Human Services,0401,2026-04-08T00:00:00.0000,2026-04-17T23:59:59.9970,[permits and licenses],https://www.usajobs.gov/job/863800000
Environmental Engineer,Department of Health and Human Services,Department of Health and Human Services,0819,2025-08-04T14:55:51.9830,2025-12-31T23:59:59.9970,"[safe drinking water act, clean water act]",https://www.usajobs.gov/job/842437200
Environmental Engineer,Department of Health and Human Services,Department of Health and Human Services,0819,2025-08-04T14:55:32.0730,2025-12-31T23:59:59.9970,"[safe drinking water act, clean water act]",https://www.usajobs.gov/job/842437300
Environmental Engineer (Tribal Utility Consultant),Department of Health and Human Services,Department of Health and Human Services,0819,2025-08-06T14:23:28.9400,2025-10-10T23:59:59.9970,"[safe drinking water act, clean water act]",https://www.usajobs.gov/job/808257500
Environmental Engineer (Tribal Utility Consultant),Department of Health and Human Services,Department of Health and Human Services,0819,2025-08-06T14:23:01.5500,2025-10-10T23:59:59.9970,"[safe drinking water act, clean water act]",https://www.usajobs.gov/job/808257600
Land Surveyor,Department of Health and Human Services,Department of Health and Human Services,1373,2025-06-24T16:06:33.5700,2025-07-08T23:59:59.9970,[right-of-way],https://www.usajobs.gov/job/839393700
Management and Program Analyst,Department of Health and Human Services,Department of Health and Human Services,0343,2026-02-17T14:22:20.2700,2026-02-20T23:59:59.9970,[rcra],https://www.usajobs.gov/job/857915800
Realty Officer,Department of Health and Human Services,Department of Health and Human Services,1170,2025-08-12T14:41:17.7430,2025-08-17T23:59:59.9970,[rights-of-way],https://www.usajobs.gov/job/843184500
Realty Officer,Department of Health and Human Services,Department of Health and Human Services,1170,2025-08-12T14:41:02.2370,2025-08-17T23:59:59.9970,[rights-of-way],https://www.usajobs.gov/job/843184800
Realty Specialist,Department of Health and Human Services,Department of Health and Human Services,1170,2025-06-24T15:48:54.6200,2025-07-08T23:59:59.9970,[environmental review],https://www.usajobs.gov/job/837799300
Supervisory Civil/Environmental Engineer (Deputy Director),Department of Health and Human Services,Department of Health and Human Services,0810 | 0819,2025-04-07T00:00:00.0000,2025-08-06T23:59:59.9970,"[nepa, national environmental policy act]",https://www.usajobs.gov/job/834844600
Supervisory Environmental Engineer (Deputy Director for Project Support),Department of Health and Human Services,Department of Health and Human Services,0819,2026-04-24T11:22:22.4000,2026-05-26T23:59:59.9970,"[nepa, national environmental policy act]",https://www.usajobs.gov/job/866595500
Supervisory Environmental Engineer (Deputy Director for Project Support),Department of Health and Human Services,Department of Health and Human Services,0819,2026-04-24T11:21:51.9370,2026-05-26T23:59:59.9970,"[nepa, national environmental policy act]",https://www.usajobs.gov/job/866595700
Supervisory Environmental Engineer (Deputy Director),Department of Health and Human Services,Department of Health and Human Services,0819,2026-04-14T11:58:28.3730,2026-05-14T23:59:59.9970,"[nepa, national environmental policy act]",https://www.usajobs.gov/job/865109200
Supervisory Environmental Engineer (Deputy Director),Department of Health and Human Services,Department of Health and Human Services,0819,2026-04-14T11:59:08.8530,2026-05-14T23:59:59.9970,"[nepa, national environmental policy act]",https://www.usajobs.gov/job/865109500
Attorney-Advisor (General),Department of Homeland Security,Department of Homeland Security,0905,2025-08-08T08:34:59.9700,2025-08-29T23:59:59.9970,[national environmental policy act],https://www.usajobs.gov/job/842882300
Attorney-Advisor (General),Department of Homeland Security,Department of Homeland Security,0905,2025-12-30T10:04:41.9270,2026-01-20T23:59:59.9970,[national environmental policy act],https://www.usajobs.gov/job/853316700
BUDGET ANALYST,Department of Homeland Security,Department of Homeland Security,0560,2026-01-13T09:57:20.5330,2026-01-26T23:59:59.9970,[environmental compliance],https://www.usajobs.gov/job/854290400
Case Management Specialist,Department of Homeland Security,Department of Homeland Security,0301,2026-02-13T10:11:23.8200,2026-02-23T23:59:59.9970,[cercla],https://www.usajobs.gov/job/857694800
Chief Environmental Branch,Department of Homeland Security,Department of Homeland Security,0819,2025-12-31T08:39:23.9000,2026-01-09T23:59:59.9970,"[nepa, national environmental policy act, rcra, cercla, clean water act, clean air act, environmental compliance]",https://www.usajobs.gov/job/853391900
Chief Environmental Branch,Department of Homeland Security,Department of Homeland Security,0819,2025-12-31T08:39:52.8600,2026-01-09T23:59:59.9970,"[nepa, national environmental policy act, rcra, cercla, clean water act, clean air act, environmental compliance]",https://www.usajobs.gov/job/853392300
ENVIRONMENTAL PROTECTION SPECIALIST,Department of Homeland Security,Department of Homeland Security,0028,2025-11-21T00:00:00.0000,2025-11-28T23:59:59.9970,"[environmental compliance, nepa]",https://www.usajobs.gov/job/850474100
ENVIRONMENTAL PROTECTION SPECIALIST,Department of Homeland Security,Department of Homeland Security,0028,2025-09-16T14:54:19.4600,2025-09-25T23:59:59.9970,[environmental compliance],https://www.usajobs.gov/job/846136000
ENVIRONMENTAL PROTECTION SPECIALIST,Department of Homeland Security,Department of Homeland Security,0028,2026-02-13T13:09:49.8670,2026-02-22T23:59:59.9970,"[rcra, nepa, environmental compliance]",https://www.usajobs.gov/job/857746800
Emergency Management Specialist (Mitigation),Department of Homeland Security,Department of Homeland Security,0089,2025-09-19T11:33:36.1530,2025-09-25T23:59:59.9970,[permitting],https://www.usajobs.gov/job/846467500
Emergency Management Specialist (Mitigation),Department of Homeland Security,Department of Homeland Security,0089,2025-10-06T07:51:47.6700,2025-10-14T23:59:59.9970,[permitting],https://www.usajobs.gov/job/847509000
Emergency Management Specialist (Mitigation),Department of Homeland Security,Department of Homeland Security,0089,2025-09-15T07:21:41.7770,2025-09-22T23:59:59.9970,[permitting],https://www.usajobs.gov/job/845918000
Emergency Management Specialist (Mitigation),Department of Homeland Security,Department of Homeland Security,0089,2025-09-04T09:24:54.1330,2025-09-11T23:59:59.9970,[section 404],https://www.usajobs.gov/job/844988900
Emergency Management Specialist (Mitigation),Department of Homeland Security,Department of Homeland Security,0089,2025-09-03T12:38:12.1330,2025-09-15T23:59:59.9970,[permitting],https://www.usajobs.gov/job/844902500
Emergency Management Specialist (Mitigation),Department of Homeland Security,Department of Homeland Security,0089,2025-11-18T13:37:05.3630,2025-11-28T23:59:59.9970,[permitting],https://www.usajobs.gov/job/850318300
Emergency Management Specialist (Mitigation),Department of Homeland Security,Department of Homeland Security,0089,2026-01-07T13:43:31.8200,2026-01-13T23:59:59.9970,[permitting],https://www.usajobs.gov/job/853814000
Environmental Protection Specialist,Department of Homeland Security,Department of Homeland Security,0028,2025-09-10T00:00:00.0000,2025-09-22T23:59:59.9970,[environmental compliance],https://www.usajobs.gov/job/845417800
Environmental Protection Specialist,Department of Homeland Security,Department of Homeland Security,0028,2025-12-29T14:48:37.1400,2026-01-10T23:59:59.9970,"[environmental compliance, nepa, national environmental policy act, rcra]",https://www.usajobs.gov/job/853253300
Environmental Protection Specialist,Department of Homeland Security,Department of Homeland Security,0028,2025-10-17T00:00:00.0000,2025-10-30T23:59:59.9970,[environmental compliance],https://www.usajobs.gov/job/848260100
Environmental Protection Specialist,Department of Homeland Security,Department of Homeland Security,0028,2026-01-22T10:13:56.7900,2026-02-01T23:59:59.9970,"[nepa, environmental compliance]",https://www.usajobs.gov/job/855142200
Environmental Protection Specialist,Department of Homeland Security,Department of Homeland Security,0028,2026-02-09T12:15:09.8200,2026-02-18T23:59:59.9970,[environmental compliance],https://www.usajobs.gov/job/857003000
Environmental Protection Specialist,Department of Homeland Security,Department of Homeland Security,0028,2026-02-09T12:14:12.2300,2026-02-18T23:59:59.9970,[environmental compliance],https://www.usajobs.gov/job/857006300
Environmental Protection Specialist,Department of Homeland Security,Department of Homeland Security,0028,2026-01-12T13:15:03.5070,2026-01-21T23:59:59.9970,[environmental compliance],https://www.usajobs.gov/job/854194600
Environmental Protection Specialist,Department of Homeland Security,Department of Homeland Security,0028,2026-02-11T14:43:27.2870,2026-02-20T23:59:59.9970,"[rcra, nepa, environmental compliance]",https://www.usajobs.gov/job/857402900
Environmental Protection Specialist,Department of Homeland Security,Department of Homeland Security,0028,2026-01-12T13:15:44.3070,2026-01-21T23:59:59.9970,[environmental compliance],https://www.usajobs.gov/job/854186900
Environmental Protection Specialist,Department of Homeland Security,Department of Homeland Security,0028,2026-03-20T00:00:00.0000,2026-04-03T23:59:59.9970,[environmental compliance],https://www.usajobs.gov/job/861853700
Environmental Protection Specialist,Department of Homeland Security,Department of Homeland Security,0028,2026-05-04T00:00:00.0000,2026-05-14T23:59:59.9970,"[nepa, national environmental policy act]",https://www.usajobs.gov/job/867544300
Financial Management Specialist,Department of Homeland Security,Department of Homeland Security,0501,2025-12-24T00:00:00.0000,2026-01-12T23:59:59.9970,[environmental compliance],https://www.usajobs.gov/job/853191600
Financial Management Specialist,Department of Homeland Security,Department of Homeland Security,0501,2025-12-24T00:00:00.0000,2026-01-12T23:59:59.9970,[environmental compliance],https://www.usajobs.gov/job/853190800
Financial Management Specialist,Department of Homeland Security,Department of Homeland Security,0501,2026-05-08T00:00:00.0000,2026-05-18T23:59:59.9970,[environmental compliance],https://www.usajobs.gov/job/868369400
Financial Management Specialist,Department of Homeland Security,Department of Homeland Security,0501,2026-05-08T00:00:00.0000,2026-05-18T23:59:59.9970,[environmental compliance],https://www.usajobs.gov/job/868369700
"General Attorney (Government Contracts, Fiscal Law, and Administrative Law)",Department of Homeland Security,Department of Homeland Security,0905,2026-05-06T00:00:00.0000,2026-05-20T23:59:59.9970,[national environmental policy act],https://www.usajobs.gov/job/867993000
General Engineer,Department of Homeland Security,Department of Homeland Security,0801,2025-09-22T00:00:00.0000,2025-09-26T23:59:59.9970,[environmental assessment],https://www.usajobs.gov/job/846240600
Lead Environmental Protection Specialist,Department of Homeland Security,Department of Homeland Security,0028,2025-09-13T00:00:00.0000,2025-09-25T23:59:59.9970,[environmental compliance],https://www.usajobs.gov/job/845874900
Mechanical Engineer,Department of Homeland Security,Department of Homeland Security,0830,2025-08-07T14:03:54.9900,2025-08-17T23:59:59.9970,[national environmental policy act],https://www.usajobs.gov/job/842818100
RANGE MANAGEMENT SPECIALIST,Department of Homeland Security,Department of Homeland Security,1601,2026-03-31T00:00:00.0000,2026-04-06T23:59:59.9970,[environmental compliance],https://www.usajobs.gov/job/862783800
RANGE MANAGEMENT SPECIALIST (RANGE OFFICER),Department of Homeland Security,Department of Homeland Security,1601,2025-09-17T00:00:00.0000,2025-09-23T23:59:59.9970,[environmental compliance],https://www.usajobs.gov/job/845961600
REALTY SPECIALIST,Department of Homeland Security,Department of Homeland Security,1170,2026-04-10T12:18:38.7670,2026-04-16T23:59:59.9970,[permitting],https://www.usajobs.gov/job/864217300
Realty Specialist,Department of Homeland Security,Department of Homeland Security,1170,2026-04-23T10:12:17.2230,2026-05-04T23:59:59.9970,[rights-of-way],https://www.usajobs.gov/job/866389400
Safety and Occupational Health Manager,Department of Homeland Security,Department of Homeland Security,0018,2025-11-06T08:19:29.8000,2025-11-17T23:59:59.9970,[environmental compliance],https://www.usajobs.gov/job/849621200
Supervisory Emergency Management Specialist (Mitigation),Department of Homeland Security,Department of Homeland Security,0089,2025-10-06T14:48:49.0570,2025-10-14T23:59:59.9970,[permitting],https://www.usajobs.gov/job/847567000
Supervisory Regulatory Compliance Specialist,Department of Homeland Security,Department of Homeland Security,1801,2025-09-10T00:00:00.0000,2025-09-22T23:59:59.9970,[environmental compliance],https://www.usajobs.gov/job/845466900
Supervisory Regulatory Compliance Specialist,Department of Homeland Security,Department of Homeland Security,1801,2025-09-10T00:00:00.0000,2025-09-22T23:59:59.9970,[environmental compliance],https://www.usajobs.gov/job/845467100
Director - Office of Disaster Recovery,Department of Housing and Urban Development,Department of Housing and Urban Development,0301,2025-09-11T09:56:02.5730,2025-09-26T23:59:59.9970,[permitting],https://www.usajobs.gov/job/845644400
Assistant United States Attorney (Civil Division),Department of Justice,Department of Justice,0905,2025-11-26T00:00:00.0000,2025-12-17T23:59:59.9970,[national environmental policy act],https://www.usajobs.gov/job/851147500
Assistant United States Attorney (Civil Division),Department of Justice,Department of Justice,0905,2025-11-26T00:00:00.0000,2025-12-17T23:59:59.9970,[national environmental policy act],https://www.usajobs.gov/job/851147400
Assistant United States Attorney (Civil Division),Department of Justice,Department of Justice,0905,2026-04-16T15:34:51.9770,2026-04-30T23:59:59.9970,[national environmental policy act],https://www.usajobs.gov/job/865551100
Assistant United States Attorney (Civil Division),Department of Justice,Department of Justice,0905,2026-04-16T18:02:29.4170,2026-04-30T23:59:59.9970,[national environmental policy act],https://www.usajobs.gov/job/865583700
Assistant United States Attorney (Civil Division-Defense Litigation Unit),Department of Justice,Department of Justice,0905,2025-07-01T17:56:11.0370,2025-07-25T23:59:59.9970,[nepa],https://www.usajobs.gov/job/839895500
Environmental Protection Specialist,Department of Justice,Department of Justice,0028,2025-11-21T12:41:34.3000,2025-12-15T23:59:59.9970,"[clean water act, clean air act, environmental compliance]",https://www.usajobs.gov/job/850730000
Environmental Protection Specialist,Department of Justice,Department of Justice,0028,2025-06-24T15:04:33.4970,2025-07-09T23:59:59.9970,"[clean water act, clean air act, environmental compliance]",https://www.usajobs.gov/job/839381500
Environmental Protection Specialist,Department of Justice,Department of Justice,0028,2026-04-01T14:06:17.7530,2026-04-22T23:59:59.9970,"[clean water act, clean air act, environmental compliance]",https://www.usajobs.gov/job/863519200
Environmental Protection Specialist,Department of Justice,Department of Justice,0028,2026-02-20T10:58:58.0500,2026-03-13T23:59:59.9970,"[clean water act, clean air act, environmental compliance]",https://www.usajobs.gov/job/858365600
Environmental Protection Specialist,Department of Justice,Department of Justice,0028,2026-04-09T11:39:56.6500,2026-04-30T23:59:59.9970,"[clean water act, clean air act, environmental compliance]",https://www.usajobs.gov/job/864562300
Environmental Protection Specialist,Department of Justice,Department of Justice,0028,2026-04-23T15:21:57.1570,2026-05-14T23:59:59.9970,"[clean water act, clean air act, environmental compliance]",https://www.usajobs.gov/job/866496900
Environmental Protection Specialist ,Department of Justice,Department of Justice,0028,2026-04-15T14:14:42.7500,2026-04-29T23:59:59.9970,"[clean water act, clean air act, environmental compliance]",https://www.usajobs.gov/job/865327000
Environmental Protection Specialist (National Environmental Protection Specialist ) - CTAP ONLY,Department of Justice,Department of Justice,0028,2025-12-17T15:40:31.6870,2025-12-24T23:59:59.9970,"[nepa, national environmental policy act, rcra, clean water act, clean air act, environmental compliance]",https://www.usajobs.gov/job/852740600
Supervisory Architect (Projects Administrator),Department of Justice,Department of Justice,0808,2026-05-08T14:20:45.9030,2026-05-29T23:59:59.9970,[environmental review],https://www.usajobs.gov/job/868596900
Supervisory Contract Specialist (Senior Deputy Assistant Director),Department of Justice,Department of Justice,1102,2026-01-16T15:23:40.7030,2026-02-06T23:59:59.9970,[environmental compliance],https://www.usajobs.gov/job/854812800
Supervisory Industry Operations Investigator (Area Supervisor),Department of Justice,Department of Justice,1801,2026-04-29T00:00:00.0000,2026-05-13T23:59:59.9970,[licenses and permits],https://www.usajobs.gov/job/867470800
Supervisory Industry Operations Investigator (Area Supervisor),Department of Justice,Department of Justice,1801,2026-04-29T12:05:40.1200,2026-05-12T23:59:59.9970,[licenses and permits],https://www.usajobs.gov/job/867187400
Supply Management Specialist (Property Management Specialist),Department of Justice,Department of Justice,2003,2026-04-28T10:00:16.5070,2026-05-19T23:59:59.9970,[right-of-way],https://www.usajobs.gov/job/866940500
Trial Attorney,Department of Justice,Department of Justice,0905,2025-06-10T00:00:00.0000,2025-07-18T23:59:59.9970,"[section 404, safe drinking water act, clean water act, clean air act]",https://www.usajobs.gov/job/838491500
Trial Attorney,Department of Justice,Department of Justice,0905,2025-06-10T00:00:00.0000,2025-07-18T23:59:59.9970,[national environmental policy act],https://www.usajobs.gov/job/838491700
Trial Attorney,Department of Justice,Department of Justice,0905,2026-01-06T09:32:27.6300,2026-01-20T23:59:59.9970,"[marine mammal protection act, national environmental policy act, rivers and harbors act, clean water act, clean air act]",https://www.usajobs.gov/job/853629700
Trial Attorney - Environmental Defense Section,Department of Justice,Department of Justice,0905,2026-04-22T00:00:00.0000,2026-05-27T23:59:59.9970,"[safe drinking water act, rivers and harbors act, clean water act, clean air act]",https://www.usajobs.gov/job/865943000
Trial Attorney - Wildlife and Marine Resources Section,Department of Justice,Department of Justice,0905,2026-03-24T00:00:00.0000,2026-04-14T23:59:59.9970,[marine mammal protection act],https://www.usajobs.gov/job/862221400
Trial Attorney - Wildlife and Marine Resources Section,Department of Justice,Department of Justice,0905,2026-05-07T00:00:00.0000,2026-05-21T23:59:59.9970,[marine mammal protection act],https://www.usajobs.gov/job/868041900
Airway Transportation Systems Specialist,Department of Transportation,Department of Transportation,2101,2025-12-30T00:00:00.0000,2026-01-20T23:59:59.9970,[environmental compliance],https://www.usajobs.gov/job/853262500
Airway Transportation Systems Specialist,Department of Transportation,Department of Transportation,2101,2025-12-08T00:00:00.0000,2025-12-29T23:59:59.9970,[environmental compliance],https://www.usajobs.gov/job/851683200
Attorney Advisor,Department of Transportation,Department of Transportation,0905,2025-11-25T00:00:00.0000,2025-12-09T23:59:59.9970,"[nepa, national environmental policy act]",https://www.usajobs.gov/job/850883700
Attorney Advisor,Department of Transportation,Department of Transportation,0905,2026-03-19T13:05:24.0500,2026-04-02T23:59:59.9970,"[nepa, national environmental policy act]",https://www.usajobs.gov/job/861818200
Attorney Advisor,Department of Transportation,Department of Transportation,0905,2026-03-19T12:42:00.9100,2026-04-02T23:59:59.9970,"[nepa, national environmental policy act]",https://www.usajobs.gov/job/861808100
Attorney-Adviser,Department of Transportation,Department of Transportation,0905,2026-03-31T00:00:00.0000,2026-04-09T23:59:59.9970,[permitting],https://www.usajobs.gov/job/863176100
Civil Engineer (Highway) (PDP) (Direct Hire),Department of Transportation,Department of Transportation,0810,2026-04-23T00:00:00.0000,2026-05-07T23:59:59.9970,[right-of-way],https://www.usajobs.gov/job/866321500
Deputy Assistant Secretary for Transportation Policy,Department of Transportation,Department of Transportation,0340,2026-04-29T00:00:00.0000,2026-05-18T23:59:59.9970,[permitting],https://www.usajobs.gov/job/867064200
Deputy Associate Administrator for Policy and Programs ,Department of Transportation,Department of Transportation,0340,2026-04-24T00:00:00.0000,2026-05-07T23:59:59.9970,[permitting],https://www.usajobs.gov/job/866391900
"Director, Office of Budget and Program Performance ",Department of Transportation,Department of Transportation,0505,2026-04-15T00:00:00.0000,2026-04-29T23:59:59.9970,[permitting],https://www.usajobs.gov/job/864792200
"Director, Policy ",Department of Transportation,Department of Transportation,0340,2026-03-09T00:00:00.0000,2026-03-23T23:59:59.9970,[national environmental policy act],https://www.usajobs.gov/job/860281300
Electrical Engineer,Department of Transportation,Department of Transportation,0850,2025-08-15T00:00:00.0000,2025-09-04T23:59:59.9970,"[nepa, national environmental policy act]",https://www.usajobs.gov/job/843427400
Electrical Engineer,Department of Transportation,Department of Transportation,0850,2025-08-15T00:00:00.0000,2025-09-04T23:59:59.9970,"[nepa, national environmental policy act]",https://www.usajobs.gov/job/843427200
Environmental Protection Specialist,Department of Transportation,Department of Transportation,0028,2026-04-15T00:00:00.0000,2026-05-05T23:59:59.9970,"[nepa, finding of no significant impact, national environmental policy act, environmental impact statement, environmental assessment]",https://www.usajobs.gov/job/865077600
Environmental Protection Specialist,Department of Transportation,Department of Transportation,0028,2026-03-27T00:00:00.0000,2026-04-09T23:59:59.9970,[nepa],https://www.usajobs.gov/job/862664200
Environmental Protection Specialist,Department of Transportation,Department of Transportation,0028,2026-03-27T00:00:00.0000,2026-04-09T23:59:59.9970,[nepa],https://www.usajobs.gov/job/862659000
Environmental Protection Specialist,Department of Transportation,Department of Transportation,0028,2026-04-23T00:00:00.0000,2026-05-04T23:59:59.9970,"[environmental compliance, nepa, national environmental policy act]",https://www.usajobs.gov/job/866300800
Land Surveyor (Right-of-Way/Utility Specialist) ,Department of Transportation,Department of Transportation,1373,2026-04-10T00:00:00.0000,2026-05-11T23:59:59.9970,[right-of-way],https://www.usajobs.gov/job/864582200
Land Surveyor (Right-of-Way/Utility Specialist) (Open to both U.S. Citizens and Federal Employees),Department of Transportation,Department of Transportation,1373,2026-04-24T00:00:00.0000,2026-05-25T23:59:59.9970,[right-of-way],https://www.usajobs.gov/job/866343000
Lead General Engineer (Lead General Engineer),Department of Transportation,Department of Transportation,0801,2025-09-08T00:00:00.0000,2025-09-17T23:59:59.9970,"[cercla, rcra]",https://www.usajobs.gov/job/845200900
Operations Research Analyst (Open to U.S. Citizens),Department of Transportation,Department of Transportation,1515,2026-03-27T06:59:44.8500,2026-04-06T23:59:59.9970,[environmental assessment],https://www.usajobs.gov/job/862830600
Program Manager,Department of Transportation,Department of Transportation,0340,2026-04-10T00:00:00.0000,2026-04-23T23:59:59.9970,[right-of-way],https://www.usajobs.gov/job/864658100
Safety and Occupational Health Specialist,Department of Transportation,Department of Transportation,0018,2026-03-19T00:00:00.0000,2026-04-08T23:59:59.9970,[environmental compliance],https://www.usajobs.gov/job/861689300
Supervisory Aerospace Engineer,Department of Transportation,Department of Transportation,0861,2026-04-11T00:00:00.0000,2026-04-15T23:59:59.9970,"[nepa, environmental compliance]",https://www.usajobs.gov/job/864770000
"Supervisory Aviation Technical Systems Specialist
 (ADO Manager)",Department of Transportation,Department of Transportation,2186,2026-04-29T00:00:00.0000,2026-05-08T23:59:59.9970,[national environmental policy act],https://www.usajobs.gov/job/866927000
"Supervisory Aviation Technical Systems Specialist
 (ADO Manager)",Department of Transportation,Department of Transportation,2186,2026-04-29T00:00:00.0000,2026-05-19T23:59:59.9970,[national environmental policy act],https://www.usajobs.gov/job/867015700
Supervisory Aviation Technical Systems Specialist  (ADO Manager),Department of Transportation,Department of Transportation,2186,2026-04-23T00:00:00.0000,2026-05-14T23:59:59.9970,[national environmental policy act],https://www.usajobs.gov/job/866246100
"Supervisory Aviation Technical Systems Specialist  (Manager, Planning and Programming Branch)",Department of Transportation,Department of Transportation,2186,2026-04-04T00:00:00.0000,2026-04-13T23:59:59.9970,"[national environmental policy act, nepa, environmental review]",https://www.usajobs.gov/job/863854900
Supervisory Aviation Technical Systems Specialist  (Planning and Programming Branch Manager),Department of Transportation,Department of Transportation,2186,2026-04-09T00:00:00.0000,2026-04-29T23:59:59.9970,"[nepa, environmental review]",https://www.usajobs.gov/job/864346500
Supervisory Aviation Technical Systems Specialist (AGL-610 Branch Manager),Department of Transportation,Department of Transportation,2186,2026-03-25T00:00:00.0000,2026-04-03T23:59:59.9970,"[nepa, environmental review]",https://www.usajobs.gov/job/862311000
Supervisory Aviation Technical Systems Specialist (EOSH Program Support Center Manager),Department of Transportation,Department of Transportation,2186,2026-05-01T00:00:00.0000,2026-05-12T23:59:59.9970,[environmental compliance],https://www.usajobs.gov/job/867498900
Supervisory Environmental Protection Specialist - Direct Hire-SME,Department of Transportation,Department of Transportation,0028,2026-04-01T00:00:00.0000,2026-04-10T23:59:59.9970,"[national environmental policy act, nepa]",https://www.usajobs.gov/job/863194200
Supervisory Environmental Protection Specialist - Direct Hire-SME,Department of Transportation,Department of Transportation,0028,2026-04-29T00:00:00.0000,2026-05-05T23:59:59.9970,"[national environmental policy act, nepa]",https://www.usajobs.gov/job/867061800
"Advance Practice Nurse - Chief, Community Care",Department of Veterans Affairs,Department of Veterans Affairs,0610,2025-11-05T00:00:00.0000,2025-11-10T23:59:59.9970,[environmental assessment],https://www.usajobs.gov/job/849515100
Air Cond Equip Mechanic,Department of Veterans Affairs,Department of Veterans Affairs,5306,2025-08-27T00:00:00.0000,2025-09-04T23:59:59.9970,[clean air act],https://www.usajobs.gov/job/844333000
Air Cond Equip Mechanic,Department of Veterans Affairs,Department of Veterans Affairs,5306,2025-08-20T11:06:12.0470,2025-08-29T23:59:59.9970,[clean air act],https://www.usajobs.gov/job/843826600
Air Cond Equip Mechanic,Department of Veterans Affairs,Department of Veterans Affairs,5306,2025-11-17T08:49:32.1030,2025-11-28T23:59:59.9970,[clean air act],https://www.usajobs.gov/job/850199300
Air Cond Equip Mechanic,Department of Veterans Affairs,Department of Veterans Affairs,5306,2025-07-14T16:02:09.9770,2025-07-28T23:59:59.9970,[clean air act],https://www.usajobs.gov/job/834301800
Air Cond Equip Mechanic,Department of Veterans Affairs,Department of Veterans Affairs,5306,2026-04-23T00:00:00.0000,2026-04-27T23:59:59.9970,[clean air act],https://www.usajobs.gov/job/866229400
Air Conditioning Equipment Mechanic,Department of Veterans Affairs,Department of Veterans Affairs,5306,2025-10-21T08:34:51.1630,2025-10-30T23:59:59.9970,[clean air act],https://www.usajobs.gov/job/848519900
Air Conditioning Equipment Mechanic,Department of Veterans Affairs,Department of Veterans Affairs,5306,2025-10-08T08:31:43.5370,2025-10-22T23:59:59.9970,[clean air act],https://www.usajobs.gov/job/847722800
Air Conditioning Equipment Mechanic,Department of Veterans Affairs,Department of Veterans Affairs,5306,2025-10-17T14:47:51.8870,2025-10-31T23:59:59.9970,[clean air act],https://www.usajobs.gov/job/848383500
Air Conditioning Equipment Mechanic,Department of Veterans Affairs,Department of Veterans Affairs,5306,2025-08-11T15:28:13.9570,2025-08-25T23:59:59.9970,[clean air act],https://www.usajobs.gov/job/843077700
Air Conditioning Equipment Mechanic,Department of Veterans Affairs,Department of Veterans Affairs,5306,2025-09-29T00:00:00.0000,2025-10-06T23:59:59.9970,[clean air act],https://www.usajobs.gov/job/846679500
Air Conditioning Equipment Mechanic,Department of Veterans Affairs,Department of Veterans Affairs,5306,2025-10-02T11:43:51.3800,2025-10-23T23:59:59.9970,[clean air act],https://www.usajobs.gov/job/847307100
Air Conditioning Equipment Mechanic,Department of Veterans Affairs,Department of Veterans Affairs,5306,2025-09-09T00:00:00.0000,2025-09-16T23:59:59.9970,[clean air act],https://www.usajobs.gov/job/845296400
Air Conditioning Equipment Mechanic,Department of Veterans Affairs,Department of Veterans Affairs,5306,2025-09-09T00:00:00.0000,2025-09-25T23:59:59.9970,[clean air act],https://www.usajobs.gov/job/845352100
Air Conditioning Equipment Mechanic,Department of Veterans Affairs,Department of Veterans Affairs,5306,2025-05-05T00:00:00.0000,2025-08-07T23:59:59.9970,[clean air act],https://www.usajobs.gov/job/836416200
Air Conditioning Equipment Mechanic,Department of Veterans Affairs,Department of Veterans Affairs,5306,2025-05-20T00:00:00.0000,2025-08-04T23:59:59.9970,[clean air act],https://www.usajobs.gov/job/837289700
Air Conditioning Equipment Mechanic,Department of Veterans Affairs,Department of Veterans Affairs,5306,2025-06-30T08:04:14.5330,2025-09-30T23:59:59.9970,[clean air act],https://www.usajobs.gov/job/839716800
Air Conditioning Equipment Mechanic,Department of Veterans Affairs,Department of Veterans Affairs,5306,2025-08-11T15:27:26.5430,2025-08-25T23:59:59.9970,[clean air act],https://www.usajobs.gov/job/843077500
Air Conditioning Equipment Mechanic,Department of Veterans Affairs,Department of Veterans Affairs,5306,2025-09-02T00:00:00.0000,2025-09-12T23:59:59.9970,[clean air act],https://www.usajobs.gov/job/844695500
Air Conditioning Equipment Mechanic,Department of Veterans Affairs,Department of Veterans Affairs,5306,2025-11-03T11:27:50.5630,2025-11-12T23:59:59.9970,[clean air act],https://www.usajobs.gov/job/849364800
Air Conditioning Equipment Mechanic,Department of Veterans Affairs,Department of Veterans Affairs,5306,2025-10-14T14:27:19.4330,2025-12-30T23:59:59.9970,[clean air act],https://www.usajobs.gov/job/848080000
Air Conditioning Equipment Mechanic,Department of Veterans Affairs,Department of Veterans Affairs,5306,2025-06-20T00:00:00.0000,2025-07-08T23:59:59.9970,[clean air act],https://www.usajobs.gov/job/839191100
Air Conditioning Equipment Mechanic,Department of Veterans Affairs,Department of Veterans Affairs,5306,2025-08-11T00:00:00.0000,2025-08-21T23:59:59.9970,[clean air act],https://www.usajobs.gov/job/842978500
Air Conditioning Equipment Mechanic,Department of Veterans Affairs,Department of Veterans Affairs,5306,2025-08-15T00:00:00.0000,2025-08-21T23:59:59.9970,[clean air act],https://www.usajobs.gov/job/843428900
Air Conditioning Equipment Mechanic,Department of Veterans Affairs,Department of Veterans Affairs,5306,2025-08-11T00:00:00.0000,2025-08-21T23:59:59.9970,[clean air act],https://www.usajobs.gov/job/842978400
Air Conditioning Equipment Mechanic,Department of Veterans Affairs,Department of Veterans Affairs,5306,2025-08-26T00:00:00.0000,2025-09-05T23:59:59.9970,[clean air act],https://www.usajobs.gov/job/844247500
Air Conditioning Equipment Mechanic,Department of Veterans Affairs,Department of Veterans Affairs,5306,2025-08-26T00:00:00.0000,2025-09-05T23:59:59.9970,[clean air act],https://www.usajobs.gov/job/844247000
Air Conditioning Equipment Mechanic,Department of Veterans Affairs,Department of Veterans Affairs,5306,2025-07-22T00:00:00.0000,2025-07-31T23:59:59.9970,[clean air act],https://www.usajobs.gov/job/841229200
Air Conditioning Equipment Mechanic,Department of Veterans Affairs,Department of Veterans Affairs,5306,2025-06-30T09:46:19.2300,2025-07-08T23:59:59.9970,[clean air act],https://www.usajobs.gov/job/839729900
Air Conditioning Equipment Mechanic,Department of Veterans Affairs,Department of Veterans Affairs,5306,2025-11-05T00:00:00.0000,2025-11-20T23:59:59.9970,[clean air act],https://www.usajobs.gov/job/849435500
Air Conditioning Equipment Mechanic,Department of Veterans Affairs,Department of Veterans Affairs,5306,2026-04-28T10:22:06.4300,2026-05-05T23:59:59.9970,[clean air act],https://www.usajobs.gov/job/866946700
Air Conditioning Equipment Mechanic,Department of Veterans Affairs,Department of Veterans Affairs,5306,2026-01-06T11:53:56.4170,2026-01-12T23:59:59.9970,[clean air act],https://www.usajobs.gov/job/853657000
Air Conditioning Equipment Mechanic,Department of Veterans Affairs,Department of Veterans Affairs,5306,2026-04-21T10:15:28.8400,2026-04-27T23:59:59.9970,[clean air act],https://www.usajobs.gov/job/865997000
Air Conditioning Equipment Mechanic,Department of Veterans Affairs,Department of Veterans Affairs,5306,2026-03-20T10:33:56.9900,2026-03-30T23:59:59.9970,[clean air act],https://www.usajobs.gov/job/861951300
Air Conditioning Equipment Mechanic,Department of Veterans Affairs,Department of Veterans Affairs,5306,2026-03-31T14:59:07.0630,2026-04-10T23:59:59.9970,[clean air act],https://www.usajobs.gov/job/863340300
Air Conditioning Equipment Mechanic,Department of Veterans Affairs,Department of Veterans Affairs,5306,2026-04-14T11:07:20.6730,2026-10-13T23:59:59.9970,[clean air act],https://www.usajobs.gov/job/865094700
Air Conditioning Equipment Mechanic,Department of Veterans Affairs,Department of Veterans Affairs,5306,2026-02-25T13:29:28.9300,2026-03-11T23:59:59.9970,[clean air act],https://www.usajobs.gov/job/858930900
Air Conditioning Equipment Mechanic,Department of Veterans Affairs,Department of Veterans Affairs,5306,2026-02-13T12:19:36.4900,2026-02-27T23:59:59.9970,[clean air act],https://www.usajobs.gov/job/857732400
Air Conditioning Equipment Mechanic,Department of Veterans Affairs,Department of Veterans Affairs,5306,2026-02-20T14:22:32.0030,2026-03-06T23:59:59.9970,[clean air act],https://www.usajobs.gov/job/858421600
Air Conditioning Equipment Mechanic Leader,Department of Veterans Affairs,Department of Veterans Affairs,5306,2026-02-10T09:38:27.1170,2026-02-18T23:59:59.9970,[clean air act],https://www.usajobs.gov/job/857116100
Air Conditioning Equipment Operator,Department of Veterans Affairs,Department of Veterans Affairs,5415,2026-03-17T14:11:12.5330,2026-04-08T23:59:59.9970,[clean air act],https://www.usajobs.gov/job/861487000
Air Conditioning Equipment Operator,Department of Veterans Affairs,Department of Veterans Affairs,5415,2026-02-26T14:23:34.7570,2026-03-02T23:59:59.9970,[clean air act],https://www.usajobs.gov/job/859151100
Air Conditioning Repair Mechanic,Department of Veterans Affairs,Department of Veterans Affairs,5306,2026-04-30T16:35:26.8930,2026-10-27T23:59:59.9970,[clean air act],https://www.usajobs.gov/job/867481800
Assistant Hospital Housekeeping Officer,Department of Veterans Affairs,Department of Veterans Affairs,0673,2025-08-25T09:56:35.4900,2025-09-02T23:59:59.9970,[permitting],https://www.usajobs.gov/job/844180200
Associate Executive Director Office of Facilities Planning,Department of Veterans Affairs,Department of Veterans Affairs,0801 | 0808,2026-04-20T13:55:51.7000,2026-05-11T23:59:59.9970,[national environmental policy act],https://www.usajobs.gov/job/865888600
Diag Rad Tech (MRI),Department of Veterans Affairs,Department of Veterans Affairs,0647,2025-08-26T16:04:52.7000,2025-09-10T23:59:59.9970,[permitting],https://www.usajobs.gov/job/844375100
Diag Rad Tech (MRI),Department of Veterans Affairs,Department of Veterans Affairs,0647,2025-08-26T16:03:59.3400,2025-09-10T23:59:59.9970,[permitting],https://www.usajobs.gov/job/844375000
Diagnostic Radiologic Technologist,Department of Veterans Affairs,Department of Veterans Affairs,0647,2026-05-07T00:00:00.0000,2026-05-18T23:59:59.9970,[permitting],https://www.usajobs.gov/job/868122000
Diagnostic Radiologic Technologist (MRI),Department of Veterans Affairs,Department of Veterans Affairs,0647,2026-01-09T08:52:14.3900,2026-01-23T23:59:59.9970,[permitting],https://www.usajobs.gov/job/854017600
Diagnostic Radiologic Technologist (MRI),Department of Veterans Affairs,Department of Veterans Affairs,0647,2026-01-09T08:50:47.6030,2026-01-23T23:59:59.9970,[permitting],https://www.usajobs.gov/job/854017400
Environmental Engineer,Department of Veterans Affairs,Department of Veterans Affairs,0819,2026-02-11T14:55:41.1600,2026-02-17T23:59:59.9970,[environmental compliance],https://www.usajobs.gov/job/857406800
Environmental Engineer,Department of Veterans Affairs,Department of Veterans Affairs,0819,2026-01-30T13:32:46.7070,2026-02-06T23:59:59.9970,[environmental compliance],https://www.usajobs.gov/job/856095800
Environmental Engineer - Green Environmental Management System (GEMS) Program Manager,Department of Veterans Affairs,Department of Veterans Affairs,0819,2026-02-05T00:00:00.0000,2026-02-11T23:59:59.9970,[environmental compliance],https://www.usajobs.gov/job/856442600
Environmental Protection Specialist,Department of Veterans Affairs,Department of Veterans Affairs,0028,2026-03-17T16:15:58.9230,2026-03-30T23:59:59.9970,"[environmental compliance, nepa, national environmental policy act]",https://www.usajobs.gov/job/861524300
Environmental Protection Specialist,Department of Veterans Affairs,Department of Veterans Affairs,0028,2026-01-23T00:00:00.0000,2026-01-30T23:59:59.9970,[environmental compliance],https://www.usajobs.gov/job/855226200
Environmental Protection Specialist,Department of Veterans Affairs,Department of Veterans Affairs,0028,2026-04-10T00:00:00.0000,2026-04-20T23:59:59.9970,[environmental compliance],https://www.usajobs.gov/job/864654200
Environmental Protection Specialist,Department of Veterans Affairs,Department of Veterans Affairs,0028,2026-05-07T10:28:55.3570,2026-05-18T23:59:59.9970,"[permitting, environmental compliance]",https://www.usajobs.gov/job/868296700
Environmental Protection Specialist,Department of Veterans Affairs,Department of Veterans Affairs,0028,2026-02-17T00:00:00.0000,2026-02-23T23:59:59.9970,[environmental review],https://www.usajobs.gov/job/857788400
Environmental Protection Specialist,Department of Veterans Affairs,Department of Veterans Affairs,0028,2026-03-27T00:00:00.0000,2026-04-03T23:59:59.9970,"[nepa, national environmental policy act]",https://www.usajobs.gov/job/862824600
Environmental Protection Specialist,Department of Veterans Affairs,Department of Veterans Affairs,0028,2026-02-10T10:51:09.3900,2026-02-18T23:59:59.9970,[environmental compliance],https://www.usajobs.gov/job/857140500
Environmental Protection Specialist,Department of Veterans Affairs,Department of Veterans Affairs,0028,2026-05-04T15:21:37.6130,2026-05-12T23:59:59.9970,[environmental compliance],https://www.usajobs.gov/job/867816800
Environmental Protection Specialist,Department of Veterans Affairs,Department of Veterans Affairs,0028,2026-04-02T00:00:00.0000,2026-04-08T23:59:59.9970,[permitting],https://www.usajobs.gov/job/863517600
Environmental Protection Specialist,Department of Veterans Affairs,Department of Veterans Affairs,0028,2026-04-29T13:03:18.2900,2026-05-14T23:59:59.9970,[permitting],https://www.usajobs.gov/job/867203400
Environmental Protection Specialist,Department of Veterans Affairs,Department of Veterans Affairs,0028,2026-02-17T09:32:17.1270,2026-02-23T23:59:59.9970,[environmental compliance],https://www.usajobs.gov/job/857834100
Environmental Protection Specialist,Department of Veterans Affairs,Department of Veterans Affairs,0028,2026-02-02T16:05:22.7300,2026-02-10T23:59:59.9970,"[safe drinking water act, clean air act, clean water act]",https://www.usajobs.gov/job/856275400
Environmental Protection Specialist,Department of Veterans Affairs,Department of Veterans Affairs,0028,2026-02-11T12:44:39.2530,2026-02-23T23:59:59.9970,"[safe drinking water act, national environmental policy act, clean water act]",https://www.usajobs.gov/job/857363500
Environmental Protection Specialist,Department of Veterans Affairs,Department of Veterans Affairs,0028,2026-02-03T08:22:22.7800,2026-02-10T23:59:59.9970,"[safe drinking water act, national environmental policy act, permitting, clean air act, clean water act]",https://www.usajobs.gov/job/856304900
Environmental Protection Specialist - GEMS,Department of Veterans Affairs,Department of Veterans Affairs,0028,2026-04-16T09:03:00.4200,2026-04-24T23:59:59.9970,"[nepa, national environmental policy act]",https://www.usajobs.gov/job/865418800
Environmental Protection Specialist - GEMS Program Manager,Department of Veterans Affairs,Department of Veterans Affairs,0028,2026-04-15T15:28:54.3670,2026-04-22T23:59:59.9970,[environmental compliance],https://www.usajobs.gov/job/865353000
Environmental Protection Specialist - Green Environmental  Management Systems (GEMS) Coordinator,Department of Veterans Affairs,Department of Veterans Affairs,0028,2026-04-17T00:00:00.0000,2026-04-23T23:59:59.9970,"[environmental compliance, permitting]",https://www.usajobs.gov/job/865407300
Environmental Protection Specialist - Green Environmental Management System (GEMS),Department of Veterans Affairs,Department of Veterans Affairs,0028,2026-04-20T06:19:08.4300,2026-04-27T23:59:59.9970,"[nepa, environmental compliance]",https://www.usajobs.gov/job/865781400
Facility Services Assistant,Department of Veterans Affairs,Department of Veterans Affairs,1603,2026-01-30T15:03:56.9030,2026-02-13T23:59:59.9970,[permitting],https://www.usajobs.gov/job/856121900
GEMS - Environmental Engineer,Department of Veterans Affairs,Department of Veterans Affairs,0801,2025-07-23T10:19:52.3000,2025-07-31T23:59:59.9970,[permitting],https://www.usajobs.gov/job/841405000
GEMS - Environmental Engineer,Department of Veterans Affairs,Department of Veterans Affairs,0801,2025-10-29T08:48:49.2070,2025-11-10T23:59:59.9970,[permitting],https://www.usajobs.gov/job/849071800
Hazardous Waste Disposer,Department of Veterans Affairs,Department of Veterans Affairs,6913,2026-02-02T08:52:22.3230,2026-02-12T23:59:59.9970,[rcra],https://www.usajobs.gov/job/856186300
Health System Specialist,Department of Veterans Affairs,Department of Veterans Affairs,0671,2025-11-24T12:47:21.8030,2025-12-01T23:59:59.9970,[environmental assessment],https://www.usajobs.gov/job/850849900
Health System Specialist,Department of Veterans Affairs,Department of Veterans Affairs,0671,2025-12-17T11:05:08.4070,2025-12-29T23:59:59.9970,[environmental assessment],https://www.usajobs.gov/job/852685200
Healthcare Engineer,Department of Veterans Affairs,Department of Veterans Affairs,0801,2026-01-13T08:26:00.4000,2026-01-23T23:59:59.9970,[environmental compliance],https://www.usajobs.gov/job/854269700
Healthcare Engineer,Department of Veterans Affairs,Department of Veterans Affairs,0801,2026-03-03T12:08:45.5530,2026-03-13T23:59:59.9970,[section 106],https://www.usajobs.gov/job/859631800
Healthcare Engineer (Construction Safety & GEMS),Department of Veterans Affairs,Department of Veterans Affairs,0801,2026-02-19T15:40:10.0670,2026-03-02T23:59:59.9970,[environmental compliance],https://www.usajobs.gov/job/858269500
Healthcare Engineer (Environmental Engineer),Department of Veterans Affairs,Department of Veterans Affairs,0801,2026-05-06T14:18:26.5130,2026-05-15T23:59:59.9970,[safe drinking water act],https://www.usajobs.gov/job/868055800
Healthcare Engineer (GEMS),Department of Veterans Affairs,Department of Veterans Affairs,0801,2026-04-17T15:59:56.2470,2026-04-27T23:59:59.9970,"[safe drinking water act, clean air act, clean water act, environmental compliance, rcra]",https://www.usajobs.gov/job/865748300
Healthcare Engineer (Project Manager),Department of Veterans Affairs,Department of Veterans Affairs,0801,2025-11-25T11:44:12.1400,2025-12-09T23:59:59.9970,[environmental compliance],https://www.usajobs.gov/job/850968500
Healthcare Engineer (Project Manager),Department of Veterans Affairs,Department of Veterans Affairs,0801,2025-10-01T08:48:27.6930,2025-10-14T23:59:59.9970,[environmental compliance],https://www.usajobs.gov/job/847142000
Healthcare Engineer (Project Manager),Department of Veterans Affairs,Department of Veterans Affairs,0801,2025-09-30T13:49:49.0300,2025-10-14T23:59:59.9970,[environmental compliance],https://www.usajobs.gov/job/847060500
Healthcare Engineer (Project Manager),Department of Veterans Affairs,Department of Veterans Affairs,0801,2025-09-30T13:48:28.7470,2025-10-14T23:59:59.9970,[environmental compliance],https://www.usajobs.gov/job/847060100
Healthcare Engineer-GEMS Coordinator/Project Engineer,Department of Veterans Affairs,Department of Veterans Affairs,0801,2026-04-10T13:55:11.8270,2026-04-20T23:59:59.9970,[permitting],https://www.usajobs.gov/job/864604000
Hospital Housekeeping Officer,Department of Veterans Affairs,Department of Veterans Affairs,0673,2025-10-09T19:17:35.1300,2025-10-20T23:59:59.9970,[rcra],https://www.usajobs.gov/job/847932400
Hospital Housekeeping Officer,Department of Veterans Affairs,Department of Veterans Affairs,0673,2025-10-20T05:55:54.4730,2025-11-03T23:59:59.9970,[rcra],https://www.usajobs.gov/job/848416800
Hospital Housekeeping Officer,Department of Veterans Affairs,Department of Veterans Affairs,0673,2026-01-13T12:47:33.5200,2026-01-21T23:59:59.9970,[rcra],https://www.usajobs.gov/job/854336300
Industrial Hygienist,Department of Veterans Affairs,Department of Veterans Affairs,0690,2025-07-25T15:16:27.2300,2025-08-01T23:59:59.9970,[permitting],https://www.usajobs.gov/job/841720500
Industrial Hygienist,Department of Veterans Affairs,Department of Veterans Affairs,0690,2026-03-11T07:50:14.2130,2026-03-17T23:59:59.9970,[permitting],https://www.usajobs.gov/job/860660100
Industrial Hygienist,Department of Veterans Affairs,Department of Veterans Affairs,0690,2026-03-10T00:00:00.0000,2026-03-17T23:59:59.9970,[environmental compliance],https://www.usajobs.gov/job/860375600
Industrial Hygienist,Department of Veterans Affairs,Department of Veterans Affairs,0690,2026-02-18T09:47:30.9200,2026-02-27T23:59:59.9970,[permitting],https://www.usajobs.gov/job/858006500
Industrial Hygienist,Department of Veterans Affairs,Department of Veterans Affairs,0690,2026-03-31T19:05:12.1070,2026-04-06T23:59:59.9970,[permitting],https://www.usajobs.gov/job/863394000
Industrial Hygienist,Department of Veterans Affairs,Department of Veterans Affairs,0690,2026-01-08T09:58:50.2970,2026-01-20T23:59:59.9970,[environmental compliance],https://www.usajobs.gov/job/853891500
Lead Environmental Protection Specialist,Department of Veterans Affairs,Department of Veterans Affairs,0028,2026-03-23T10:04:01.0100,2026-03-30T23:59:59.9970,"[environmental compliance, permitting]",https://www.usajobs.gov/job/862113000
Lead Medical Records Technician (ROI),Department of Veterans Affairs,Department of Veterans Affairs,0675,2025-12-22T00:00:00.0000,2025-12-29T23:59:59.9970,[permit applications],https://www.usajobs.gov/job/852995100
Lead Transportation Assistant,Department of Veterans Affairs,Department of Veterans Affairs,2102,2025-12-08T00:00:00.0000,2025-12-19T23:59:59.9970,[permit applications],https://www.usajobs.gov/job/852263000
Lead Transportation Assistant,Department of Veterans Affairs,Department of Veterans Affairs,2102,2026-04-22T13:55:02.7670,2026-05-01T23:59:59.9970,[permit applications],https://www.usajobs.gov/job/866264200
Maintenance and Operations Supervisor,Department of Veterans Affairs,Department of Veterans Affairs,4701,2026-04-20T09:06:45.5170,2026-04-22T23:59:59.9970,[clean air act],https://www.usajobs.gov/job/865804300
Materials Handler (Waste Management),Department of Veterans Affairs,Department of Veterans Affairs,6907,2025-09-17T12:16:40.9870,2025-09-26T23:59:59.9970,[rcra],https://www.usajobs.gov/job/846231700
Materials Handler - Waste Management,Department of Veterans Affairs,Department of Veterans Affairs,6907,2026-02-26T14:57:15.1070,2026-05-26T23:59:59.9970,[rcra],https://www.usajobs.gov/job/859161300
Motor Vehicle Operator,Department of Veterans Affairs,Department of Veterans Affairs,5703,2026-02-02T12:06:11.1430,2026-02-12T23:59:59.9970,[permitting],https://www.usajobs.gov/job/856223700
Network Healthcare Environmental Engineer,Department of Veterans Affairs,Department of Veterans Affairs,0801,2025-09-03T16:16:38.2630,2025-09-17T23:59:59.9970,[environmental compliance],https://www.usajobs.gov/job/844949100
Pharmacist (Facility Program Manager),Department of Veterans Affairs,Department of Veterans Affairs,0660,2026-04-01T15:22:25.9230,2026-04-08T23:59:59.9970,[environmental assessment],https://www.usajobs.gov/job/863547900
Physical Scientist,Department of Veterans Affairs,Department of Veterans Affairs,1301,2026-02-19T13:17:47.6230,2026-02-27T23:59:59.9970,"[permit applications, environmental compliance]",https://www.usajobs.gov/job/858235400
Physician (Chief Health Informatics Officer),Department of Veterans Affairs,Department of Veterans Affairs,0602,2025-03-27T00:00:00.0000,2025-09-30T23:59:59.9970,[environmental assessment],https://www.usajobs.gov/job/834415200
Physician - Chief Health Informatics Officer,Department of Veterans Affairs,Department of Veterans Affairs,0602,2026-02-24T00:00:00.0000,2026-03-09T23:59:59.9970,[environmental assessment],https://www.usajobs.gov/job/858623200
Physician-(Psychiatrist),Department of Veterans Affairs,Department of Veterans Affairs,0602,2025-07-24T15:50:12.9030,2025-09-30T23:59:59.9970,[permitting],https://www.usajobs.gov/job/841606800
Program Analyst (Informatics),Department of Veterans Affairs,Department of Veterans Affairs,0343,2026-04-06T08:59:36.3230,2026-04-16T23:59:59.9970,[environmental assessment],https://www.usajobs.gov/job/863967900
Program Support Assistant,Department of Veterans Affairs,Department of Veterans Affairs,0303,2026-03-31T12:07:11.1000,2026-04-08T23:59:59.9970,[permit applications],https://www.usajobs.gov/job/863281500
Program Support Assistant,Department of Veterans Affairs,Department of Veterans Affairs,0303,2026-03-09T00:00:00.0000,2026-03-16T23:59:59.9970,[permit applications],https://www.usajobs.gov/job/860354000
Program Support Assistant,Department of Veterans Affairs,Department of Veterans Affairs,0303,2026-05-08T14:54:06.7000,2026-05-18T23:59:59.9970,[permit applications],https://www.usajobs.gov/job/868612600
Registered Nurse - Consult Manager,Department of Veterans Affairs,Department of Veterans Affairs,0610,2025-10-21T12:07:15.5130,2025-11-07T23:59:59.9970,[environmental assessment],https://www.usajobs.gov/job/848551700
Registered Respiratory Therapist (Polysomnography),Department of Veterans Affairs,Department of Veterans Affairs,0601,2026-01-29T09:45:16.3400,2026-02-03T23:59:59.9970,[environmental assessment],https://www.usajobs.gov/job/855867000
Registered Respiratory Therapist - Program Coordinator - Home Oxygen,Department of Veterans Affairs,Department of Veterans Affairs,0601,2025-09-22T13:15:15.4670,2025-09-25T23:59:59.9970,[environmental assessment],https://www.usajobs.gov/job/846572900
Safety & Occupational Health Manager,Department of Veterans Affairs,Department of Veterans Affairs,0018,2025-11-25T15:54:54.5530,2025-12-04T23:59:59.9970,[environmental compliance],https://www.usajobs.gov/job/851028500
Safety & Occupational Health Manager,Department of Veterans Affairs,Department of Veterans Affairs,0018,2025-12-03T12:46:47.4630,2025-12-19T23:59:59.9970,[environmental compliance],https://www.usajobs.gov/job/851467100
Safety & Occupational Health Manager,Department of Veterans Affairs,Department of Veterans Affairs,0018,2025-07-22T16:52:19.0830,2025-07-29T23:59:59.9970,[licenses and permits],https://www.usajobs.gov/job/841363400
Safety & Occupational Health Manager,Department of Veterans Affairs,Department of Veterans Affairs,0018,2025-12-05T09:03:57.2870,2025-12-12T23:59:59.9970,[environmental compliance],https://www.usajobs.gov/job/851688900
Safety & Occupational Health Manager,Department of Veterans Affairs,Department of Veterans Affairs,0018,2025-11-07T00:00:00.0000,2025-11-18T23:59:59.9970,[rcra],https://www.usajobs.gov/job/849704000
Safety & Occupational Health Manager,Department of Veterans Affairs,Department of Veterans Affairs,0018,2026-01-06T15:47:20.9430,2026-01-15T23:59:59.9970,[licenses and permits],https://www.usajobs.gov/job/853713300
Safety & Occupational Health Manager,Department of Veterans Affairs,Department of Veterans Affairs,0018,2026-04-02T08:45:34.4200,2026-04-12T23:59:59.9970,[environmental compliance],https://www.usajobs.gov/job/863612100
Safety & Occupational Health Specialist (GEMS Coordinator),Department of Veterans Affairs,Department of Veterans Affairs,0018,2026-04-15T09:34:54.3870,2026-04-29T23:59:59.9970,"[permitting, environmental compliance]",https://www.usajobs.gov/job/865247900
Safety and Occupational Health Manager,Department of Veterans Affairs,Department of Veterans Affairs,0018,2025-09-22T12:08:13.7400,2025-09-26T23:59:59.9970,[environmental compliance],https://www.usajobs.gov/job/846566000
Safety and Occupational Health Manager,Department of Veterans Affairs,Department of Veterans Affairs,0018,2025-07-10T10:11:11.8030,2025-07-21T23:59:59.9970,[environmental compliance],https://www.usajobs.gov/job/840434800
Safety and Occupational Health Manager,Department of Veterans Affairs,Department of Veterans Affairs,0018,2025-11-14T00:00:00.0000,2025-12-01T23:59:59.9970,[environmental compliance],https://www.usajobs.gov/job/850052400
Staff Physician-Chief Health Informatics Officer (CHIO),Department of Veterans Affairs,Department of Veterans Affairs,0602,2026-04-30T06:34:09.4230,2026-05-12T23:59:59.9970,[environmental assessment],https://www.usajobs.gov/job/867316000
Supervisory Engineer,Department of Veterans Affairs,Department of Veterans Affairs,0801,2025-08-19T17:53:55.4700,2025-08-21T23:59:59.9970,[permitting],https://www.usajobs.gov/job/843794600
Supervisory Safety & Occupational Health Manager,Department of Veterans Affairs,Department of Veterans Affairs,0018,2025-11-06T00:00:00.0000,2025-11-10T23:59:59.9970,[rcra],https://www.usajobs.gov/job/849604400
Supervisory Safety & Occupational Health Manager,Department of Veterans Affairs,Department of Veterans Affairs,0018,2026-04-27T11:01:47.9230,2026-05-04T23:59:59.9970,[environmental compliance],https://www.usajobs.gov/job/866769100
Supervisory Safety & Occupational Health Specialist,Department of Veterans Affairs,Department of Veterans Affairs,0018,2026-05-01T13:02:19.9400,2026-05-15T23:59:59.9970,[environmental compliance],https://www.usajobs.gov/job/867600100
Supervisory Safety and Occupational Health Manager,Department of Veterans Affairs,Department of Veterans Affairs,0018,2025-09-15T08:50:30.1930,2025-09-26T23:59:59.9970,[environmental compliance],https://www.usajobs.gov/job/845928800
Supervisory Safety and Occupational Health Manager,Department of Veterans Affairs,Department of Veterans Affairs,0018,2025-11-14T00:00:00.0000,2025-11-19T23:59:59.9970,[rcra],https://www.usajobs.gov/job/850019200
Supervisory Safety and Occupational Health Manager,Department of Veterans Affairs,Department of Veterans Affairs,0018,2026-04-16T06:38:44.2700,2026-04-22T23:59:59.9970,[environmental compliance],https://www.usajobs.gov/job/865396700
Supervisory Safety and Occupational Health Manager,Department of Veterans Affairs,Department of Veterans Affairs,0018,2026-04-08T00:00:00.0000,2026-04-14T23:59:59.9970,[environmental compliance],https://www.usajobs.gov/job/864251800
Supervisory Safety and Occupational Health Specialist (Assistant Chief of Safety),Department of Veterans Affairs,Department of Veterans Affairs,0018,2026-03-18T08:55:00.4700,2026-03-25T23:59:59.9970,[environmental compliance],https://www.usajobs.gov/job/861573200
Supervisory Transportation Assistant,Department of Veterans Affairs,Department of Veterans Affairs,2102,2025-12-16T00:00:00.0000,2025-12-29T23:59:59.9970,[environmental compliance],https://www.usajobs.gov/job/852437000
Supervisory Transportation Assistant,Department of Veterans Affairs,Department of Veterans Affairs,2102,2025-11-05T00:00:00.0000,2025-11-18T23:59:59.9970,[environmental compliance],https://www.usajobs.gov/job/849455900
Supv Maint/Ops AC/Auto/Indust,Department of Veterans Affairs,Department of Veterans Affairs,4701,2025-11-20T13:07:02.7470,2025-12-04T23:59:59.9970,[clean air act],https://www.usajobs.gov/job/850603400
Training Specialist - Environmental Management Service,Department of Veterans Affairs,Department of Veterans Affairs,1712,2026-01-23T13:20:55.7370,2026-02-02T23:59:59.9970,[permitting],https://www.usajobs.gov/job/855328800
Transportation Assistant,Department of Veterans Affairs,Department of Veterans Affairs,2102,2025-10-23T00:00:00.0000,2025-10-28T23:59:59.9970,[permit applications],https://www.usajobs.gov/job/848689800
Transportation Assistant,Department of Veterans Affairs,Department of Veterans Affairs,2102,2025-11-21T00:00:00.0000,2025-11-25T23:59:59.9970,[permit applications],https://www.usajobs.gov/job/850650800
Transportation Assistant,Department of Veterans Affairs,Department of Veterans Affairs,2102,2025-12-19T17:06:50.9730,2025-12-23T23:59:59.9970,[permit applications],https://www.usajobs.gov/job/852977900
Transportation Assistant,Department of Veterans Affairs,Department of Veterans Affairs,2102,2025-12-19T00:00:00.0000,2025-12-23T23:59:59.9970,[permit applications],https://www.usajobs.gov/job/852677600
Transportation Assistant,Department of Veterans Affairs,Department of Veterans Affairs,2102,2025-12-08T11:46:06.2700,2025-12-15T23:59:59.9970,[permit applications],https://www.usajobs.gov/job/851836400
Transportation Assistant,Department of Veterans Affairs,Department of Veterans Affairs,2102,2025-12-08T10:07:51.4870,2025-12-16T23:59:59.9970,[permit applications],https://www.usajobs.gov/job/851818600
Transportation Assistant,Department of Veterans Affairs,Department of Veterans Affairs,2102,2025-11-12T00:00:00.0000,2025-11-20T23:59:59.9970,[permit applications],https://www.usajobs.gov/job/850051700
Transportation Assistant,Department of Veterans Affairs,Department of Veterans Affairs,2102,2025-07-02T15:40:50.5900,2025-07-14T23:59:59.9970,[permit applications],https://www.usajobs.gov/job/839997800
Transportation Assistant,Department of Veterans Affairs,Department of Veterans Affairs,2102,2025-09-17T12:32:33.3170,2025-09-25T23:59:59.9970,[permit applications],https://www.usajobs.gov/job/846234700
Transportation Assistant,Department of Veterans Affairs,Department of Veterans Affairs,2102,2026-04-23T11:55:34.7000,2026-05-07T23:59:59.9970,[permit applications],https://www.usajobs.gov/job/866423500
Transportation Assistant,Department of Veterans Affairs,Department of Veterans Affairs,2102,2026-01-16T11:56:15.5100,2026-02-06T23:59:59.9970,[permit applications],https://www.usajobs.gov/job/854770400
Transportation Assistant,Department of Veterans Affairs,Department of Veterans Affairs,2102,2026-04-15T14:14:35.1670,2026-04-24T23:59:59.9970,[permit applications],https://www.usajobs.gov/job/865293000
Transportation Assistant,Department of Veterans Affairs,Department of Veterans Affairs,2102,2026-01-13T00:00:00.0000,2026-01-23T23:59:59.9970,[permit applications],https://www.usajobs.gov/job/854185300
Transportation Assistant,Department of Veterans Affairs,Department of Veterans Affairs,2102,2026-01-15T08:55:13.3470,2026-01-26T23:59:59.9970,[permit applications],https://www.usajobs.gov/job/854582800
Transportation Assistant,Department of Veterans Affairs,Department of Veterans Affairs,2102,2026-03-09T16:38:50.3930,2026-03-16T23:59:59.9970,[permit applications],https://www.usajobs.gov/job/860445100
Transportation Assistant,Department of Veterans Affairs,Department of Veterans Affairs,2102,2026-03-13T00:00:00.0000,2026-03-23T23:59:59.9970,[permit applications],https://www.usajobs.gov/job/861039000
Transportation Assistant,Department of Veterans Affairs,Department of Veterans Affairs,2102,2026-04-17T09:05:15.4570,2026-04-29T23:59:59.9970,[permit applications],https://www.usajobs.gov/job/865618000
Transportation Assistant,Department of Veterans Affairs,Department of Veterans Affairs,2102,2026-05-06T12:34:43.6330,2026-05-18T23:59:59.9970,[permit applications],https://www.usajobs.gov/job/868137500
Transportation Assistant,Department of Veterans Affairs,Department of Veterans Affairs,2102,2026-02-18T00:00:00.0000,2026-03-02T23:59:59.9970,[permit applications],https://www.usajobs.gov/job/857825400
Transportation Assistant,Department of Veterans Affairs,Department of Veterans Affairs,2102,2026-03-20T00:00:00.0000,2026-03-30T23:59:59.9970,[permit applications],https://www.usajobs.gov/job/861744700
Transportation Assistant,Department of Veterans Affairs,Department of Veterans Affairs,2102,2026-04-07T00:00:00.0000,2026-04-17T23:59:59.9970,[permit applications],https://www.usajobs.gov/job/864088900
Transportation Assistant,Department of Veterans Affairs,Department of Veterans Affairs,2102,2026-03-23T09:31:04.8130,2026-03-30T23:59:59.9970,[permit applications],https://www.usajobs.gov/job/862105100
Utility System Operator - Recruitment/Relocation Authorized,Department of Veterans Affairs,Department of Veterans Affairs,5406,2026-05-04T11:52:55.5700,2026-08-03T23:59:59.9970,[clean air act],https://www.usajobs.gov/job/867747500
Utility System Operator - Recruitment/Relocation Incentive Authorized,Department of Veterans Affairs,Department of Veterans Affairs,5406,2026-02-20T11:31:33.0700,2026-05-20T23:59:59.9970,[clean air act],https://www.usajobs.gov/job/858375700
Utility Systems Operator,Department of Veterans Affairs,Department of Veterans Affairs,5406,2025-08-20T00:00:00.0000,2025-09-02T23:59:59.9970,[clean air act],https://www.usajobs.gov/job/843772600
Utility Systems Operator,Department of Veterans Affairs,Department of Veterans Affairs,5406,2025-11-14T15:38:22.1930,2025-11-21T23:59:59.9970,[clean air act],https://www.usajobs.gov/job/850161800
Utility Systems Operator - Recruitment Incentive Authorized,Department of Veterans Affairs,Department of Veterans Affairs,5406,2026-02-05T08:43:24.0970,2026-02-12T23:59:59.9970,[clean air act],https://www.usajobs.gov/job/856622800
Utility Systems Repairer-Opera,Department of Veterans Affairs,Department of Veterans Affairs,4742,2026-05-05T08:30:32.9130,2026-05-15T23:59:59.9970,[clean air act],https://www.usajobs.gov/job/867875100
AIR TRAFFIC CONTROL SPECIALIST,Department of the Air Force,Department of the Air Force,2152,2025-12-16T00:00:00.0000,2025-12-22T23:59:59.9970,[nepa],https://www.usajobs.gov/job/852495100
AIRCRAFT MAINTENANCE MANAGER,Department of the Air Force,Department of the Air Force,1601,2025-08-13T17:18:39.6830,2026-08-12T23:59:59.9970,[environmental compliance],https://www.usajobs.gov/job/843339900
AIRCRAFT SURVIVAL AND FLIGHT EQUIPMENT REPAIRER,Department of the Air Force,Department of the Air Force,4818,2026-01-16T00:00:00.0000,2026-01-23T23:59:59.9970,[environmental compliance],https://www.usajobs.gov/job/854705500
AIRSPACE MANAGEMENT SPECIALIST,Department of the Air Force,Department of the Air Force,2101,2025-09-12T10:33:21.5600,2025-09-18T23:59:59.9970,[national environmental policy act],https://www.usajobs.gov/job/845807500
ARCHEOLOGIST,Department of the Air Force,Department of the Air Force,0193,2026-03-06T00:00:00.0000,2026-03-12T23:59:59.9970,"[nepa, national environmental policy act]",https://www.usajobs.gov/job/859945200
ATTORNEY ADVISOR (GENERAL),Department of the Air Force,Department of the Air Force,0905,2025-12-22T00:00:00.0000,2026-01-08T23:59:59.9970,"[rcra, cercla]",https://www.usajobs.gov/job/852915000
ATTORNEY ADVISOR (GENERAL),Department of the Air Force,Department of the Air Force,0905,2026-01-07T00:00:00.0000,2026-01-21T23:59:59.9970,"[environmental compliance, nepa, national environmental policy act]",https://www.usajobs.gov/job/853641100
ATTORNEY ADVISOR (GENERAL),Department of the Air Force,Department of the Air Force,0905,2026-01-21T00:00:00.0000,2026-02-03T23:59:59.9970,"[rcra, cercla]",https://www.usajobs.gov/job/854902600
ATTORNEY-ADVISOR (GENERAL),Department of the Air Force,Department of the Air Force,0905,2025-09-30T00:00:00.0000,2025-10-13T23:59:59.9970,"[permitting, environmental compliance]",https://www.usajobs.gov/job/846819400
ATTORNEY-ADVISOR (GENERAL),Department of the Air Force,Department of the Air Force,0905,2025-08-22T00:00:00.0000,2025-09-05T23:59:59.9970,"[permitting, environmental compliance]",https://www.usajobs.gov/job/843975100
AUTOMOTIVE MECHANIC HELPER,Department of the Air Force,Department of the Air Force,5823,2026-01-26T09:49:33.4530,2026-02-05T23:59:59.9970,[permitting],https://www.usajobs.gov/job/855417100
Air Space and Range Techincal Advisor - DIRECT HIRE AUTHORITY,Department of the Air Force,Department of the Air Force,0020 | 0401 | 0801 | 0819 | 1301,2026-01-29T08:45:44.5730,2026-03-02T23:59:59.9970,"[nepa, national environmental policy act]",https://www.usajobs.gov/job/855855900
BIOLOGICAL SCIENTIST (ENVIRONMENTAL) INTERDISCIPLINARY,Department of the Air Force,Department of the Air Force,0020 | 0401 | 0801 | 0819 | 1301,2026-04-06T00:00:00.0000,2026-04-10T23:59:59.9970,[environmental compliance],https://www.usajobs.gov/job/863854800
COMPOSITE PLASTIC FABRICATOR,Department of the Air Force,Department of the Air Force,4352,2025-07-31T11:06:02.9300,2025-08-06T23:59:59.9970,[environmental compliance],https://www.usajobs.gov/job/842132400
COMPOSITE PLASTIC FABRICATOR,Department of the Air Force,Department of the Air Force,4352,2025-08-26T00:00:00.0000,2025-09-02T23:59:59.9970,[environmental compliance],https://www.usajobs.gov/job/844246300
COMPOSITE PLASTIC FABRICATOR,Department of the Air Force,Department of the Air Force,4352,2025-07-23T14:53:18.6670,2025-07-30T23:59:59.9970,[environmental compliance],https://www.usajobs.gov/job/841463000
COMPOSITE PLASTIC FABRICATOR,Department of the Air Force,Department of the Air Force,4352,2025-08-01T14:02:54.8930,2025-08-08T23:59:59.9970,[environmental compliance],https://www.usajobs.gov/job/842307800
COMPOSITE- PLASTIC FABRICATOR,Department of the Air Force,Department of the Air Force,4352,2025-08-06T00:00:00.0000,2025-08-12T23:59:59.9970,[environmental compliance],https://www.usajobs.gov/job/842531900
COMPOSITE- PLASTIC FABRICATOR,Department of the Air Force,Department of the Air Force,4352,2025-08-05T00:00:00.0000,2025-08-11T23:59:59.9970,[environmental compliance],https://www.usajobs.gov/job/842427000
COMPOSITE/ PLASTIC FABRICATOR,Department of the Air Force,Department of the Air Force,4352,2025-12-15T00:00:00.0000,2025-12-19T23:59:59.9970,[environmental compliance],https://www.usajobs.gov/job/852170600
COMPOSITE/ PLASTIC FABRICATOR,Department of the Air Force,Department of the Air Force,4352,2026-03-25T00:00:00.0000,2026-03-31T23:59:59.9970,[environmental compliance],https://www.usajobs.gov/job/862333400
COMPOSITE/PLASTIC FABRICATOR,Department of the Air Force,Department of the Air Force,4352,2025-08-19T00:00:00.0000,2025-08-25T23:59:59.9970,[environmental compliance],https://www.usajobs.gov/job/843551200
COMPOSITE/PLASTIC FABRICATOR,Department of the Air Force,Department of the Air Force,4352,2026-04-24T00:00:00.0000,2026-04-30T23:59:59.9970,[environmental compliance],https://www.usajobs.gov/job/866490100
COMPOSITE/PLASTIC FABRICATOR,Department of the Air Force,Department of the Air Force,4352,2026-04-15T00:00:00.0000,2026-04-21T23:59:59.9970,[environmental compliance],https://www.usajobs.gov/job/865061400
COMPOSITE/PLASTIC FABRICATOR,Department of the Air Force,Department of the Air Force,4352,2026-01-21T00:00:00.0000,2026-01-27T23:59:59.9970,[environmental compliance],https://www.usajobs.gov/job/854817700
COMPOSITE/PLASTIC FABRICATOR,Department of the Air Force,Department of the Air Force,4352,2026-03-27T00:00:00.0000,2026-04-02T23:59:59.9970,[environmental compliance],https://www.usajobs.gov/job/862508100
COMPOSITE/PLASTIC FABRICATOR,Department of the Air Force,Department of the Air Force,4352,2026-01-21T00:00:00.0000,2026-01-27T23:59:59.9970,[environmental compliance],https://www.usajobs.gov/job/854812900
COMPOSITE/PLASTIC FABRICATOR,Department of the Air Force,Department of the Air Force,4352,2026-03-03T00:00:00.0000,2026-03-09T23:59:59.9970,[environmental compliance],https://www.usajobs.gov/job/859162600
Deputy Director Air Force Civil Engineer Center,Department of the Air Force,Department of the Air Force,0301,2026-04-28T00:00:00.0000,2026-05-12T23:59:59.9970,[environmental compliance],https://www.usajobs.gov/job/866742300
ENGINEERING TECHNICIAN (CIVIL),Department of the Air Force,Department of the Air Force,0802,2026-03-25T15:36:31.2170,2026-03-31T23:59:59.9970,[safe drinking water act],https://www.usajobs.gov/job/862589500
ENVIROMENTAL PROTECTION SPECIALIST,Department of the Air Force,Department of the Air Force,0028,2025-10-16T00:00:00.0000,2025-11-10T23:59:59.9970,"[environmental compliance, permitting, nepa, environmental impact statement, national environmental policy act]",https://www.usajobs.gov/job/848312800
ENVIRONMENTAL ENGINEER,Department of the Air Force,Department of the Air Force,0819,2025-09-03T00:00:00.0000,2025-09-24T23:59:59.9970,[environmental compliance],https://www.usajobs.gov/job/843947000
ENVIRONMENTAL ENGINEER,Department of the Air Force,Department of the Air Force,0819,2026-03-10T00:00:00.0000,2026-03-20T23:59:59.9970,[environmental compliance],https://www.usajobs.gov/job/860431700
ENVIRONMENTAL PROTECTION ASSISTANT,Department of the Air Force,Department of the Air Force,0029,2025-08-20T00:00:00.0000,2025-08-26T23:59:59.9970,[environmental compliance],https://www.usajobs.gov/job/843724400
ENVIRONMENTAL PROTECTION SPECIALIST,Department of the Air Force,Department of the Air Force,0028,2026-04-03T10:25:55.8800,2026-04-09T23:59:59.9970,[environmental compliance],https://www.usajobs.gov/job/863835600
EXPLOSIVE ORDNANCE DISPOSAL TECHNICIAN,Department of the Air Force,Department of the Air Force,6501,2025-11-04T13:55:00.8930,2025-11-18T23:59:59.9970,[rcra],https://www.usajobs.gov/job/849485200
EXPLOSIVE ORDNANCE DISPOSAL TECHNICIAN,Department of the Air Force,Department of the Air Force,6501,2025-09-30T16:34:46.6230,2025-10-31T23:59:59.9970,[rcra],https://www.usajobs.gov/job/847102100
EXPLOSIVE ORDNANCE DISPOSAL TECHNICIAN,Department of the Air Force,Department of the Air Force,6501,2026-02-25T15:05:49.6070,2026-03-05T23:59:59.9970,[rcra],https://www.usajobs.gov/job/858958400
EXPLOSIVE ORDNANCE DISPOSAL TECHNICIAN (Temp-Indef),Department of the Air Force,Department of the Air Force,6501,2025-08-20T11:50:37.6600,2025-09-02T23:59:59.9970,[rcra],https://www.usajobs.gov/job/843843100
FACILITIES OPERATIONS SPECIALIST,Department of the Air Force,Department of the Air Force,1640,2026-04-02T11:43:37.3830,2026-04-08T23:59:59.9970,[environmental compliance],https://www.usajobs.gov/job/863667800
FACILITY PROGRAM PLANNING SPECIALIST,Department of the Air Force,Department of the Air Force,0301,2026-03-23T11:27:59.3930,2026-03-27T23:59:59.9970,[environmental compliance],https://www.usajobs.gov/job/862138500
General Engineer - Direct Hire Authority,Department of the Air Force,Department of the Air Force,0801,2026-02-23T16:12:41.7070,2026-02-27T23:59:59.9970,[environmental compliance],https://www.usajobs.gov/job/858619800
INDUSTRIAL HYGIENIST,Department of the Air Force,Department of the Air Force,0690,2025-10-14T11:00:13.2970,2025-11-13T23:59:59.9970,[permit applications],https://www.usajobs.gov/job/848052200
INDUSTRIAL HYGIENIST,Department of the Air Force,Department of the Air Force,0690,2025-07-09T00:00:00.0000,2025-09-03T23:59:59.9970,"[permit applications, safe drinking water act]",https://www.usajobs.gov/job/840355500
INDUSTRIAL HYGIENIST,Department of the Air Force,Department of the Air Force,0690,2025-10-07T09:34:42.2630,2025-10-22T23:59:59.9970,"[permit applications, environmental assessment]",https://www.usajobs.gov/job/847618300
INDUSTRIAL HYGIENIST,Department of the Air Force,Department of the Air Force,0690,2025-11-05T00:00:00.0000,2025-11-16T23:59:59.9970,[environmental assessment],https://www.usajobs.gov/job/849491400
INDUSTRIAL HYGIENIST,Department of the Air Force,Department of the Air Force,0690,2025-08-27T11:29:58.9470,2025-09-04T23:59:59.9970,"[permit applications, environmental assessment]",https://www.usajobs.gov/job/844440400
INDUSTRIAL HYGIENIST (TITLE 5),Department of the Air Force,Department of the Air Force,0690,2026-03-02T00:00:00.0000,2026-03-06T23:59:59.9970,[environmental assessment],https://www.usajobs.gov/job/858936200
INDUSTRIAL HYGIENIST (Title 32),Department of the Air Force,Department of the Air Force,0690,2026-02-17T09:10:15.5270,2026-03-03T23:59:59.9970,[permit applications],https://www.usajobs.gov/job/857830100
INSTALLATION MANAGER,Department of the Air Force,Department of the Air Force,0301,2025-09-16T00:00:00.0000,2025-09-22T23:59:59.9970,[environmental compliance],https://www.usajobs.gov/job/846016300
INSTALLATION MANAGER,Department of the Air Force,Department of the Air Force,0301,2026-03-04T14:53:31.0200,2026-03-17T23:59:59.9970,[environmental compliance],https://www.usajobs.gov/job/859871300
INSTALLATION MANAGER,Department of the Air Force,Department of the Air Force,0301,2026-02-19T10:58:45.3070,2026-03-04T23:59:59.9970,[environmental compliance],https://www.usajobs.gov/job/858198200
INSTALLATION MANAGER,Department of the Air Force,Department of the Air Force,0301,2026-01-26T00:00:00.0000,2026-02-06T23:59:59.9970,[environmental compliance],https://www.usajobs.gov/job/855274400
INSTALLATION MANAGER,Department of the Air Force,Department of the Air Force,0301,2026-04-20T16:21:09.7830,2026-04-27T23:59:59.9970,[environmental compliance],https://www.usajobs.gov/job/865933100
INSTALLATION MANAGER,Department of the Air Force,Department of the Air Force,0301,2026-01-13T00:00:00.0000,2026-01-19T23:59:59.9970,[environmental compliance],https://www.usajobs.gov/job/854132500
INSTALLATION MANAGER,Department of the Air Force,Department of the Air Force,0301,2026-02-26T00:00:00.0000,2026-03-11T23:59:59.9970,[environmental compliance],https://www.usajobs.gov/job/858981600
INTERDISCIPLINARY,Department of the Air Force,Department of the Air Force,0020 | 0401 | 0801 | 0808 | 1301,2026-04-03T00:00:00.0000,2026-04-17T23:59:59.9970,"[nepa, national environmental policy act]",https://www.usajobs.gov/job/863531200
INTERDISCIPLINARY (ENVIRONMENTAL) - DIRECT HIRE AUTHORITY,Department of the Air Force,Department of the Air Force,0020 | 0401 | 0801 | 0819 | 1301,2025-09-03T08:16:59.1530,2025-12-19T23:59:59.9970,[environmental compliance],https://www.usajobs.gov/job/844682100
INTERDISCIPLINARY SUPERVISORY COMMUNITY PLANNER/BIO SCIENTIST/GEN ENG/ENV ENG/PHY SCIENTIST,Department of the Air Force,Department of the Air Force,0020 | 0401 | 0801 | 0819 | 1301,2026-04-07T00:00:00.0000,2026-04-13T23:59:59.9970,[environmental compliance],https://www.usajobs.gov/job/863890900
Lead Recreation Specialist (OAP Mountain Ops),Department of the Air Force,Department of the Air Force,0189,2025-07-24T18:12:03.8170,2025-07-30T23:59:59.9970,[permitting],https://www.usajobs.gov/job/841624300
MEDICAL ADMINISTRATIVE OFFICER,Department of the Air Force,Department of the Air Force,0301,2026-05-07T15:14:18.6630,2026-05-13T23:59:59.9970,"[npdes, clean air act]",https://www.usajobs.gov/job/868407500
METEOROLOGICAL TECHNICIAN - TITLE 32,Department of the Air Force,Department of the Air Force,1341,2025-07-01T00:00:00.0000,2025-12-31T23:59:59.9970,[environmental assessment],https://www.usajobs.gov/job/839565200
METEOROLOGICAL TECHNICIAN - TITLE 32,Department of the Air Force,Department of the Air Force,1341,2026-01-02T00:00:00.0000,2026-12-31T23:59:59.9970,[environmental assessment],https://www.usajobs.gov/job/851247100
MUNITIONS DISPOSAL SPECIALIST,Department of the Air Force,Department of the Air Force,0301,2026-04-22T00:00:00.0000,2026-04-28T23:59:59.9970,"[nepa, national environmental policy act, environmental compliance]",https://www.usajobs.gov/job/866116200
MUNITIONS DISPOSAL SPECIALIST,Department of the Air Force,Department of the Air Force,0301,2026-04-16T10:59:37.2170,2026-04-22T23:59:59.9970,[environmental compliance],https://www.usajobs.gov/job/864945400
MUNITIONS DISPOSAL SPECIALIST,Department of the Air Force,Department of the Air Force,0301,2026-03-12T00:00:00.0000,2026-03-18T23:59:59.9970,"[nepa, national environmental policy act, environmental compliance]",https://www.usajobs.gov/job/860820300
NONDESTRUCTIVE TESTER,Department of the Air Force,Department of the Air Force,3705,2025-08-27T00:00:00.0000,2025-09-03T23:59:59.9970,[environmental compliance],https://www.usajobs.gov/job/844302300
NONDESTRUCTIVE TESTER,Department of the Air Force,Department of the Air Force,3705,2025-07-25T00:00:00.0000,2025-07-31T23:59:59.9970,[environmental compliance],https://www.usajobs.gov/job/841584000
NVIRONMENTAL PROTECTION SPECIALIST-Direct Hire Authority,Department of the Air Force,Department of the Air Force,0028,2026-01-21T00:00:00.0000,2026-02-03T23:59:59.9970,[environmental compliance],https://www.usajobs.gov/job/854902100
Operations Assistant,Department of the Air Force,Department of the Air Force,0303,2026-01-13T00:00:00.0000,2026-01-20T23:59:59.9970,[environmental compliance],https://www.usajobs.gov/job/854245600
PAINTER,Department of the Air Force,Department of the Air Force,4102,2025-09-04T09:13:56.1600,2025-09-11T23:59:59.9970,[environmental compliance],https://www.usajobs.gov/job/844986600
PHYSICAL SCIENTIST (ENVIRONMENTAL),Department of the Air Force,Department of the Air Force,0020 | 0401 | 0801 | 0819 | 1301,2025-11-18T11:35:31.8900,2025-12-03T23:59:59.9970,[environmental compliance],https://www.usajobs.gov/job/850334900
PHYSICAL SCIENTIST (ENVIRONMENTAL),Department of the Air Force,Department of the Air Force,0020 | 0401 | 0801 | 0819 | 1301,2025-08-05T08:57:26.6400,2025-08-11T23:59:59.9970,[environmental compliance],https://www.usajobs.gov/job/842485300
PHYSICAL SCIENTIST (ENVIRONMENTAL),Department of the Air Force,Department of the Air Force,0020 | 0401 | 0801 | 0819 | 1301,2026-03-11T09:24:20.6370,2026-03-17T23:59:59.9970,[environmental compliance],https://www.usajobs.gov/job/860682500
PHYSICAL SCIENTIST-Direct Hire Authority,Department of the Air Force,Department of the Air Force,1301,2026-02-12T00:00:00.0000,2026-02-25T23:59:59.9970,"[permitting, environmental compliance]",https://www.usajobs.gov/job/857402400
POWERED SUPPORT SYSTEMS MECHANIC,Department of the Air Force,Department of the Air Force,5378,2025-09-11T11:12:44.6030,2025-09-17T23:59:59.9970,[environmental compliance],https://www.usajobs.gov/job/845663800
POWERED SUPPORT SYSTEMS MECHANIC,Department of the Air Force,Department of the Air Force,5378,2025-07-31T00:00:00.0000,2025-08-06T23:59:59.9970,[environmental compliance],https://www.usajobs.gov/job/842061100
POWERED SUPPORT SYSTEMS MECHANIC,Department of the Air Force,Department of the Air Force,5378,2025-12-29T09:57:42.1400,2026-01-05T23:59:59.9970,[environmental compliance],https://www.usajobs.gov/job/853226900
POWERED SUPPORT SYSTEMS MECHANIC,Department of the Air Force,Department of the Air Force,5378,2025-09-18T11:30:17.9770,2025-09-25T23:59:59.9970,[environmental compliance],https://www.usajobs.gov/job/846325100
POWERED SUPPORT SYSTEMS MECHANIC,Department of the Air Force,Department of the Air Force,5378,2025-07-11T00:00:00.0000,2025-07-17T23:59:59.9970,[environmental compliance],https://www.usajobs.gov/job/840438500
POWERED SUPPORT SYSTEMS MECHANIC,Department of the Air Force,Department of the Air Force,5378,2025-09-29T07:45:39.6270,2025-10-03T23:59:59.9970,[environmental compliance],https://www.usajobs.gov/job/846787600
POWERED SUPPORT SYSTEMS MECHANIC,Department of the Air Force,Department of the Air Force,5378,2025-07-03T09:33:19.0100,2025-07-10T23:59:59.9970,[environmental compliance],https://www.usajobs.gov/job/840054000
POWERED SUPPORT SYSTEMS MECHANIC,Department of the Air Force,Department of the Air Force,5378,2026-04-03T12:24:38.1070,2026-04-10T23:59:59.9970,[environmental compliance],https://www.usajobs.gov/job/863871900
POWERED SUPPORT SYSTEMS MECHANIC,Department of the Air Force,Department of the Air Force,5378,2026-04-08T00:00:00.0000,2026-04-14T23:59:59.9970,[environmental compliance],https://www.usajobs.gov/job/864124200
POWERED SUPPORT SYSTEMS MECHANIC,Department of the Air Force,Department of the Air Force,5378,2026-01-13T10:00:43.4270,2026-01-19T23:59:59.9970,[environmental compliance],https://www.usajobs.gov/job/854291300
POWERED SUPPORT SYSTEMS MECHANIC,Department of the Air Force,Department of the Air Force,5378,2026-02-23T00:00:00.0000,2026-02-27T23:59:59.9970,[environmental compliance],https://www.usajobs.gov/job/858367900
POWERED SUPPORT SYSTEMS MECHANIC,Department of the Air Force,Department of the Air Force,5378,2026-02-25T00:00:00.0000,2026-03-03T23:59:59.9970,[environmental compliance],https://www.usajobs.gov/job/858674100
PUBLIC AFFAIRS SPECIALIST (TECHNICAL ADVISER) - DIRECT HIRE AUTHORITY,Department of the Air Force,Department of the Air Force,1035,2026-04-15T00:00:00.0000,2026-08-13T23:59:59.9970,[nepa],https://www.usajobs.gov/job/865100700
Physical Scientist,Department of the Air Force,Department of the Air Force,1301,2025-01-01T00:00:00.0000,2025-12-31T23:59:59.9970,[environmental compliance],https://www.usajobs.gov/job/825860000
Physical Scientist,Department of the Air Force,Department of the Air Force,1301,2025-12-22T15:20:07.2500,2026-12-21T23:59:59.9970,[environmental compliance],https://www.usajobs.gov/job/853082300
QUALITY ASSURANCE SPECIALIST,Department of the Air Force,Department of the Air Force,1910,2026-03-19T13:45:39.8700,2026-04-03T23:59:59.9970,[environmental compliance],https://www.usajobs.gov/job/861829200
QUALITY ASSURANCE SPECIALIST(T32),Department of the Air Force,Department of the Air Force,1910,2025-08-27T08:18:39.2300,2025-09-17T23:59:59.9970,[environmental compliance],https://www.usajobs.gov/job/844404600
RANGE CONTROL SPECIALIST,Department of the Air Force,Department of the Air Force,0301,2026-04-30T09:46:10.1500,2026-05-06T23:59:59.9970,"[nepa, national environmental policy act]",https://www.usajobs.gov/job/867352900
RANGE CONTROL SPECIALIST,Department of the Air Force,Department of the Air Force,0301,2026-04-28T00:00:00.0000,2026-05-04T23:59:59.9970,"[nepa, national environmental policy act]",https://www.usajobs.gov/job/866882900
RANGE OPERATIONS SPECIALIST,Department of the Air Force,Department of the Air Force,0301,2026-04-27T14:50:44.1500,2026-05-04T23:59:59.9970,[national environmental policy act],https://www.usajobs.gov/job/866841900
RANGE OPERATIONS SPECIALIST,Department of the Air Force,Department of the Air Force,0301,2026-04-16T18:02:42.8900,2026-04-24T23:59:59.9970,[environmental compliance],https://www.usajobs.gov/job/865583800
SENIOR ATTORNEY-ADVISOR,Department of the Air Force,Department of the Air Force,0905,2025-12-12T00:00:00.0000,2025-12-26T23:59:59.9970,[environmental compliance],https://www.usajobs.gov/job/852162000
SHEET METAL MECHANIC (AIRCRAFT),Department of the Air Force,Department of the Air Force,3806,2026-03-06T00:00:00.0000,2026-03-12T23:59:59.9970,[environmental compliance],https://www.usajobs.gov/job/860089500
SHEET METAL MECHANIC (AIRCRAFT/PAINTER),Department of the Air Force,Department of the Air Force,3806,2025-07-10T00:00:00.0000,2025-08-06T23:59:59.9970,[environmental compliance],https://www.usajobs.gov/job/840316200
SHEET METAL MECHANIC (AIRCRAFT/PAINTER),Department of the Air Force,Department of the Air Force,3806,2025-09-29T00:00:00.0000,2025-12-05T23:59:59.9970,[environmental compliance],https://www.usajobs.gov/job/850303200
SHEET METAL MECHANIC (AIRCRAFT/PAINTER),Department of the Air Force,Department of the Air Force,3806,2025-07-21T00:00:00.0000,2025-08-04T23:59:59.9970,[environmental compliance],https://www.usajobs.gov/job/841097400
SHEET METAL MECHANIC (AIRCRAFT/PAINTER),Department of the Air Force,Department of the Air Force,3806,2025-07-22T00:00:00.0000,2025-08-04T23:59:59.9970,[environmental compliance],https://www.usajobs.gov/job/841169400
SHEET METAL MECHANIC (AIRCRAFT/PAINTER),Department of the Air Force,Department of the Air Force,3806,2025-07-24T00:00:00.0000,2025-08-07T23:59:59.9970,[environmental compliance],https://www.usajobs.gov/job/841507500
SHEET METAL MECHANIC (AIRCRAFT/PAINTER),Department of the Air Force,Department of the Air Force,3806,2025-07-29T00:00:00.0000,2025-08-04T23:59:59.9970,[environmental compliance],https://www.usajobs.gov/job/841818900
SHEET METAL MECHANIC (AIRCRAFT/PAINTER),Department of the Air Force,Department of the Air Force,3806,2025-12-23T08:23:04.5700,2026-01-06T23:59:59.9970,[environmental compliance],https://www.usajobs.gov/job/853117800
SHEET METAL MECHANIC (AIRCRAFT/PAINTER),Department of the Air Force,Department of the Air Force,3806,2025-09-29T00:00:00.0000,2025-10-03T23:59:59.9970,[environmental compliance],https://www.usajobs.gov/job/846571700
SHEET METAL MECHANIC (AIRCRAFT/PAINTER),Department of the Air Force,Department of the Air Force,3806,2025-06-24T00:00:00.0000,2025-07-08T23:59:59.9970,[environmental compliance],https://www.usajobs.gov/job/839270800
SHEET METAL MECHANIC (AIRCRAFT/PAINTER),Department of the Air Force,Department of the Air Force,3806,2025-09-19T00:00:00.0000,2025-09-25T23:59:59.9970,[environmental compliance],https://www.usajobs.gov/job/846364700
SHEET METAL MECHANIC (AIRCRAFT/PAINTER),Department of the Air Force,Department of the Air Force,3806,2025-09-18T00:00:00.0000,2025-09-24T23:59:59.9970,[environmental compliance],https://www.usajobs.gov/job/846148300
SHEET METAL MECHANIC (AIRCRAFT/PAINTER),Department of the Air Force,Department of the Air Force,3806,2025-07-02T00:00:00.0000,2025-07-09T23:59:59.9970,[environmental compliance],https://www.usajobs.gov/job/839837000
SHEET METAL MECHANIC (AIRCRAFT/PAINTER),Department of the Air Force,Department of the Air Force,3806,2025-07-18T00:00:00.0000,2025-07-24T23:59:59.9970,[environmental compliance],https://www.usajobs.gov/job/840998900
SHEET METAL MECHANIC (AIRCRAFT/PAINTER),Department of the Air Force,Department of the Air Force,3806,2025-07-21T00:00:00.0000,2025-07-25T23:59:59.9970,[environmental compliance],https://www.usajobs.gov/job/841096900
SHEET METAL MECHANIC (AIRCRAFT/PAINTER),Department of the Air Force,Department of the Air Force,3806,2025-06-17T00:00:00.0000,2025-07-18T23:59:59.9970,[environmental compliance],https://www.usajobs.gov/job/838969800
SHEET METAL MECHANIC (AIRCRAFT/PAINTER),Department of the Air Force,Department of the Air Force,3806,2025-09-16T00:00:00.0000,2025-09-22T23:59:59.9970,[environmental compliance],https://www.usajobs.gov/job/845892000
SHEET METAL MECHANIC (AIRCRAFT/PAINTER),Department of the Air Force,Department of the Air Force,3806,2025-09-03T00:00:00.0000,2025-09-09T23:59:59.9970,[environmental compliance],https://www.usajobs.gov/job/844781300
SHEET METAL MECHANIC (AIRCRAFT/PAINTER),Department of the Air Force,Department of the Air Force,3806,2025-12-09T00:00:00.0000,2025-12-15T23:59:59.9970,[environmental compliance],https://www.usajobs.gov/job/851763700
SHEET METAL MECHANIC (AIRCRAFT/PAINTER),Department of the Air Force,Department of the Air Force,3806,2025-07-22T00:00:00.0000,2025-08-04T23:59:59.9970,[environmental compliance],https://www.usajobs.gov/job/841279500
SHEET METAL MECHANIC (AIRCRAFT/PAINTER),Department of the Air Force,Department of the Air Force,3806,2025-06-25T00:00:00.0000,2025-07-09T23:59:59.9970,[environmental compliance],https://www.usajobs.gov/job/839456000
SHEET METAL MECHANIC (AIRCRAFT/PAINTER),Department of the Air Force,Department of the Air Force,3806,2025-09-11T00:00:00.0000,2025-09-17T23:59:59.9970,[environmental compliance],https://www.usajobs.gov/job/845536400
SHEET METAL MECHANIC (AIRCRAFT/PAINTER),Department of the Air Force,Department of the Air Force,3806,2025-07-14T00:00:00.0000,2025-07-25T23:59:59.9970,[environmental compliance],https://www.usajobs.gov/job/840541000
SHEET METAL MECHANIC (AIRCRAFT/PAINTER),Department of the Air Force,Department of the Air Force,3806,2026-04-13T00:00:00.0000,2026-04-17T23:59:59.9970,[environmental compliance],https://www.usajobs.gov/job/864805900
SHEET METAL MECHANIC (AIRCRAFT/PAINTER),Department of the Air Force,Department of the Air Force,3806,2026-01-23T00:00:00.0000,2026-01-29T23:59:59.9970,[environmental compliance],https://www.usajobs.gov/job/855215800
SHEET METAL MECHANIC (AIRCRAFT/PAINTER),Department of the Air Force,Department of the Air Force,3806,2026-01-07T00:00:00.0000,2026-01-13T23:59:59.9970,[environmental compliance],https://www.usajobs.gov/job/853623600
SHEET METAL MECHANIC (AIRCRAFT/PAINTER),Department of the Air Force,Department of the Air Force,3806,2026-01-12T00:00:00.0000,2026-01-16T23:59:59.9970,[environmental compliance],https://www.usajobs.gov/job/853934700
SHEET METAL MECHANIC (AIRCRAFT/PAINTER),Department of the Air Force,Department of the Air Force,3806,2026-03-16T00:00:00.0000,2026-03-20T23:59:59.9970,[environmental compliance],https://www.usajobs.gov/job/861112000
SHEET METAL MECHANIC (AIRCRAFT/PAINTER),Department of the Air Force,Department of the Air Force,3806,2026-03-25T00:00:00.0000,2026-03-31T23:59:59.9970,[environmental compliance],https://www.usajobs.gov/job/862277100
SHEET METAL MECHANIC (AIRCRAFT/PAINTER),Department of the Air Force,Department of the Air Force,3806,2026-01-22T11:49:24.2800,2026-01-28T23:59:59.9970,[environmental compliance],https://www.usajobs.gov/job/855156400
SHEET METAL MECHANIC (AIRCRAFT/PAINTER),Department of the Air Force,Department of the Air Force,3806,2026-05-06T00:00:00.0000,2026-05-12T23:59:59.9970,[environmental compliance],https://www.usajobs.gov/job/867935500
SHEET METAL MECHANIC (AIRCRAFT/PAINTER),Department of the Air Force,Department of the Air Force,3806,2026-03-06T00:00:00.0000,2026-03-12T23:59:59.9970,[environmental compliance],https://www.usajobs.gov/job/860027200
SHEET METAL MECHANIC (AIRCRAFT/PAINTER),Department of the Air Force,Department of the Air Force,3806,2026-04-14T00:00:00.0000,2026-04-20T23:59:59.9970,[environmental compliance],https://www.usajobs.gov/job/864895000
SHEET METAL MECHANIC (AIRCRAFT/PAINTER),Department of the Air Force,Department of the Air Force,3806,2026-04-06T12:13:46.6900,2026-04-10T23:59:59.9970,[environmental compliance],https://www.usajobs.gov/job/864019700
SHEET METAL MECHANIC (AIRCRAFT/PAINTER),Department of the Air Force,Department of the Air Force,3806,2026-01-05T00:00:00.0000,2026-01-09T23:59:59.9970,[environmental compliance],https://www.usajobs.gov/job/853499600
SHEET METAL MECHANIC (AIRCRAFT/PAINTER),Department of the Air Force,Department of the Air Force,3806,2026-01-13T10:25:12.9400,2026-01-19T23:59:59.9970,[environmental compliance],https://www.usajobs.gov/job/854297200
SHEET METAL MECHANIC (AIRCRAFT/PAINTER),Department of the Air Force,Department of the Air Force,3806,2026-04-06T00:00:00.0000,2026-04-10T23:59:59.9970,[environmental compliance],https://www.usajobs.gov/job/863680000
SHEET METAL MECHANIC (AIRCRAFT/PAINTER),Department of the Air Force,Department of the Air Force,3806,2026-02-06T10:43:38.4500,2026-02-12T23:59:59.9970,[environmental compliance],https://www.usajobs.gov/job/856825300
SHEET METAL MECHANIC (AIRCRAFT/PAINTER),Department of the Air Force,Department of the Air Force,3806,2026-04-24T00:00:00.0000,2026-04-30T23:59:59.9970,[environmental compliance],https://www.usajobs.gov/job/866422900
SHEET METAL MECHANIC (AIRCRAFT/PAINTER),Department of the Air Force,Department of the Air Force,3806,2026-02-06T00:00:00.0000,2026-02-12T23:59:59.9970,[environmental compliance],https://www.usajobs.gov/job/856696900
SHEET METAL MECHANIC (AIRCRAFT/PAINTER),Department of the Air Force,Department of the Air Force,3806,2026-05-04T00:00:00.0000,2026-05-08T23:59:59.9970,[environmental compliance],https://www.usajobs.gov/job/867597700
SHEET METAL MECHANIC (AIRCRAFT/PAINTER) SUPERVISOR,Department of the Air Force,Department of the Air Force,3806,2025-06-27T00:00:00.0000,2025-07-11T23:59:59.9970,[environmental compliance],https://www.usajobs.gov/job/839555100
SHEET METAL MECHANIC (AIRCRAFT/PAINTER) SUPERVISOR,Department of the Air Force,Department of the Air Force,3806,2025-09-12T00:00:00.0000,2025-09-18T23:59:59.9970,[environmental compliance],https://www.usajobs.gov/job/845670800
SHEET METAL MECHANIC (AIRCRAFT/PAINTER) SUPERVISOR,Department of the Air Force,Department of the Air Force,3806,2025-07-25T00:00:00.0000,2025-08-07T23:59:59.9970,[environmental compliance],https://www.usajobs.gov/job/841658100
SHEET METAL MECHANIC (AIRCRAFT/PAINTER) SUPERVISOR,Department of the Air Force,Department of the Air Force,3806,2025-07-29T00:00:00.0000,2025-08-04T23:59:59.9970,[environmental compliance],https://www.usajobs.gov/job/841776900
SUPERVISORY BIOLOGIST,Department of the Air Force,Department of the Air Force,0401 | 0819 | 1301,2025-09-09T11:26:14.6370,2025-09-22T23:59:59.9970,"[clean water act, nepa, national environmental policy act]",https://www.usajobs.gov/job/845387500
SUPERVISORY COMMUNITY PLANNER (ENVIRONMENTAL) - DIRECT HIRE AUTHORITY,Department of the Air Force,Department of the Air Force,0020 | 0401 | 0801 | 0819 | 1301,2025-09-04T00:00:00.0000,2025-09-17T23:59:59.9970,[environmental compliance],https://www.usajobs.gov/job/844697200
SUPERVISORY ELECTRONICS TECHNICIAN,Department of the Air Force,Department of the Air Force,0856,2026-04-03T00:00:00.0000,2026-04-17T23:59:59.9970,[environmental compliance],https://www.usajobs.gov/job/863644300
SUPERVISORY ENVIRONMENTAL ENGINEER,Department of the Air Force,Department of the Air Force,0020 | 0401 | 0801 | 0819 | 1301,2026-04-09T00:00:00.0000,2026-04-15T23:59:59.9970,[environmental compliance],https://www.usajobs.gov/job/864367100
SUPERVISORY ENVIRONMENTAL ENGINEER,Department of the Air Force,Department of the Air Force,0819,2026-03-03T00:00:00.0000,2026-03-10T23:59:59.9970,[environmental compliance],https://www.usajobs.gov/job/859540600
SUPERVISORY ENVIRONMENTAL ENGINEER,Department of the Air Force,Department of the Air Force,0020 | 0401 | 0801 | 0819 | 1301,2026-04-09T12:21:01.2230,2026-04-15T23:59:59.9970,[environmental compliance],https://www.usajobs.gov/job/864575800
SUPERVISORY GENERAL ENGINEER (ENVIRONMENTAL),Department of the Air Force,Department of the Air Force,0020 | 0401 | 0801 | 0819 | 1301,2026-03-16T08:11:16.4400,2026-03-20T23:59:59.9970,[environmental compliance],https://www.usajobs.gov/job/861227400
SUPERVISORY IT SPECIALIST (PLCYPLN) (TITLE 32),Department of the Air Force,Department of the Air Force,2210,2026-02-13T11:45:24.1430,2026-03-13T23:59:59.9970,[environmental compliance],https://www.usajobs.gov/job/857696600
SUPERVISORY QUALITY ASSURANCE SPECIALIST (TITLE 32),Department of the Air Force,Department of the Air Force,1910,2025-07-02T11:42:19.9000,2025-07-16T23:59:59.9970,[environmental compliance],https://www.usajobs.gov/job/839967500
SUPV BIOLOGICAL SCIENTIST (ENVIRONMENTAL),Department of the Air Force,Department of the Air Force,0020 | 0401 | 0801 | 0819 | 1301,2025-12-12T00:00:00.0000,2025-12-26T23:59:59.9970,[environmental compliance],https://www.usajobs.gov/job/852257400
SUPV IT SPECIALIST (PLCYPLN) (T32),Department of the Air Force,Department of the Air Force,2210,2026-03-11T00:00:00.0000,2026-04-10T23:59:59.9970,[environmental compliance],https://www.usajobs.gov/job/860761500
Supervisory Recreation Specialist,Department of the Air Force,Department of the Air Force,0188,2026-02-09T16:20:42.2430,2026-02-17T23:59:59.9970,[environmental compliance],https://www.usajobs.gov/job/857068000
THE LEGISLATIVE REGULATORY AND TECHNICAL SUPPORT DIVISION CHIEF - DIRECT HIRE AUTHORITY,Department of the Air Force,Department of the Air Force,0020 | 0401 | 0801 | 0819 | 1301,2026-04-20T10:15:07.8400,2026-08-17T23:59:59.9970,"[nepa, national environmental policy act]",https://www.usajobs.gov/job/865821500
TITLE 32 INDUSTRIAL HYGIENIST GS-0690-11,Department of the Air Force,Department of the Air Force,0690,2026-02-17T14:27:11.7400,2026-03-17T23:59:59.9970,"[permit applications, environmental assessment]",https://www.usajobs.gov/job/857917300
WOOD CRAFTER HELPER,Department of the Air Force,Department of the Air Force,4605,2025-08-22T08:30:51.1600,2025-11-20T23:59:59.9970,[environmental compliance],https://www.usajobs.gov/job/844064000
Wood Crafter Helper,Department of the Air Force,Department of the Air Force,4605,2025-07-16T08:55:04.7630,2025-07-30T23:59:59.9970,[environmental compliance],https://www.usajobs.gov/job/840821000
MUNITIONS DISPOSAL SPECIALIST - DIRECT HIRE AUTHORITY,Department of the Air Force - Agency Wide,Department of the Air Force,0301,2026-07-08T14:38:53.4500,2026-11-01T23:59:59.9970,[environmental compliance],https://www.usajobs.gov/job/875766900
ARCHEOLOGIST,Department of the Army,Department of the Army,0193,2026-01-13T00:00:00.0000,2026-01-27T23:59:59.9970,[section 106],https://www.usajobs.gov/job/854131500
Administrative Services Technician,Department of the Army,Department of the Army,0303,2026-03-25T10:52:19.2500,2026-04-08T23:59:59.9970,[environmental compliance],https://www.usajobs.gov/job/862349700
Administrative Services Technician,Department of the Army,Department of the Army,0303,2026-02-13T00:00:00.0000,2026-02-25T23:59:59.9970,[environmental compliance],https://www.usajobs.gov/job/857483900
Administrative Services Technician,Department of the Army,Department of the Army,0303,2026-03-05T00:00:00.0000,2026-03-18T23:59:59.9970,[environmental compliance],https://www.usajobs.gov/job/859568000
Administrative Services Technician,Department of the Army,Department of the Army,0303,2026-02-17T00:00:00.0000,2026-03-02T23:59:59.9970,[environmental compliance],https://www.usajobs.gov/job/857729100
Administrative Services Technician,Department of the Army,Department of the Army,0303,2026-02-09T00:00:00.0000,2026-02-23T23:59:59.9970,[environmental compliance],https://www.usajobs.gov/job/856888600
Administrative Services Technician,Department of the Army,Department of the Army,0303,2026-02-27T05:47:20.0470,2026-03-13T23:59:59.9970,[environmental compliance],https://www.usajobs.gov/job/859220300
Air Conditioning Equipment Mechanic,Department of the Army,Department of the Army,5306,2025-08-14T00:00:00.0000,2025-08-29T23:59:59.9970,[clean air act],https://www.usajobs.gov/job/843149500
Air Conditioning Equipment Mechanic,Department of the Army,Department of the Army,5306,2025-11-17T00:00:00.0000,2025-12-01T23:59:59.9970,[clean air act],https://www.usajobs.gov/job/850107000
Air Conditioning Equipment Mechanic,Department of the Army,Department of the Army,5306,2026-04-02T00:00:00.0000,2026-04-16T23:59:59.9970,[clean air act],https://www.usajobs.gov/job/863198600
Archeologist,Department of the Army,Department of the Army,0193,2026-05-08T09:19:25.0530,2026-05-14T23:59:59.9970,"[nepa, section 106, environmental compliance]",https://www.usajobs.gov/job/868495600
Attorney-Advisor (Contract),Department of the Army,Department of the Army,0905,2026-04-28T09:31:56.9970,2026-05-12T23:59:59.9970,"[national environmental policy act, cercla, clean water act]",https://www.usajobs.gov/job/866929500
Attorney-Advisor (Contract),Department of the Army,Department of the Army,0905,2026-03-17T15:34:02.8830,2026-03-31T23:59:59.9970,"[national environmental policy act, cercla, clean water act]",https://www.usajobs.gov/job/861514200
Attorney-Advisor (Contract),Department of the Army,Department of the Army,0905,2026-04-09T08:17:20.1130,2026-05-11T23:59:59.9970,"[national environmental policy act, cercla, clean water act]",https://www.usajobs.gov/job/864497200
BIOLOGIST,Department of the Army,Department of the Army,0401,2026-04-01T11:19:50.3300,2026-04-06T23:59:59.9970,"[nepa, national environmental policy act]",https://www.usajobs.gov/job/863469300
Biologist,Department of the Army,Department of the Army,0401,2026-05-11T00:00:00.0000,2026-05-25T23:59:59.9970,"[rivers and harbors act, clean water act, nepa, national environmental policy act]",https://www.usajobs.gov/job/868461700
Civil Engineer,Department of the Army,Department of the Army,0810,2025-12-03T09:48:19.8230,2025-12-16T23:59:59.9970,[permitting],https://www.usajobs.gov/job/851426200
Civil Engineer,Department of the Army,Department of the Army,0810,2026-04-30T12:06:50.0400,2026-05-14T23:59:59.9970,[permit applications],https://www.usajobs.gov/job/867398100
Civil Engineer,Department of the Army,Department of the Army,0810,2026-03-30T00:00:00.0000,2026-04-13T23:59:59.9970,[permit applications],https://www.usajobs.gov/job/862766500
DEPUTY STATE CONSTRUCTION FACILITIES MANAGEMENT OFFICER,Department of the Army,Department of the Army,0301,2026-04-23T08:47:16.0600,2026-04-30T23:59:59.9970,[environmental compliance],https://www.usajobs.gov/job/866361200
ENVIRONMENTAL PROTECTION SPECIALIST,Department of the Army,Department of the Army,0028,2025-12-12T00:00:00.0000,2025-12-18T23:59:59.9970,[environmental compliance],https://www.usajobs.gov/job/852086900
EXECUTIVE DIRECTOR - MISSISSIPPI RIVER COMMISSION,Department of the Army,Department of the Army,0301,2025-12-08T00:00:00.0000,2025-12-22T23:59:59.9970,[permitting],https://www.usajobs.gov/job/851771000
Engineering Technician (Intergovernmental Support Agreement Technical Representative),Department of the Army,Department of the Army,0802,2026-03-24T12:15:57.5370,2026-04-08T23:59:59.9970,[environmental review],https://www.usajobs.gov/job/862334000
Environmental Protection Specialist,Department of the Army,Department of the Army,0028,2026-04-06T00:00:00.0000,2026-04-15T23:59:59.9970,"[national environmental policy act, environmental compliance]",https://www.usajobs.gov/job/863715600
Environmental Protection Specialist,Department of the Army,Department of the Army,0028,2026-04-03T00:00:00.0000,2026-04-16T23:59:59.9970,"[nepa, national environmental policy act]",https://www.usajobs.gov/job/863434400
Environmental Protection Specialist,Department of the Army,Department of the Army,0028,2026-03-06T16:22:37.1200,2026-03-20T23:59:59.9970,"[clean water act, rcra, environmental compliance]",https://www.usajobs.gov/job/860275100
Environmental Protection Specialist,Department of the Army,Department of the Army,0028,2026-04-20T00:00:00.0000,2026-04-30T23:59:59.9970,[rcra],https://www.usajobs.gov/job/864916600
Environmental Protection Specialist,Department of the Army,Department of the Army,0028,2026-04-09T00:00:00.0000,2026-04-22T23:59:59.9970,"[nepa, national environmental policy act]",https://www.usajobs.gov/job/864403800
Environmental Protection Specialist,Department of the Army,Department of the Army,0028,2026-05-04T00:00:00.0000,2026-05-11T23:59:59.9970,"[national environmental policy act, nepa, environmental review, environmental compliance]",https://www.usajobs.gov/job/867499200
Environmental Protection Specialist,Department of the Army,Department of the Army,0028,2026-04-03T00:00:00.0000,2026-04-16T23:59:59.9970,"[nepa, national environmental policy act]",https://www.usajobs.gov/job/863388700
Environmental Protection Specialist,Department of the Army,Department of the Army,0028,2026-03-18T00:00:00.0000,2026-03-31T23:59:59.9970,"[nepa, national environmental policy act, safe drinking water act, rcra, clean water act, clean air act, environmental compliance]",https://www.usajobs.gov/job/861147000
Environmental Protection Specialist,Department of the Army,Department of the Army,0028,2026-02-27T00:00:00.0000,2026-03-09T23:59:59.9970,[clean air act],https://www.usajobs.gov/job/858731100
Environmental Protection Specialist,Department of the Army,Department of the Army,0028,2026-02-03T11:26:48.0370,2026-02-10T23:59:59.9970,[environmental compliance],https://www.usajobs.gov/job/856326700
Environmental Protection Specialist,Department of the Army,Department of the Army,0028,2026-03-13T12:23:41.9030,2026-03-25T23:59:59.9970,"[clean water act, rcra, environmental compliance]",https://www.usajobs.gov/job/861120000
Facility Operations Specialist,Department of the Army,Department of the Army,1640,2026-04-21T15:29:31.8530,2026-05-05T23:59:59.9970,[environmental compliance],https://www.usajobs.gov/job/866102100
General Attorney,Department of the Army,Department of the Army,0905,2025-12-30T00:00:00.0000,2026-01-16T23:59:59.9970,"[rivers and harbors act, clean water act, nepa]",https://www.usajobs.gov/job/853290500
General Attorney (Contract),Department of the Army,Department of the Army,0905,2026-03-12T00:00:00.0000,2026-03-26T23:59:59.9970,"[section 404, cercla, clean water act, rivers and harbors act, nepa]",https://www.usajobs.gov/job/860851100
General Engineer,Department of the Army,Department of the Army,0801,2026-03-27T00:00:00.0000,2026-04-09T23:59:59.9970,[environmental compliance],https://www.usajobs.gov/job/862821500
General Engineer (Facilities Engineer),Department of the Army,Department of the Army,0801,2026-01-21T06:20:35.7300,2026-02-04T23:59:59.9970,[permitting],https://www.usajobs.gov/job/854958000
INTERDISCIPLINARY,Department of the Army,Department of the Army,0193 | 0401 | 0801 | 0819 | 1301 | 1350 | 1360,2026-04-24T00:00:00.0000,2026-05-04T23:59:59.9970,"[section 404, clean water act, rivers and harbors act, permit applications]",https://www.usajobs.gov/job/866032800
INTERDISCIPLINARY,Department of the Army,Department of the Army,0401 | 0408 | 0801 | 0819 | 1301 | 1350 | 1360,2026-04-24T00:00:00.0000,2026-05-04T23:59:59.9970,"[section 404, clean water act, permit applications]",https://www.usajobs.gov/job/866038000
INTERDISCIPLINARY,Department of the Army,Department of the Army,0401 | 0408 | 0801 | 0819 | 1301 | 1350 | 1360,2026-04-28T00:00:00.0000,2026-05-07T23:59:59.9970,"[section 404, clean water act, permit applications]",https://www.usajobs.gov/job/866848400
INTERDISCIPLINARY,Department of the Army,Department of the Army,0193 | 0401 | 0801 | 0819 | 1301 | 1350 | 1360,2026-04-28T00:00:00.0000,2026-05-07T23:59:59.9970,"[section 404, clean water act, rivers and harbors act, permit applications]",https://www.usajobs.gov/job/866840200
INTERDISCIPLINARY (Lead Civil Engineer),Department of the Army,Department of the Army,0808 | 0810 | 0819 | 0830 | 0850,2025-08-30T00:00:00.0000,2025-09-15T23:59:59.9970,[environmental compliance],https://www.usajobs.gov/job/844209000
INTERDISCIPLINARY (Lead Civil Engineer),Department of the Army,Department of the Army,0808 | 0810 | 0819 | 0830 | 0850,2025-08-30T00:00:00.0000,2025-09-15T23:59:59.9970,[environmental compliance],https://www.usajobs.gov/job/844208900
Interdisciplinary,Department of the Army,Department of the Army,0193 | 0401 | 0801 | 0819 | 1301,2026-04-15T00:00:00.0000,2026-04-28T23:59:59.9970,[environmental compliance],https://www.usajobs.gov/job/865124100
Interdisciplinary,Department of the Army,Department of the Army,0150 | 0401 | 0408 | 0470 | 0808 | 0810 | 0819 | 1301,2026-05-04T09:59:52.0330,2026-05-18T23:59:59.9970,"[clean water act, permit applications]",https://www.usajobs.gov/job/867718900
Interdisciplinary,Department of the Army,Department of the Army,0819 | 1301,2026-03-02T00:00:00.0000,2026-03-13T23:59:59.9970,"[national environmental policy act, nepa, clean air act]",https://www.usajobs.gov/job/859298300
Interdisciplinary,Department of the Army,Department of the Army,0819 | 1301,2026-03-31T13:56:38.9830,2026-04-07T23:59:59.9970,"[safe drinking water act, clean water act]",https://www.usajobs.gov/job/863314300
Interdisciplinary,Department of the Army,Department of the Army,0401 | 0801 | 1301,2026-02-24T07:33:03.1100,2026-03-06T23:59:59.9970,[environmental compliance],https://www.usajobs.gov/job/858655300
Interdisciplinary,Department of the Army,Department of the Army,0401 | 0408 | 0486 | 0819 | 1301 | 1315 | 1350,2026-04-02T00:00:00.0000,2026-04-15T23:59:59.9970,"[nepa, national environmental policy act, environmental compliance]",https://www.usajobs.gov/job/863526400
Interdisciplinary,Department of the Army,Department of the Army,0401 | 0408 | 1301,2026-04-17T00:00:00.0000,2026-05-01T23:59:59.9970,"[water quality certification, environmental compliance, clean water act, nepa, national environmental policy act]",https://www.usajobs.gov/job/865547700
Interdisciplinary - Student Trainee,Department of the Army,Department of the Army,0099 | 0199 | 0499 | 0599 | 0899 | 1399 | 1599,2025-01-02T00:00:00.0000,2025-12-31T23:59:59.9970,"[clean water act, permit applications]",https://www.usajobs.gov/job/825917700
Interdisciplinary Hydropower Program Manager,Department of the Army,Department of the Army,0830 | 0850,2026-02-03T12:32:52.9230,2026-02-17T23:59:59.9970,[environmental compliance],https://www.usajobs.gov/job/856357300
Interdisciplinary Position (Project Manager),Department of the Army,Department of the Army,0110 | 0401 | 0486 | 0801 | 0810 | 1301 | 1320,2025-11-25T00:00:00.0000,2025-12-09T23:59:59.9970,"[nepa, national environmental policy act]",https://www.usajobs.gov/job/850903300
LOCK AND DAM OPERATOR,Department of the Army,Department of the Army,5426,2026-02-04T00:00:00.0000,2026-02-18T23:59:59.9970,[right-of-way],https://www.usajobs.gov/job/856401100
LOCK AND DAM OPERATOR,Department of the Army,Department of the Army,5426,2026-04-28T00:00:00.0000,2026-05-12T23:59:59.9970,[right-of-way],https://www.usajobs.gov/job/866546800
Lead NEPA Biologist,Department of the Army,Department of the Army,0401,2025-10-03T11:22:29.1270,2025-10-17T23:59:59.9970,"[environmental compliance, national environmental policy act, nepa]",https://www.usajobs.gov/job/847429900
Lead NEPA Biologist,Department of the Army,Department of the Army,0401,2025-10-03T11:22:38.5070,2025-10-17T23:59:59.9970,"[environmental compliance, national environmental policy act, nepa]",https://www.usajobs.gov/job/847430000
Lock And Dam Operator,Department of the Army,Department of the Army,5426,2025-08-25T17:30:44.6000,2025-09-08T23:59:59.9970,[right-of-way],https://www.usajobs.gov/job/844264500
Lock and Dam Operator,Department of the Army,Department of the Army,5426,2025-08-29T00:00:00.0000,2025-09-12T23:59:59.9970,[right-of-way],https://www.usajobs.gov/job/844324700
Lock and Dam Operator,Department of the Army,Department of the Army,5426,2025-07-23T00:00:00.0000,2025-08-06T23:59:59.9970,[right-of-way],https://www.usajobs.gov/job/841090600
Lock and Dam Operator,Department of the Army,Department of the Army,5426,2025-08-12T00:00:00.0000,2025-08-26T23:59:59.9970,[right-of-way],https://www.usajobs.gov/job/842941100
Lock and Dam Operator,Department of the Army,Department of the Army,5426,2025-09-17T00:00:00.0000,2025-09-26T23:59:59.9970,[right-of-way],https://www.usajobs.gov/job/846070700
Lock and Dam Operator,Department of the Army,Department of the Army,5426,2025-08-20T00:00:00.0000,2025-09-02T23:59:59.9970,[right-of-way],https://www.usajobs.gov/job/843753700
Lock and Dam Operator,Department of the Army,Department of the Army,5426,2025-09-17T00:00:00.0000,2025-09-26T23:59:59.9970,[right-of-way],https://www.usajobs.gov/job/846066500
Lock and Dam Operator,Department of the Army,Department of the Army,5426,2025-07-17T12:33:08.2400,2025-07-30T23:59:59.9970,[right-of-way],https://www.usajobs.gov/job/840981800
Lock and Dam Operator,Department of the Army,Department of the Army,5426,2025-11-27T00:00:00.0000,2025-12-06T23:59:59.9970,[right-of-way],https://www.usajobs.gov/job/851093800
Lock and Dam Operator,Department of the Army,Department of the Army,5426,2025-08-29T00:00:00.0000,2025-09-12T23:59:59.9970,[right-of-way],https://www.usajobs.gov/job/844324200
Lock and Dam Operator,Department of the Army,Department of the Army,5426,2025-09-11T00:00:00.0000,2025-09-17T23:59:59.9970,[right-of-way],https://www.usajobs.gov/job/845507100
Lock and Dam Operator,Department of the Army,Department of the Army,5426,2025-07-29T00:00:00.0000,2025-08-12T23:59:59.9970,[right-of-way],https://www.usajobs.gov/job/841564900
Lock and Dam Operator,Department of the Army,Department of the Army,5426,2025-07-28T00:00:00.0000,2025-08-11T23:59:59.9970,[right-of-way],https://www.usajobs.gov/job/841464000
Lock and Dam Operator,Department of the Army,Department of the Army,5426,2025-08-20T00:00:00.0000,2025-09-02T23:59:59.9970,[right-of-way],https://www.usajobs.gov/job/843751900
Lock and Dam Operator,Department of the Army,Department of the Army,5426,2026-04-29T00:00:00.0000,2026-05-08T23:59:59.9970,[right-of-way],https://www.usajobs.gov/job/867070500
MARINE TRAFFIC CONTROLLER,Department of the Army,Department of the Army,2150,2025-07-31T14:08:44.2930,2025-08-14T23:59:59.9970,[permitting],https://www.usajobs.gov/job/842173100
Maintenance Mechanic,Department of the Army,Department of the Army,4749,2026-03-20T00:00:00.0000,2026-04-03T23:59:59.9970,[clean air act],https://www.usajobs.gov/job/861583700
Maintenance Mechanic,Department of the Army,Department of the Army,4749,2026-02-11T00:00:00.0000,2026-02-25T23:59:59.9970,[clean air act],https://www.usajobs.gov/job/857114900
Maintenance Worker (MVO) NA-06,Department of the Army,Department of the Army,4749,2026-04-09T14:55:31.0330,2026-04-23T23:59:59.9970,[environmental compliance],https://www.usajobs.gov/job/864626100
Maintenance Worker (MVO) NA-06,Department of the Army,Department of the Army,4749,2026-01-28T00:00:00.0000,2026-09-15T23:59:59.9970,[environmental compliance],https://www.usajobs.gov/job/855653000
Maintenance Worker (MVO) NA-06,Department of the Army,Department of the Army,4749,2026-02-12T16:57:42.1200,2026-02-26T23:59:59.9970,[environmental compliance],https://www.usajobs.gov/job/857636600
Materials Handler TC-C,Department of the Army,Department of the Army,6907,2026-04-22T00:00:00.0000,2026-05-04T23:59:59.9970,[environmental compliance],https://www.usajobs.gov/job/865760500
NATURAL RESOURCE SPECIALIST,Department of the Army,Department of the Army,0401,2025-09-16T17:29:35.1030,2025-09-26T23:59:59.9970,[environmental compliance],https://www.usajobs.gov/job/846163000
NATURAL RESOURCE SPECIALIST (RANGER),Department of the Army,Department of the Army,0401,2026-03-20T12:11:22.0600,2026-04-03T23:59:59.9970,[environmental compliance],https://www.usajobs.gov/job/861983800
NATURAL RESOURCES SPECIALIST (PARK RANGER),Department of the Army,Department of the Army,0401,2026-04-28T16:26:43.5830,2026-05-11T23:59:59.9970,"[environmental compliance, nepa, national environmental policy act]",https://www.usajobs.gov/job/867074900
Natural Resource Specialist,Department of the Army,Department of the Army,0401,2026-04-23T00:00:00.0000,2026-05-06T23:59:59.9970,[environmental compliance],https://www.usajobs.gov/job/866219600
Natural Resources Specialist,Department of the Army,Department of the Army,0401,2026-05-06T12:35:08.0930,2026-05-13T23:59:59.9970,"[section 404, clean water act, nepa, national environmental policy act]",https://www.usajobs.gov/job/868137800
Natural Resources Specialist (Environmental Compliance),Department of the Army,Department of the Army,0401,2026-02-19T00:00:00.0000,2026-03-02T23:59:59.9970,"[environmental review, environmental compliance]",https://www.usajobs.gov/job/857978400
Natural Resources Specialist (Park Ranger),Department of the Army,Department of the Army,0401,2025-09-19T09:54:47.1930,2025-09-26T23:59:59.9970,[environmental compliance],https://www.usajobs.gov/job/846446600
Natural Resources Specialist (Ranger),Department of the Army,Department of the Army,0401,2025-09-18T15:11:55.4100,2025-09-22T23:59:59.9970,[permit applications],https://www.usajobs.gov/job/846307700
Natural Resources Specialist (Ranger),Department of the Army,Department of the Army,0401,2026-04-23T00:00:00.0000,2026-05-06T23:59:59.9970,[environmental compliance],https://www.usajobs.gov/job/866317700
Natural Resources Specialist (Ranger),Department of the Army,Department of the Army,0401,2026-05-04T00:00:00.0000,2026-05-18T23:59:59.9970,[environmental compliance],https://www.usajobs.gov/job/867232400
PARK RANGER,Department of the Army,Department of the Army,0025,2025-07-23T00:00:00.0000,2025-08-07T23:59:59.9970,[environmental compliance],https://www.usajobs.gov/job/840395400
PARK RANGER,Department of the Army,Department of the Army,0025,2026-02-26T11:41:24.2870,2026-03-13T23:59:59.9970,[environmental compliance],https://www.usajobs.gov/job/859091000
PROGRAM ASSISTANT (REGULATORY-WATERWAYS),Department of the Army,Department of the Army,0344,2026-04-23T00:00:00.0000,2026-05-04T23:59:59.9970,[permit applications],https://www.usajobs.gov/job/866043200
Park Ranger,Department of the Army,Department of the Army,0025,2025-06-25T00:00:00.0000,2025-07-08T23:59:59.9970,[licenses and permits],https://www.usajobs.gov/job/839373800
Park Ranger,Department of the Army,Department of the Army,0025,2025-09-17T00:00:00.0000,2025-09-26T23:59:59.9970,[licenses and permits],https://www.usajobs.gov/job/846164200
Park Ranger,Department of the Army,Department of the Army,0025,2025-08-28T00:00:00.0000,2025-09-11T23:59:59.9970,[environmental compliance],https://www.usajobs.gov/job/844517400
Park Ranger,Department of the Army,Department of the Army,0025,2025-07-28T10:49:07.2670,2025-08-11T23:59:59.9970,[environmental compliance],https://www.usajobs.gov/job/841774900
Physical Scientist (Environmental),Department of the Army,Department of the Army,1301,2026-03-25T10:20:11.7830,2026-04-06T23:59:59.9970,[clean air act],https://www.usajobs.gov/job/862482000
Program Manager,Department of the Army,Department of the Army,0340,2026-04-30T00:00:00.0000,2026-05-11T23:59:59.9970,"[permitting, nepa]",https://www.usajobs.gov/job/866899500
Program Manager (Chief of Operations),Department of the Army,Department of the Army,0340,2025-12-02T11:48:43.0170,2025-12-16T23:59:59.9970,[environmental compliance],https://www.usajobs.gov/job/851330400
Program Manager (Multi-Purpose Operations Project),Department of the Army,Department of the Army,0340,2025-08-27T08:17:34.8300,2025-09-02T23:59:59.9970,[environmental compliance],https://www.usajobs.gov/job/844404300
Program Manager (Multi-Purpose Operations Project),Department of the Army,Department of the Army,0340,2025-08-27T08:20:53.6000,2025-09-02T23:59:59.9970,[environmental compliance],https://www.usajobs.gov/job/844405100
RANGE OPERATIONS OFFICER,Department of the Army,Department of the Army,0301,2025-11-05T00:00:00.0000,2025-11-16T23:59:59.9970,[nepa],https://www.usajobs.gov/job/849512800
RANGE OPERATIONS OFFICER,Department of the Army,Department of the Army,0301,2026-02-12T10:46:54.8200,2026-03-09T23:59:59.9970,[nepa],https://www.usajobs.gov/job/857512500
RANGE OPERATIONS SPECIALIST,Department of the Army,Department of the Army,0301,2025-08-13T12:56:48.8830,2025-08-27T23:59:59.9970,[environmental compliance],https://www.usajobs.gov/job/843287600
RANGE OPERATIONS SPECIALIST,Department of the Army,Department of the Army,0301,2025-12-04T11:29:32.7530,2026-01-09T23:59:59.9970,[environmental compliance],https://www.usajobs.gov/job/851585400
RANGE OPERATIONS SPECIALIST,Department of the Army,Department of the Army,0301,2026-01-07T12:03:30.9870,2026-01-21T23:59:59.9970,[environmental compliance],https://www.usajobs.gov/job/853790000
RANGE OPERATIONS SPECIALIST,Department of the Army,Department of the Army,0301,2026-01-07T12:00:17.2300,2026-01-21T23:59:59.9970,[environmental compliance],https://www.usajobs.gov/job/853787600
RANGE OPERATIONS SPECIALIST,Department of the Army,Department of the Army,0301,2026-01-14T10:34:41.6000,2026-01-28T23:59:59.9970,[environmental compliance],https://www.usajobs.gov/job/854457800
RANGE OPERATIONS SPECIALIST (TITLE 32),Department of the Army,Department of the Army,0301,2025-12-10T08:08:34.8830,2025-12-26T23:59:59.9970,[environmental compliance],https://www.usajobs.gov/job/852030500
RANGE OPERATIONS SPECIALIST (TITLE 32),Department of the Army,Department of the Army,0301,2026-02-11T14:13:37.6500,2026-02-25T23:59:59.9970,[environmental compliance],https://www.usajobs.gov/job/857389900
RANGE OPERATIONS SPECIALIST (TITLE 32),Department of the Army,Department of the Army,0301,2026-03-05T11:35:37.2170,2026-03-20T23:59:59.9970,[environmental compliance],https://www.usajobs.gov/job/860000000
RANGE OPERATIONS SPECIALIST (TITLE 32),Department of the Army,Department of the Army,0301,2026-01-13T09:20:08.2000,2026-01-28T23:59:59.9970,[environmental compliance],https://www.usajobs.gov/job/854281100
RANGE OPERATIONS SPECIALIST (TITLE 32),Department of the Army,Department of the Army,0301,2026-04-29T08:35:48.3970,2026-05-19T23:59:59.9970,[environmental compliance],https://www.usajobs.gov/job/867120500
RANGE OPERATIONS TECHNICIAN,Department of the Army,Department of the Army,0303,2025-07-23T00:00:00.0000,2025-08-13T23:59:59.9970,[environmental compliance],https://www.usajobs.gov/job/841474100
REALTY SPECIALIST,Department of the Army,Department of the Army,1170,2025-07-16T00:00:00.0000,2025-07-30T23:59:59.9970,[rights-of-way],https://www.usajobs.gov/job/840623000
REALTY SPECIALIST,Department of the Army,Department of the Army,1170,2025-08-01T13:23:53.2230,2025-08-04T23:59:59.9970,[environmental compliance],https://www.usajobs.gov/job/842298800
REALTY SPECIALIST,Department of the Army,Department of the Army,1170,2025-07-16T00:00:00.0000,2025-07-30T23:59:59.9970,[right-of-way],https://www.usajobs.gov/job/840638300
Range Operations Specialist (Title 32) (Permanent),Department of the Army,Department of the Army,0301,2025-09-09T09:51:06.5430,2025-09-23T23:59:59.9970,[environmental compliance],https://www.usajobs.gov/job/845367400
Range Operations Specialist (Title 32) (Permanent),Department of the Army,Department of the Army,0301,2025-07-17T10:23:51.6200,2025-07-31T23:59:59.9970,[environmental compliance],https://www.usajobs.gov/job/840957900
Reality Specialist,Department of the Army,Department of the Army,1170,2025-10-16T11:53:54.3830,2025-10-27T23:59:59.9970,[permits and licenses],https://www.usajobs.gov/job/848250200
Reality Specialist,Department of the Army,Department of the Army,1170,2025-08-26T16:13:35.0830,2025-08-29T23:59:59.9970,[permits and licenses],https://www.usajobs.gov/job/844377000
Reality Specialist (Direct Hire),Department of the Army,Department of the Army,1170,2025-10-16T11:55:41.6000,2025-10-27T23:59:59.9970,[permits and licenses],https://www.usajobs.gov/job/848251700
Reality Specialist (Direct Hire),Department of the Army,Department of the Army,1170,2025-08-26T16:11:35.6230,2025-08-29T23:59:59.9970,[permits and licenses],https://www.usajobs.gov/job/844376800
Reality Specialist (Direct Hire),Department of the Army,Department of the Army,1170,2025-08-06T12:29:41.3600,2025-08-19T23:59:59.9970,[permits and licenses],https://www.usajobs.gov/job/842660600
Realty Specialist,Department of the Army,Department of the Army,1170,2025-07-22T00:00:00.0000,2025-08-05T23:59:59.9970,[right-of-way],https://www.usajobs.gov/job/840931200
Realty Specialist,Department of the Army,Department of the Army,1170,2025-06-24T11:27:54.5600,2025-07-08T23:59:59.9970,[rights-of-way],https://www.usajobs.gov/job/839343700
Realty Specialist,Department of the Army,Department of the Army,1170,2025-07-03T11:36:03.1470,2025-07-11T23:59:59.9970,[permits and licenses],https://www.usajobs.gov/job/840062600
Realty Specialist,Department of the Army,Department of the Army,1170,2025-06-23T09:43:17.3430,2025-07-07T23:59:59.9970,[rights-of-way],https://www.usajobs.gov/job/839240700
Realty Specialist,Department of the Army,Department of the Army,1170,2026-03-26T00:00:00.0000,2026-04-06T23:59:59.9970,"[permits and licenses, rights-of-way]",https://www.usajobs.gov/job/862571500
Realty Specialist,Department of the Army,Department of the Army,1170,2026-03-26T00:00:00.0000,2026-04-09T23:59:59.9970,"[rights-of-way, permitting]",https://www.usajobs.gov/job/862562600
Realty Specialist,Department of the Army,Department of the Army,1170,2026-03-26T00:00:00.0000,2026-04-09T23:59:59.9970,"[rights-of-way, permitting]",https://www.usajobs.gov/job/862561400
Realty Specialist,Department of the Army,Department of the Army,1170,2026-03-27T00:00:00.0000,2026-04-07T23:59:59.9970,[national environmental policy act],https://www.usajobs.gov/job/863481300
Regulatory Division Chief,Department of the Army,Department of the Army,0150 | 0193 | 0401 | 0408 | 0460 | 0808 | 0810 | 0819 | 1301,2025-11-14T10:20:38.1870,2025-11-24T23:59:59.9970,"[section 404, permit applications, clean water act, rivers and harbors act]",https://www.usajobs.gov/job/850102100
STATE CONSTRUCTION AND FACILITIES MANAGEMENT OFFICER - Title 32,Department of the Army,Department of the Army,0301,2025-07-10T09:42:31.3730,2025-07-24T23:59:59.9970,[environmental compliance],https://www.usajobs.gov/job/840428100
SUPERVISORY ENVIRONMENTAL PROTECTION SPECIALIST,Department of the Army,Department of the Army,0028,2025-08-14T15:34:38.6370,2026-08-13T23:59:59.9970,"[environmental compliance, nepa, permitting]",https://www.usajobs.gov/job/843428600
SUPERVISORY ENVIRONMENTAL PROTECTION SPECIALIST T32,Department of the Army,Department of the Army,0028,2025-08-21T14:46:51.8030,2025-09-05T23:59:59.9970,"[permitting, nepa, national environmental policy act]",https://www.usajobs.gov/job/844016200
SUPERVISORY ENVIRONMENTAL PROTECTION SPECIALIST T32,Department of the Army,Department of the Army,0028,2026-03-09T00:00:00.0000,2026-03-30T23:59:59.9970,"[environmental compliance, permitting, nepa, national environmental policy act]",https://www.usajobs.gov/job/860458900
SUPERVISORY FIRE PROTECTION SPECIALIST,Department of the Army,Department of the Army,0081,2026-04-13T00:00:00.0000,2026-04-20T23:59:59.9970,[environmental compliance],https://www.usajobs.gov/job/864480000
SUPPLY MANAGEMENT SPECIALIST,Department of the Army,Department of the Army,2003,2025-09-04T16:27:52.5530,2025-09-25T23:59:59.9970,[environmental compliance],https://www.usajobs.gov/job/845079900
SUPPLY MANAGEMENT SPECIALIST,Department of the Army,Department of the Army,2003,2026-03-04T00:00:00.0000,2026-03-26T23:59:59.9970,[environmental compliance],https://www.usajobs.gov/job/859923100
SUPPLY MANAGEMENT SPECIALIST (TERM) (TITLE 32),Department of the Army,Department of the Army,2003,2025-12-09T15:09:52.8970,2025-12-23T23:59:59.9970,[environmental compliance],https://www.usajobs.gov/job/851987400
SUPPLY MANAGEMENT SPECIALIST (TITLE 32),Department of the Army,Department of the Army,2003,2025-09-29T00:00:00.0000,2025-10-17T23:59:59.9970,[environmental compliance],https://www.usajobs.gov/job/847353200
SUPPLY MANAGEMENT SPECIALIST (TITLE 32),Department of the Army,Department of the Army,2003,2025-12-09T10:46:47.7930,2026-12-08T23:59:59.9970,[environmental compliance],https://www.usajobs.gov/job/851928500
SUPPLY MANAGEMENT SPECIALIST (TITLE 32),Department of the Army,Department of the Army,2003,2025-11-25T00:00:00.0000,2025-12-10T23:59:59.9970,[environmental compliance],https://www.usajobs.gov/job/850610100
SUPPLY MANAGEMENT SPECIALIST (TITLE 32),Department of the Army,Department of the Army,2003,2026-05-05T00:00:00.0000,2026-05-19T23:59:59.9970,[environmental compliance],https://www.usajobs.gov/job/867704500
SUPPLY MANAGEMENT SPECIALIST (TITLE 32),Department of the Army,Department of the Army,2003,2026-04-23T14:42:56.6870,2027-04-22T23:59:59.9970,[environmental compliance],https://www.usajobs.gov/job/866483000
SUPPLY MANAGEMENT SPECIALIST (TITLE 32),Department of the Army,Department of the Army,2003,2026-04-23T14:56:31.9070,2027-04-22T23:59:59.9970,[environmental compliance],https://www.usajobs.gov/job/866487900
SUPPLY MANAGEMENT SPECIALIST (TITLE 32),Department of the Army,Department of the Army,2003,2026-03-17T08:40:06.9470,2026-04-01T23:59:59.9970,[environmental compliance],https://www.usajobs.gov/job/861387500
SUPPLY MANAGEMENT SPECIALIST (TITLE 32),Department of the Army,Department of the Army,2003,2026-02-26T00:00:00.0000,2026-03-12T23:59:59.9970,[environmental compliance],https://www.usajobs.gov/job/858884600
SUPPLY MANAGEMENT SPECIALIST (TITLE 32),Department of the Army,Department of the Army,2003,2026-02-12T13:34:33.5130,2027-02-11T23:59:59.9970,[environmental compliance],https://www.usajobs.gov/job/857563800
SUPPLY MANAGEMENT SPECIALIST (TITLE 32),Department of the Army,Department of the Army,2003,2026-02-11T10:19:14.1930,2026-02-25T23:59:59.9970,[environmental compliance],https://www.usajobs.gov/job/857312900
SUPPLY MANAGEMENT SPECIALIST (TITLE 32),Department of the Army,Department of the Army,2003,2026-04-23T00:00:00.0000,2026-05-25T23:59:59.9970,[environmental compliance],https://www.usajobs.gov/job/866163500
SUPPLY MANAGEMENT SPECIALIST (Title 32),Department of the Army,Department of the Army,2003,2026-04-16T09:38:36.3000,2026-04-30T23:59:59.9970,[environmental compliance],https://www.usajobs.gov/job/865429600
SUPPLY MANAGEMENT SPECIALIST-TITLE 32,Department of the Army,Department of the Army,2003,2026-04-23T16:19:49.1270,2026-05-05T23:59:59.9970,[environmental compliance],https://www.usajobs.gov/job/866512200
Supervisory Environmental Protection Specialist,Department of the Army,Department of the Army,0028,2026-04-14T17:13:26.6930,2026-04-27T23:59:59.9970,"[environmental compliance, environmental assessment, national environmental policy act, environmental review]",https://www.usajobs.gov/job/865204100
Supervisory Environmental Protection Specialist,Department of the Army,Department of the Army,0028,2026-03-12T00:00:00.0000,2026-03-23T23:59:59.9970,[environmental compliance],https://www.usajobs.gov/job/860499000
Supervisory Environmental Specialist,Department of the Army,Department of the Army,0401,2026-02-13T08:29:11.2470,2026-02-26T23:59:59.9970,"[environmental compliance, safe drinking water act, clean water act, rcra, clean air act, cercla, nepa, environmental review]",https://www.usajobs.gov/job/857672900
Supervisory Fire Protection Specialist,Department of the Army,Department of the Army,0081,2026-02-26T12:14:56.5900,2026-03-05T23:59:59.9970,[environmental compliance],https://www.usajobs.gov/job/859104500
Supervisory General Engineer,Department of the Army,Department of the Army,0801,2026-02-25T00:00:00.0000,2026-03-11T23:59:59.9970,[environmental compliance],https://www.usajobs.gov/job/858823800
Supervisory General Engineer,Department of the Army,Department of the Army,0801,2026-04-03T00:00:00.0000,2026-04-16T23:59:59.9970,[environmental compliance],https://www.usajobs.gov/job/863770300
Supervisory General Engineer,Department of the Army,Department of the Army,0801,2026-02-12T00:00:00.0000,2026-02-26T23:59:59.9970,[environmental compliance],https://www.usajobs.gov/job/857448500
Supervisory General Engineer,Department of the Army,Department of the Army,0801,2026-03-13T00:00:00.0000,2026-03-30T23:59:59.9970,[national environmental policy act],https://www.usajobs.gov/job/860628300
Supervisory Interdisciplinary,Department of the Army,Department of the Army,0020 | 0801 | 0808 | 0810 | 0819 | 0830 | 0850 | 1301,2026-03-13T00:00:00.0000,2026-03-24T23:59:59.9970,[environmental compliance],https://www.usajobs.gov/job/860901700
Supervisory Interdisciplinary,Department of the Army,Department of the Army,0819 | 1301,2026-04-03T00:00:00.0000,2026-04-10T23:59:59.9970,[environmental compliance],https://www.usajobs.gov/job/863676200
Supervisory Interdisciplinary Engineer,Department of the Army,Department of the Army,0810 | 0830 | 0850,2025-12-02T16:49:50.5430,2025-12-10T23:59:59.9970,[environmental compliance],https://www.usajobs.gov/job/851391300
Supervisory Interdisciplinary Planning and Environmental,Department of the Army,Department of the Army,0020 | 0193 | 0401 | 0408 | 0486 | 0801 | 0807 | 0808 | 0819 | 1301 | 1350,2026-04-16T00:00:00.0000,2026-04-27T23:59:59.9970,[environmental compliance],https://www.usajobs.gov/job/865321500
Supervisory Interdisciplinary Planning and Environmental,Department of the Army,Department of the Army,0020 | 0193 | 0401 | 0408 | 0486 | 0801 | 0807 | 0808 | 0819 | 1301 | 1350,2026-04-16T00:00:00.0000,2026-04-27T23:59:59.9970,[environmental compliance],https://www.usajobs.gov/job/865317500
Supervisory Interdisciplinary Planning and Environmental,Department of the Army,Department of the Army,0020 | 0193 | 0401 | 0408 | 0486 | 0801 | 0807 | 0808 | 0819 | 1301 | 1350,2026-04-16T00:00:00.0000,2026-04-27T23:59:59.9970,[environmental compliance],https://www.usajobs.gov/job/865326500
TITLE 32 DEPUTY STATE CONSTRUCTION AND FACILITIES MANAGEMENT OFFICER (MI CFMO),Department of the Army,Department of the Army,0301,2026-04-22T12:36:59.4700,2026-05-12T23:59:59.9970,[environmental compliance],https://www.usajobs.gov/job/866237300
TITLE 32 STATE CONSTRUCTION AND FACILITIES MANAGEMENT OFFICER GS-0301-14,Department of the Army,Department of the Army,0301,2025-10-30T16:12:19.9170,2025-11-04T23:59:59.9970,[environmental compliance],https://www.usajobs.gov/job/849229100
WATER TREATMENT PLANT OPERATOR SUPERVISOR,Department of the Army,Department of the Army,5409,2026-03-19T09:17:32.6600,2026-04-02T23:59:59.9970,[safe drinking water act],https://www.usajobs.gov/job/861726600
WATER TREATMENT PLANT OPERATOR SUPERVISOR,Department of the Army,Department of the Army,5409,2026-03-19T09:17:15.4970,2026-04-02T23:59:59.9970,[safe drinking water act],https://www.usajobs.gov/job/861741500
Wildlife Biologist,Department of the Army,Department of the Army,0486,2026-04-02T00:00:00.0000,2026-04-13T23:59:59.9970,[nepa],https://www.usajobs.gov/job/863525300
(SEASONAL) Historical Architect,Department of the Interior,Department of the Interior,0808,2026-03-06T00:00:00.0000,2026-03-20T23:59:59.9970,[section 106],https://www.usajobs.gov/job/860048700
(Seasonal) Biological Science Technician (Wildlife),Department of the Interior,Department of the Interior,0404,2025-12-22T00:00:00.0000,2026-01-05T23:59:59.9970,[nepa],https://www.usajobs.gov/job/852863400
(Seasonal) Environmental Protection Specialist,Department of the Interior,Department of the Interior,0028,2026-01-12T08:32:19.2030,2026-01-26T23:59:59.9970,[national environmental policy act],https://www.usajobs.gov/job/854139900
(Seasonal) Historian,Department of the Interior,Department of the Interior,0170,2025-12-18T08:47:20.3130,2025-12-31T23:59:59.9970,[section 106],https://www.usajobs.gov/job/852779400
(Seasonal) Realty Specialist,Department of the Interior,Department of the Interior,1170,2025-12-18T08:35:02.7400,2025-12-31T23:59:59.9970,[rights-of-way],https://www.usajobs.gov/job/852777500
Archeologist,Department of the Interior,Department of the Interior,0193,2025-07-31T18:03:27.1930,2025-08-14T23:59:59.9970,[section 106],https://www.usajobs.gov/job/842217200
Archeologist,Department of the Interior,Department of the Interior,0193,2025-07-31T18:02:58.5400,2025-08-14T23:59:59.9970,[section 106],https://www.usajobs.gov/job/842217100
Archeologist,Department of the Interior,Department of the Interior,0193,2026-03-11T10:20:51.6900,2026-03-25T23:59:59.9970,"[nepa, section 106]",https://www.usajobs.gov/job/860698600
Archeologist (Fire/Fuels) - Direct Hire Authority,Department of the Interior,Department of the Interior,0193,2025-07-28T10:07:34.1100,2025-08-11T23:59:59.9970,"[national environmental policy act, section 106]",https://www.usajobs.gov/job/841768000
Archeologist (Seasonal),Department of the Interior,Department of the Interior,0193,2026-01-14T00:00:00.0000,2026-01-28T23:59:59.9970,[section 106],https://www.usajobs.gov/job/854314500
Archeologist (Seasonal),Department of the Interior,Department of the Interior,0193,2026-02-12T00:00:00.0000,2026-02-26T23:59:59.9970,[section 106],https://www.usajobs.gov/job/857441300
Assistant Director - Ecological Services,Department of the Interior,Department of the Interior,0480,2026-04-15T10:40:19.8830,2026-05-15T23:59:59.9970,"[cercla, national environmental policy act, marine mammal protection act]",https://www.usajobs.gov/job/865267100
BIOLOGIST,Department of the Interior,Department of the Interior,0401,2026-01-16T00:00:00.0000,2026-01-30T23:59:59.9970,"[nepa, national environmental policy act]",https://www.usajobs.gov/job/854674400
Biological Science Technician (Plants),Department of the Interior,Department of the Interior,0404,2026-01-23T12:35:52.2330,2026-02-06T23:59:59.9970,[nepa],https://www.usajobs.gov/job/855318200
Biological Science Technician (Seasonal),Department of the Interior,Department of the Interior,0404,2026-02-11T13:50:17.1800,2026-02-26T23:59:59.9970,[environmental compliance],https://www.usajobs.gov/job/857382900
Chief Ranger,Department of the Interior,Department of the Interior,0025,2026-04-04T00:00:00.0000,2026-04-18T23:59:59.9970,[permitting],https://www.usajobs.gov/job/863931600
Chief of Resource Management and Planning,Department of the Interior,Department of the Interior,0170 | 0190 | 0193 | 0807,2026-05-07T00:00:00.0000,2026-05-15T23:59:59.9970,[national environmental policy act],https://www.usajobs.gov/job/868002900
Ecologist/Botanist,Department of the Interior,Department of the Interior,0408 | 0430,2026-04-28T00:00:00.0000,2026-05-12T23:59:59.9970,[nepa],https://www.usajobs.gov/job/866883100
Engineering Technician,Department of the Interior,Department of the Interior,0802,2026-03-17T00:00:00.0000,2026-03-24T23:59:59.9970,"[nepa, right-of-way]",https://www.usajobs.gov/job/861265800
Engineering Technician (Petroleum),Department of the Interior,Department of the Interior,0802,2025-08-18T16:40:41.1500,2025-08-29T23:59:59.9970,"[nepa, right-of-way]",https://www.usajobs.gov/job/843666900
Engineering Technician (Petroleum),Department of the Interior,Department of the Interior,0802,2025-08-18T16:41:03.5670,2025-08-29T23:59:59.9970,"[nepa, right-of-way]",https://www.usajobs.gov/job/843667000
Engineering Technician (Petroleum),Department of the Interior,Department of the Interior,0802,2025-08-19T10:15:39.6070,2025-09-02T23:59:59.9970,"[nepa, right-of-way]",https://www.usajobs.gov/job/843708300
Environmental Protection Specialist,Department of the Interior,Department of the Interior,0028,2025-09-16T16:58:22.4200,2025-09-26T23:59:59.9970,"[clean water act, clean air act, nepa, national environmental policy act]",https://www.usajobs.gov/job/846160400
Environmental Protection Specialist,Department of the Interior,Department of the Interior,0028,2026-03-31T00:00:00.0000,2026-04-10T23:59:59.9970,"[clean water act, clean air act, nepa, national environmental policy act, environmental compliance]",https://www.usajobs.gov/job/863138300
Environmental Protection Specialist,Department of the Interior,Department of the Interior,0028,2026-03-11T00:00:00.0000,2026-03-25T23:59:59.9970,"[national environmental policy act, environmental compliance, clean water act, clean air act, nepa]",https://www.usajobs.gov/job/860617100
Environmental Protection Specialist (Seasonal),Department of the Interior,Department of the Interior,0028,2026-02-09T00:00:00.0000,2026-02-23T23:59:59.9970,"[clean water act, clean air act, nepa, environmental compliance]",https://www.usajobs.gov/job/856916900
FISH AND WILDLIFE BIOLOGIST,Department of the Interior,Department of the Interior,0401,2026-01-23T00:00:00.0000,2026-02-05T23:59:59.9970,"[clean water act, national environmental policy act, environmental assessment]",https://www.usajobs.gov/job/855236500
FISH AND WILDLIFE BIOLOGIST,Department of the Interior,Department of the Interior,0401,2026-01-21T00:00:00.0000,2026-02-03T23:59:59.9970,"[clean water act, national environmental policy act, environmental assessment]",https://www.usajobs.gov/job/854929100
FUL - Park Ranger (Events Compliance Monitor),Department of the Interior,Department of the Interior,0025,2026-04-09T17:11:04.0270,2026-04-23T23:59:59.9970,"[permit applications, permitting]",https://www.usajobs.gov/job/864662200
FUL-Seasonal Archeologist,Department of the Interior,Department of the Interior,0193,2026-05-08T14:05:37.5130,2026-05-22T23:59:59.9970,[section 106],https://www.usajobs.gov/job/868593600
Facility Management Specialist (Project Manager),Department of the Interior,Department of the Interior,1640,2026-03-20T00:00:00.0000,2026-04-02T23:59:59.9970,"[nepa, national environmental policy act, environmental impact statement, environmental assessment]",https://www.usajobs.gov/job/861830200
Field Unit Local Hiring Authority (FUL) - Seasonal Biological Science Technician,Department of the Interior,Department of the Interior,0404,2026-04-27T13:14:24.1100,2026-05-08T23:59:59.9970,[nepa],https://www.usajobs.gov/job/866811200
Fish and Wildlife Biologist,Department of the Interior,Department of the Interior,0401,2026-03-30T08:59:40.9430,2026-04-10T23:59:59.9970,"[clean water act, national environmental policy act, environmental assessment]",https://www.usajobs.gov/job/863027800
Forestry Technician,Department of the Interior,Department of the Interior,0462,2025-08-01T00:00:00.0000,2025-08-08T23:59:59.9970,[permitting],https://www.usajobs.gov/job/842163800
Historical Architect,Department of the Interior,Department of the Interior,0808,2026-03-16T00:00:00.0000,2026-03-29T23:59:59.9970,[section 106],https://www.usajobs.gov/job/861195700
Inspector (Offshore Production Operations & Safety),Department of the Interior,Department of the Interior,1801,2026-03-25T14:35:33.5230,2026-04-23T23:59:59.9970,[environmental compliance],https://www.usajobs.gov/job/862568800
Interdisciplinary Environmental Engineer/Petroleum Engineer,Department of the Interior,Department of the Interior,0819 | 0881,2026-03-10T15:51:09.1670,2026-03-20T23:59:59.9970,[permitting],https://www.usajobs.gov/job/860617400
Interdisciplinary Environmental Engineer/Petroleum Engineer,Department of the Interior,Department of the Interior,0819 | 0881,2026-03-19T11:30:41.2270,2026-04-01T23:59:59.9970,[permitting],https://www.usajobs.gov/job/861789300
Legal Administrative Specialist (Probate),Department of the Interior,Department of the Interior,0901,2026-05-01T14:06:11.0670,2026-05-15T23:59:59.9970,[rights-of-way],https://www.usajobs.gov/job/867621800
Legal Administrative Specialist (Probate),Department of the Interior,Department of the Interior,0901,2026-05-01T14:13:35.2300,2026-05-15T23:59:59.9970,[rights-of-way],https://www.usajobs.gov/job/867624700
Legal Instruments Examiner,Department of the Interior,Department of the Interior,0963,2026-05-01T14:58:09.2870,2026-05-15T23:59:59.9970,[rights-of-way],https://www.usajobs.gov/job/867622700
Legal Instruments Examiner,Department of the Interior,Department of the Interior,0963,2026-05-01T14:08:42.3170,2026-05-15T23:59:59.9970,[rights-of-way],https://www.usajobs.gov/job/867623000
Maintenance Mechanic,Department of the Interior,Department of the Interior,4749,2026-03-19T00:00:00.0000,2026-04-01T23:59:59.9970,[clean air act],https://www.usajobs.gov/job/861703500
Maintenance Mechanic (seasonal),Department of the Interior,Department of the Interior,4749,2025-12-18T00:00:00.0000,2026-01-01T23:59:59.9970,[clean air act],https://www.usajobs.gov/job/852647000
NATURAL RESOURCE SPECIALIST,Department of the Interior,Department of the Interior,0401,2026-04-08T11:36:14.7070,2026-04-22T23:59:59.9970,"[environmental impact statement, environmental compliance, nepa, environmental assessment, national environmental policy act, categorical exclusion]",https://www.usajobs.gov/job/864286500
Natural Resources Specialist,Department of the Interior,Department of the Interior,0401,2026-01-14T00:00:00.0000,2026-01-28T23:59:59.9970,"[environmental compliance, clean water act, nepa, national environmental policy act]",https://www.usajobs.gov/job/854358100
Natural Resources Specialist (Temporary Seasonal),Department of the Interior,Department of the Interior,0401,2026-01-30T18:32:03.6230,2026-02-13T23:59:59.9970,[environmental compliance],https://www.usajobs.gov/job/856158400
Natural Resources Specialist (Temporary Seasonal),Department of the Interior,Department of the Interior,0401,2026-01-07T18:00:41.0870,2026-01-27T23:59:59.9970,[environmental compliance],https://www.usajobs.gov/job/853857700
Park Lands Specialist,Department of the Interior,Department of the Interior,0301,2026-03-25T00:00:00.0000,2026-04-08T23:59:59.9970,[rights-of-way],https://www.usajobs.gov/job/862279600
Park Ranger (Events Compliance Monitor),Department of the Interior,Department of the Interior,0025,2025-11-25T08:52:38.7770,2025-12-08T23:59:59.9970,"[permit applications, permitting]",https://www.usajobs.gov/job/850927500
Park Ranger (Permit Specialist),Department of the Interior,Department of the Interior,0025,2025-11-17T07:37:04.6300,2025-12-01T23:59:59.9970,[permit applications],https://www.usajobs.gov/job/850192700
Park Ranger (Seasonal),Department of the Interior,Department of the Interior,0025,2026-03-09T00:00:00.0000,2026-03-23T23:59:59.9970,[permit applications],https://www.usajobs.gov/job/860130500
Physical Science Technician,Department of the Interior,Department of the Interior,1311,2025-12-30T00:00:00.0000,2026-01-13T23:59:59.9970,"[right-of-way, rights-of-way]",https://www.usajobs.gov/job/853231600
Planning and Compliance Branch Chief,Department of the Interior,Department of the Interior,0028,2026-03-19T00:00:00.0000,2026-04-01T23:59:59.9970,"[national environmental policy act, environmental compliance, permitting, clean water act, clean air act, nepa]",https://www.usajobs.gov/job/861700500
Project Manager (Interdisciplinary),Department of the Interior,Department of the Interior,0801 | 0807 | 0808 | 0810 | 0850,2026-04-22T00:00:00.0000,2026-05-05T23:59:59.9970,[environmental compliance],https://www.usajobs.gov/job/865974200
Range Technician (Weeds) (Temporary Seasonal),Department of the Interior,Department of the Interior,0455,2026-03-09T14:38:39.6570,2026-03-23T23:59:59.9970,"[nepa, national environmental policy act]",https://www.usajobs.gov/job/860407100
"Regional Director, Intermountain",Department of the Interior,Department of the Interior,0340,2026-04-20T10:04:53.2200,2026-05-04T23:59:59.9970,[environmental compliance],https://www.usajobs.gov/job/865794700
"Regional Director, Northeast",Department of the Interior,Department of the Interior,0340,2026-04-13T10:11:06.4630,2026-04-27T23:59:59.9970,[environmental compliance],https://www.usajobs.gov/job/864895200
"Regional Director, Southeast",Department of the Interior,Department of the Interior,0340,2026-05-04T07:20:24.6270,2026-05-18T23:59:59.9970,[environmental compliance],https://www.usajobs.gov/job/867692800
Regional Director-Alaska,Department of the Interior,Department of the Interior,0340,2025-12-18T15:41:50.3830,2026-01-05T23:59:59.9970,[environmental compliance],https://www.usajobs.gov/job/852868200
SAFETY AND HEALTH OCCUPATION HEALTH SPECIALIST,Department of the Interior,Department of the Interior,0018,2026-04-21T00:00:00.0000,2026-05-05T23:59:59.9970,[environmental compliance],https://www.usajobs.gov/job/865883600
SEASONAL Physical Science Technican,Department of the Interior,Department of the Interior,1311,2025-12-18T00:00:00.0000,2025-12-29T23:59:59.9970,[environmental compliance],https://www.usajobs.gov/job/852450000
Safety and Occupational Health Manager,Department of the Interior,Department of the Interior,0018,2026-02-17T12:09:59.4500,2026-03-03T23:59:59.9970,[environmental compliance],https://www.usajobs.gov/job/857876700
Safety and Occupational Health Specialist,Department of the Interior,Department of the Interior,0018,2026-03-09T10:33:41.7300,2026-03-26T23:59:59.9970,"[rcra, environmental compliance, permitting]",https://www.usajobs.gov/job/860286700
Safety and Occupational Health Specialist,Department of the Interior,Department of the Interior,0018,2026-03-09T10:32:51.6530,2026-03-26T23:59:59.9970,"[rcra, environmental compliance, permitting]",https://www.usajobs.gov/job/860286600
Seasonal Archeological Technician,Department of the Interior,Department of the Interior,0102,2025-08-07T00:00:00.0000,2025-08-14T23:59:59.9970,[section 106],https://www.usajobs.gov/job/842722300
Seasonal Archeological Technician,Department of the Interior,Department of the Interior,0102,2026-02-03T11:15:40.2700,2026-02-17T23:59:59.9970,[section 106],https://www.usajobs.gov/job/856345000
Seasonal Archeological Technician,Department of the Interior,Department of the Interior,0102,2026-01-22T00:00:00.0000,2026-02-05T23:59:59.9970,[section 106],https://www.usajobs.gov/job/852693700
Seasonal Archeological Technician,Department of the Interior,Department of the Interior,0102,2026-01-29T00:00:00.0000,2026-02-12T23:59:59.9970,[section 106],https://www.usajobs.gov/job/855802400
Seasonal Archeologist,Department of the Interior,Department of the Interior,0193,2025-11-25T00:00:00.0000,2025-12-16T23:59:59.9970,[section 106],https://www.usajobs.gov/job/850902900
Seasonal Archeologist,Department of the Interior,Department of the Interior,0193,2025-12-02T00:00:00.0000,2025-12-16T23:59:59.9970,[section 106],https://www.usajobs.gov/job/851272900
Seasonal Archeologist,Department of the Interior,Department of the Interior,0193,2025-12-15T00:00:00.0000,2025-12-29T23:59:59.9970,[section 106],https://www.usajobs.gov/job/852193900
Seasonal Archeologist,Department of the Interior,Department of the Interior,0193,2026-01-16T00:00:00.0000,2026-01-30T23:59:59.9970,[section 106],https://www.usajobs.gov/job/854636100
Seasonal Archeologist,Department of the Interior,Department of the Interior,0193,2026-01-17T00:00:00.0000,2026-01-31T23:59:59.9970,[section 106],https://www.usajobs.gov/job/854755500
Seasonal Archeologist,Department of the Interior,Department of the Interior,0193,2026-03-03T08:37:59.4900,2026-03-10T23:59:59.9970,[national environmental policy act],https://www.usajobs.gov/job/859568800
Seasonal Archeologist,Department of the Interior,Department of the Interior,0193,2026-02-13T00:00:00.0000,2026-03-02T23:59:59.9970,[section 106],https://www.usajobs.gov/job/856791800
Seasonal Biological Science Technician (Plants/Vegetation/Compliance),Department of the Interior,Department of the Interior,0404,2025-12-04T11:32:43.9830,2026-04-10T23:59:59.9970,[nepa],https://www.usajobs.gov/job/851590100
Seasonal Biologist,Department of the Interior,Department of the Interior,0401,2025-12-17T00:00:00.0000,2025-12-26T23:59:59.9970,[environmental compliance],https://www.usajobs.gov/job/852628800
Seasonal Environmental Protection Specialist,Department of the Interior,Department of the Interior,0028,2025-12-08T00:00:00.0000,2025-12-22T23:59:59.9970,"[national environmental policy act, environmental compliance]",https://www.usajobs.gov/job/851295800
Seasonal Environmental Protection Specialist,Department of the Interior,Department of the Interior,0028,2026-01-30T00:00:00.0000,2026-02-13T23:59:59.9970,"[environmental compliance, nepa, national environmental policy act]",https://www.usajobs.gov/job/855844300
Seasonal Historian,Department of the Interior,Department of the Interior,0170,2026-02-23T13:26:38.2730,2026-03-09T23:59:59.9970,[section 106],https://www.usajobs.gov/job/858570000
Seasonal Historian,Department of the Interior,Department of the Interior,0170,2026-02-27T09:58:48.7600,2026-03-13T23:59:59.9970,[section 106],https://www.usajobs.gov/job/859252900
Seasonal Lands Technician,Department of the Interior,Department of the Interior,1101,2026-01-27T10:08:01.4630,2026-02-03T23:59:59.9970,[right-of-way],https://www.usajobs.gov/job/855562300
Seasonal Landscape Architect,Department of the Interior,Department of the Interior,0807,2026-01-23T00:00:00.0000,2026-02-06T23:59:59.9970,[section 106],https://www.usajobs.gov/job/855236100
Seasonal Lead Recreation Fee Technician,Department of the Interior,Department of the Interior,0503,2025-12-10T00:00:00.0000,2025-12-23T23:59:59.9970,[permitting],https://www.usajobs.gov/job/852006600
Seasonal Outdoor Recreation Planner,Department of the Interior,Department of the Interior,0023,2025-12-15T00:00:00.0000,2026-01-12T23:59:59.9970,[nepa],https://www.usajobs.gov/job/852394300
Seasonal Outdoor Recreation Planner,Department of the Interior,Department of the Interior,0023,2026-01-13T00:00:00.0000,2026-01-20T23:59:59.9970,"[nepa, national environmental policy act, environmental compliance]",https://www.usajobs.gov/job/852733100
Seasonal Park Ranger,Department of the Interior,Department of the Interior,0025,2025-12-05T00:00:00.0000,2025-12-11T23:59:59.9970,[permitting],https://www.usajobs.gov/job/851600600
Seasonal Park Ranger,Department of the Interior,Department of the Interior,0025,2026-01-05T00:00:00.0000,2026-01-20T23:59:59.9970,[permitting],https://www.usajobs.gov/job/853469500
Seasonal Park Ranger,Department of the Interior,Department of the Interior,0025,2026-05-11T00:00:00.0000,2026-05-18T23:59:59.9970,[permitting],https://www.usajobs.gov/job/868610300
Seasonal Park Ranger,Department of the Interior,Department of the Interior,0025,2026-01-05T00:00:00.0000,2026-01-20T23:59:59.9970,[permitting],https://www.usajobs.gov/job/853469200
Seasonal Park Ranger,Department of the Interior,Department of the Interior,0025,2026-03-02T00:00:00.0000,2026-03-13T23:59:59.9970,[permitting],https://www.usajobs.gov/job/859205400
Seasonal Park Ranger,Department of the Interior,Department of the Interior,0025,2026-01-12T00:00:00.0000,2026-01-23T23:59:59.9970,[permitting],https://www.usajobs.gov/job/854125600
Seasonal Park Ranger (General),Department of the Interior,Department of the Interior,0025,2026-01-07T09:40:17.3070,2026-01-13T23:59:59.9970,[special use permit],https://www.usajobs.gov/job/853759800
Seasonal Park Ranger (Lead) Aquatic Nuisance Species (ANS) Interdiction,Department of the Interior,Department of the Interior,0025,2025-12-12T08:21:40.8430,2025-12-26T23:59:59.9970,[permitting],https://www.usajobs.gov/job/852289000
Seasonal Park Ranger (PSAR - Wilderness Education),Department of the Interior,Department of the Interior,0025,2025-12-18T00:00:00.0000,2025-12-26T23:59:59.9970,[permit issuance],https://www.usajobs.gov/job/852692500
Seasonal Park Ranger (PSAR),Department of the Interior,Department of the Interior,0025,2026-02-09T09:57:26.6170,2026-02-16T23:59:59.9970,[permit issuance],https://www.usajobs.gov/job/856963800
Seasonal Park Ranger - Preventative Search and Rescue (PSAR),Department of the Interior,Department of the Interior,0025,2026-01-07T00:00:00.0000,2026-01-13T23:59:59.9970,[special use permit],https://www.usajobs.gov/job/853681600
Seasonal Special Park Uses Assistant,Department of the Interior,Department of the Interior,0303,2025-11-25T00:00:00.0000,2025-12-09T23:59:59.9970,"[special use permit, permitting]",https://www.usajobs.gov/job/850656000
Seasonal Supervisory Park Ranger (AIS),Department of the Interior,Department of the Interior,0025,2026-03-24T00:00:00.0000,2026-04-06T23:59:59.9970,[permitting],https://www.usajobs.gov/job/862211000
Seasonal Wildlife Biologist,Department of the Interior,Department of the Interior,0486,2026-02-24T08:13:22.8270,2026-03-03T23:59:59.9970,"[nepa, marine mammal protection act]",https://www.usajobs.gov/job/858662300
Special Events Program Coordinator,Department of the Interior,Department of the Interior,0301,2026-04-13T00:00:00.0000,2026-04-21T23:59:59.9970,[permitting],https://www.usajobs.gov/job/864780000
Supervisory  Park Ranger (P),Department of the Interior,Department of the Interior,0025,2026-03-12T09:20:30.4730,2026-03-16T23:59:59.9970,[permitting],https://www.usajobs.gov/job/860885300
Supervisory  Wildland Firefighter (Fire Management Officer) - Direct Hire Authority,Department of the Interior,Department of the Interior,0456,2025-11-17T00:00:00.0000,2025-11-28T23:59:59.9970,[environmental compliance],https://www.usajobs.gov/job/850019900
Supervisory Biologist - Direct Hiring Authority,Department of the Interior,Department of the Interior,0401,2026-03-05T00:00:00.0000,2026-03-11T23:59:59.9970,"[nepa, clean water act, national environmental policy act]",https://www.usajobs.gov/job/860115300
Supervisory Facilities Operations Specialist,Department of the Interior,Department of the Interior,1640,2026-03-18T00:00:00.0000,2026-03-27T23:59:59.9970,"[section 106, nepa]",https://www.usajobs.gov/job/861541400
Supervisory Facility Operations Specialist,Department of the Interior,Department of the Interior,1640,2026-03-16T00:00:00.0000,2026-03-26T23:59:59.9970,[nepa],https://www.usajobs.gov/job/861206600
Supervisory Facility Operations Specialist,Department of the Interior,Department of the Interior,1640,2026-03-25T00:00:00.0000,2026-04-01T23:59:59.9970,[nepa],https://www.usajobs.gov/job/862148600
Supervisory Facility Operations Specialist,Department of the Interior,Department of the Interior,1640,2026-03-24T00:00:00.0000,2026-04-06T23:59:59.9970,[nepa],https://www.usajobs.gov/job/862101700
Supervisory Natural Resourses Specialist,Department of the Interior,Department of the Interior,0401,2025-07-31T00:00:00.0000,2025-08-14T23:59:59.9970,"[environmental compliance, permitting, national environmental policy act]",https://www.usajobs.gov/job/842127400
Supervisory Natural and Cultural Resource Manager,Department of the Interior,Department of the Interior,0401,2026-03-20T09:08:22.1300,2026-03-28T23:59:59.9970,"[environmental compliance, nepa, clean water act, national environmental policy act]",https://www.usajobs.gov/job/861930100
Supervisory Park Ranger (Chief of Resource Management),Department of the Interior,Department of the Interior,0025,2026-03-06T00:00:00.0000,2026-03-20T23:59:59.9970,"[section 106, nepa]",https://www.usajobs.gov/job/860054300
Supervisory Park Ranger (P),Department of the Interior,Department of the Interior,0025,2025-12-18T09:27:35.7570,2025-12-31T23:59:59.9970,[permitting],https://www.usajobs.gov/job/852786100
Supervisory Park Ranger (P),Department of the Interior,Department of the Interior,0025,2025-12-11T12:40:03.6570,2025-12-24T23:59:59.9970,[permitting],https://www.usajobs.gov/job/852213800
Supervisory Park Ranger/Law Enforcement Specialist,Department of the Interior,Department of the Interior,0025,2026-04-22T00:00:00.0000,2026-04-26T23:59:59.9970,[permitting],https://www.usajobs.gov/job/866136900
Supervisory Wildland Firefighter (Fire Management Officer) - Direct Hire Authority,Department of the Interior,Department of the Interior,0456,2025-08-27T00:00:00.0000,2025-09-10T23:59:59.9970,[environmental compliance],https://www.usajobs.gov/job/844345000
Supervisory Wildland Firefighter (Fire Management Officer) - Direct Hire Authority,Department of the Interior,Department of the Interior,0456,2025-08-27T00:00:00.0000,2025-09-10T23:59:59.9970,[environmental compliance],https://www.usajobs.gov/job/844344400
Supervisory Wildland Firefighter (Fire Management Officer) - Direct Hire Authority,Department of the Interior,Department of the Interior,0456,2025-08-27T09:14:49.1370,2025-09-10T23:59:59.9970,[environmental compliance],https://www.usajobs.gov/job/844415300
Supervisory Wildland Firefighter (Fire Management Officer) - Direct Hire Authority,Department of the Interior,Department of the Interior,0456,2025-08-27T09:45:11.5130,2025-09-10T23:59:59.9970,[environmental compliance],https://www.usajobs.gov/job/844420700
Supervisory Wildland Firefighter (Fire Management Officer) - Direct Hiring Authority,Department of the Interior,Department of the Interior,0456,2026-04-09T12:54:07.0200,2026-04-23T23:59:59.9970,[environmental compliance],https://www.usajobs.gov/job/864585300
Utility Systems Repairer-Operator,Department of the Interior,Department of the Interior,4742,2025-12-16T00:00:00.0000,2026-01-05T23:59:59.9970,[safe drinking water act],https://www.usajobs.gov/job/852424200
Utility Systems Repairer-Operator,Department of the Interior,Department of the Interior,4742,2025-07-18T13:15:19.7030,2025-08-01T23:59:59.9970,[safe drinking water act],https://www.usajobs.gov/job/841108700
Utility Systems Repairer-Operator,Department of the Interior,Department of the Interior,4742,2025-09-12T00:00:00.0000,2025-09-26T23:59:59.9970,[safe drinking water act],https://www.usajobs.gov/job/845691000
Utility Systems Repairer-Operator,Department of the Interior,Department of the Interior,4742,2025-07-17T11:25:25.0200,2025-07-31T23:59:59.9970,[safe drinking water act],https://www.usajobs.gov/job/840968400
Utility Systems Repairer-Operator,Department of the Interior,Department of the Interior,4742,2026-03-20T10:41:17.9030,2026-04-02T23:59:59.9970,[safe drinking water act],https://www.usajobs.gov/job/861957800
Utility Systems Repairer-Operator,Department of the Interior,Department of the Interior,4742,2026-01-17T00:00:00.0000,2026-01-30T23:59:59.9970,[safe drinking water act],https://www.usajobs.gov/job/854749000
Utility Systems Repairer-Operator,Department of the Interior,Department of the Interior,4742,2026-02-04T00:00:00.0000,2026-02-18T23:59:59.9970,[safe drinking water act],https://www.usajobs.gov/job/856387300
Visitor Services Assistant (Seasonal),Department of the Interior,Department of the Interior,0303,2026-03-06T00:00:00.0000,2026-03-20T23:59:59.9970,[special use permit],https://www.usajobs.gov/job/860202600
Visitor Services Assistant (Seasonal),Department of the Interior,Department of the Interior,0303,2026-03-06T00:00:00.0000,2026-03-20T23:59:59.9970,[special use permit],https://www.usajobs.gov/job/860071500
Wildland Firefighter (Fire Management Planning) - Direct Hire Authority,Department of the Interior,Department of the Interior,0456,2025-07-17T16:30:52.3670,2025-07-30T23:59:59.9970,[nepa],https://www.usajobs.gov/job/841034000
Wildland Firefighter (Fire Management Planning)-Direct Hire Authority,Department of the Interior,Department of the Interior,0456,2026-04-22T08:41:48.5970,2026-05-06T23:59:59.9970,[nepa],https://www.usajobs.gov/job/866168500
ADMINISTRATIVE/TECHNICAL SPECIALIST,Department of the Navy,Department of the Navy,0802,2025-08-12T00:00:00.0000,2025-08-25T23:59:59.9970,[environmental compliance],https://www.usajobs.gov/job/843058000
ADMINISTRATIVE/TECHNICAL SPECIALIST,Department of the Navy,Department of the Navy,0018,2026-03-27T00:00:00.0000,2026-04-06T23:59:59.9970,[clean air act],https://www.usajobs.gov/job/862695000
ARCHAEOLOGIST,Department of the Navy,Department of the Navy,0193,2025-08-06T00:00:00.0000,2025-08-11T23:59:59.9970,[national environmental policy act],https://www.usajobs.gov/job/842477800
ARCHEOLOGIST / ANTHROPOLOGIST / HISTORIAN,Department of the Navy,Department of the Navy,0170 | 0190 | 0193,2026-03-03T16:46:01.4530,2026-03-10T23:59:59.9970,[nepa],https://www.usajobs.gov/job/859716000
ASBESTOS PROGRAM COORDINATOR,Department of the Navy,Department of the Navy,1601,2025-08-05T00:00:00.0000,2025-08-11T23:59:59.9970,"[nepa, national environmental policy act]",https://www.usajobs.gov/job/842238000
ASSISTANT PROJECT SUPERINTENDENT,Department of the Navy,Department of the Navy,1601,2026-01-29T00:00:00.0000,2026-02-09T23:59:59.9970,[environmental compliance],https://www.usajobs.gov/job/855358300
AUTO MECHANIC LDR L10*,Department of the Navy,Department of the Navy,5823,2025-08-06T12:55:06.7830,2025-08-13T23:59:59.9970,[environmental compliance],https://www.usajobs.gov/job/842665800
AUTO MECHANIC LDR L10*,Department of the Navy,Department of the Navy,5823,2026-04-20T11:42:50.8570,2026-05-10T23:59:59.9970,[environmental compliance],https://www.usajobs.gov/job/865849700
Assistant Chief Engineer,Department of the Navy,Department of the Navy,0801 | 0808,2026-05-11T00:00:00.0000,2026-05-15T23:59:59.9970,[environmental compliance],https://www.usajobs.gov/job/868227600
BIOLOGICAL SCIENTIST/ENVIRONMENTAL ENGINEER/PHYSICAL SCIENTIST,Department of the Navy,Department of the Navy,0401 | 0819 | 1301,2025-12-31T00:00:00.0000,2026-01-12T23:59:59.9970,"[rcra, permit applications, clean water act, clean air act, environmental compliance]",https://www.usajobs.gov/job/853369900
CHEMIST,Department of the Navy,Department of the Navy,1320,2025-08-19T00:00:00.0000,2025-09-02T23:59:59.9970,[environmental compliance],https://www.usajobs.gov/job/843670600
CHEMIST,Department of the Navy,Department of the Navy,1320,2025-08-04T00:00:00.0000,2025-08-06T23:59:59.9970,"[safe drinking water act, clean water act]",https://www.usajobs.gov/job/842226200
COMMUNITY PLANNER,Department of the Navy,Department of the Navy,0020,2026-02-19T00:00:00.0000,2026-02-23T23:59:59.9970,[environmental compliance],https://www.usajobs.gov/job/857941700
COMMUNITY PLANNER,Department of the Navy,Department of the Navy,0020,2026-03-04T00:00:00.0000,2026-03-13T23:59:59.9970,[nepa],https://www.usajobs.gov/job/859346300
CONSERVATION LAW ENFORCEMENT OFFICER,Department of the Navy,Department of the Navy,1801,2025-12-10T00:00:00.0000,2025-12-15T23:59:59.9970,[environmental compliance],https://www.usajobs.gov/job/851944200
CONSERVATION LAW ENFORCEMENT OFFICER,Department of the Navy,Department of the Navy,1801,2025-12-10T11:07:46.8600,2025-12-16T23:59:59.9970,[environmental compliance],https://www.usajobs.gov/job/852062600
"Deputy Director, Marine Corps Marathon NF5 Regular Full-Time",Department of the Navy,Department of the Navy,1101,2026-04-09T14:54:10.3930,2026-04-30T23:59:59.9970,[permitting],https://www.usajobs.gov/job/864625400
ELECTRONIC MECHANIC,Department of the Navy,Department of the Navy,2604,2026-04-07T00:00:00.0000,2026-04-13T23:59:59.9970,"[nepa, national environmental policy act]",https://www.usajobs.gov/job/864097000
ENGINEER,Department of the Navy,Department of the Navy,0808,2025-09-19T13:05:59.2830,2025-09-30T23:59:59.9970,[permitting],https://www.usajobs.gov/job/846487300
ENVIROMENTAL ENGINEER,Department of the Navy,Department of the Navy,0819,2025-06-18T00:00:00.0000,2025-07-09T23:59:59.9970,[permitting],https://www.usajobs.gov/job/839024600
ENVIROMENTAL PROTECTION ASSISTANT,Department of the Navy,Department of the Navy,0029,2026-02-18T00:00:00.0000,2026-02-25T23:59:59.9970,[environmental compliance],https://www.usajobs.gov/job/857947000
ENVIROMENTAL PROTECTION SPECIALIST,Department of the Navy,Department of the Navy,0028,2026-03-02T00:00:00.0000,2026-03-08T23:59:59.9970,"[environmental assessment, environmental compliance]",https://www.usajobs.gov/job/859334400
ENVIRONMENTAL ASSESSMENT SPECIALIST,Department of the Navy,Department of the Navy,0401,2026-02-10T00:00:00.0000,2026-02-19T23:59:59.9970,"[permitting, clean water act, environmental compliance, environmental assessment]",https://www.usajobs.gov/job/857076600
ENVIRONMENTAL COMPLIANCE ANALYST,Department of the Navy,Department of the Navy,0301,2026-03-17T00:00:00.0000,2026-03-23T23:59:59.9970,[environmental compliance],https://www.usajobs.gov/job/861300300
ENVIRONMENTAL ENGINEER,Department of the Navy,Department of the Navy,0819,2025-07-02T00:00:00.0000,2025-07-15T23:59:59.9970,[environmental compliance],https://www.usajobs.gov/job/839808500
ENVIRONMENTAL ENGINEER,Department of the Navy,Department of the Navy,0819,2025-08-07T00:00:00.0000,2025-08-14T23:59:59.9970,[environmental compliance],https://www.usajobs.gov/job/842631600
ENVIRONMENTAL ENGINEER,Department of the Navy,Department of the Navy,0819,2025-09-19T00:00:00.0000,2025-09-26T23:59:59.9970,[environmental compliance],https://www.usajobs.gov/job/846333400
ENVIRONMENTAL ENGINEER,Department of the Navy,Department of the Navy,0819,2025-08-19T00:00:00.0000,2025-08-25T23:59:59.9970,[environmental compliance],https://www.usajobs.gov/job/843604700
ENVIRONMENTAL ENGINEER,Department of the Navy,Department of the Navy,0819,2025-07-23T00:00:00.0000,2025-08-01T23:59:59.9970,[environmental compliance],https://www.usajobs.gov/job/841253600
ENVIRONMENTAL ENGINEER,Department of the Navy,Department of the Navy,0819,2025-09-12T00:00:00.0000,2025-09-19T23:59:59.9970,[environmental compliance],https://www.usajobs.gov/job/845626900
ENVIRONMENTAL ENGINEER,Department of the Navy,Department of the Navy,0819,2026-03-06T00:00:00.0000,2026-03-16T23:59:59.9970,[environmental compliance],https://www.usajobs.gov/job/859906600
ENVIRONMENTAL ENGINEER,Department of the Navy,Department of the Navy,0819,2026-03-17T00:00:00.0000,2026-03-23T23:59:59.9970,[environmental compliance],https://www.usajobs.gov/job/861132500
ENVIRONMENTAL ENGINEER,Department of the Navy,Department of the Navy,0819,2026-03-05T00:00:00.0000,2026-03-12T23:59:59.9970,[environmental compliance],https://www.usajobs.gov/job/859866500
ENVIRONMENTAL ENGINEER,Department of the Navy,Department of the Navy,0819,2026-05-07T00:00:00.0000,2026-05-14T23:59:59.9970,[environmental compliance],https://www.usajobs.gov/job/868175300
ENVIRONMENTAL ENGINEER,Department of the Navy,Department of the Navy,0819,2026-04-01T00:00:00.0000,2026-04-08T23:59:59.9970,[environmental compliance],https://www.usajobs.gov/job/862876300
ENVIRONMENTAL ENGINEER,Department of the Navy,Department of the Navy,0819,2026-03-05T00:00:00.0000,2026-03-18T23:59:59.9970,[environmental compliance],https://www.usajobs.gov/job/859764400
ENVIRONMENTAL ENGINEER,Department of the Navy,Department of the Navy,0819,2026-03-26T00:00:00.0000,2026-04-01T23:59:59.9970,[environmental compliance],https://www.usajobs.gov/job/862601800
ENVIRONMENTAL ENGINEER (SUST-AIR),Department of the Navy,Department of the Navy,0819,2025-09-17T00:00:00.0000,2025-09-22T23:59:59.9970,[environmental compliance],https://www.usajobs.gov/job/846090600
ENVIRONMENTAL ENGINEER/GEOLOGIST,Department of the Navy,Department of the Navy,0819 | 1350,2026-05-05T00:00:00.0000,2026-05-07T23:59:59.9970,"[rcra, cercla]",https://www.usajobs.gov/job/867258100
ENVIRONMENTAL ENGINEER/GEOLOGIST,Department of the Navy,Department of the Navy,0819 | 1350,2026-04-06T12:52:48.4300,2026-04-13T23:59:59.9970,"[rcra, cercla]",https://www.usajobs.gov/job/864030700
ENVIRONMENTAL ENGINEER/PHYSICAL SCIENTIST,Department of the Navy,Department of the Navy,0819 | 1301,2026-01-12T00:00:00.0000,2026-01-16T23:59:59.9970,"[clean air act, environmental compliance]",https://www.usajobs.gov/job/854069600
ENVIRONMENTAL PROGRAM MANAGER (INTERDISCIPLINARY),Department of the Navy,Department of the Navy,0401 | 0819 | 1301,2026-02-05T00:00:00.0000,2026-02-12T23:59:59.9970,"[permit applications, nepa, national environmental policy act, environmental compliance]",https://www.usajobs.gov/job/856489400
ENVIRONMENTAL PROTECTION SPEC,Department of the Navy,Department of the Navy,0028,2025-07-01T00:00:00.0000,2025-07-14T23:59:59.9970,[environmental compliance],https://www.usajobs.gov/job/839752100
ENVIRONMENTAL PROTECTION SPECIALIST,Department of the Navy,Department of the Navy,0028,2025-09-29T00:00:00.0000,2025-10-03T23:59:59.9970,"[clean air act, environmental compliance]",https://www.usajobs.gov/job/846714200
ENVIRONMENTAL PROTECTION SPECIALIST,Department of the Navy,Department of the Navy,0028,2025-11-10T00:00:00.0000,2025-11-12T23:59:59.9970,[rcra],https://www.usajobs.gov/job/849615400
ENVIRONMENTAL PROTECTION SPECIALIST,Department of the Navy,Department of the Navy,0028,2025-08-22T11:18:12.2170,2025-08-29T23:59:59.9970,"[environmental assessment, environmental compliance]",https://www.usajobs.gov/job/844091200
ENVIRONMENTAL PROTECTION SPECIALIST,Department of the Navy,Department of the Navy,0028,2025-12-08T00:00:00.0000,2026-01-16T23:59:59.9970,[clean water act],https://www.usajobs.gov/job/851704000
ENVIRONMENTAL PROTECTION SPECIALIST,Department of the Navy,Department of the Navy,0028,2025-09-15T10:39:15.8670,2025-09-23T23:59:59.9970,"[environmental compliance, environmental assessment]",https://www.usajobs.gov/job/845947900
ENVIRONMENTAL PROTECTION SPECIALIST,Department of the Navy,Department of the Navy,0028,2025-09-15T00:00:00.0000,2025-09-24T23:59:59.9970,"[environmental compliance, environmental assessment]",https://www.usajobs.gov/job/845790800
ENVIRONMENTAL PROTECTION SPECIALIST,Department of the Navy,Department of the Navy,0028,2025-07-18T13:40:35.6470,2025-07-22T23:59:59.9970,"[environmental assessment, environmental compliance]",https://www.usajobs.gov/job/841114400
ENVIRONMENTAL PROTECTION SPECIALIST,Department of the Navy,Department of the Navy,0028,2025-09-22T15:33:50.3270,2025-09-26T23:59:59.9970,"[environmental assessment, environmental compliance]",https://www.usajobs.gov/job/846584500
ENVIRONMENTAL PROTECTION SPECIALIST,Department of the Navy,Department of the Navy,0028,2025-12-03T00:00:00.0000,2025-12-17T23:59:59.9970,[environmental compliance],https://www.usajobs.gov/job/851367100
ENVIRONMENTAL PROTECTION SPECIALIST,Department of the Navy,Department of the Navy,0028,2025-07-25T00:00:00.0000,2025-08-07T23:59:59.9970,[environmental compliance],https://www.usajobs.gov/job/841581000
ENVIRONMENTAL PROTECTION SPECIALIST,Department of the Navy,Department of the Navy,0028,2025-08-25T00:00:00.0000,2025-09-01T23:59:59.9970,"[environmental compliance, environmental assessment]",https://www.usajobs.gov/job/844122600
ENVIRONMENTAL PROTECTION SPECIALIST,Department of the Navy,Department of the Navy,0028,2025-07-28T07:32:33.4870,2025-08-01T23:59:59.9970,[environmental compliance],https://www.usajobs.gov/job/841510500
ENVIRONMENTAL PROTECTION SPECIALIST,Department of the Navy,Department of the Navy,0028,2025-09-10T12:14:51.1200,2025-09-17T23:59:59.9970,"[environmental compliance, rcra]",https://www.usajobs.gov/job/845537400
ENVIRONMENTAL PROTECTION SPECIALIST,Department of the Navy,Department of the Navy,0028,2025-08-29T00:00:00.0000,2025-09-05T23:59:59.9970,"[environmental compliance, environmental assessment]",https://www.usajobs.gov/job/844560400
ENVIRONMENTAL PROTECTION SPECIALIST,Department of the Navy,Department of the Navy,0028,2026-02-13T07:38:52.0670,2026-02-19T23:59:59.9970,"[marine mammal protection act, clean water act, national environmental policy act, record of decision, coastal zone management act, clean air act, finding of no significant impact, nepa]",https://www.usajobs.gov/job/857666500
ENVIRONMENTAL PROTECTION SPECIALIST,Department of the Navy,Department of the Navy,0028,2026-04-21T00:00:00.0000,2026-04-28T23:59:59.9970,"[environmental compliance, rcra]",https://www.usajobs.gov/job/865809200
ENVIRONMENTAL PROTECTION SPECIALIST,Department of the Navy,Department of the Navy,0028,2026-04-30T15:14:02.8670,2026-05-05T23:59:59.9970,"[nepa, environmental assessment, national environmental policy act, rcra]",https://www.usajobs.gov/job/867458900
ENVIRONMENTAL PROTECTION SPECIALIST,Department of the Navy,Department of the Navy,0028,2026-04-28T08:51:04.5930,2026-05-04T23:59:59.9970,[environmental assessment],https://www.usajobs.gov/job/866917900
ENVIRONMENTAL PROTECTION SPECIALIST,Department of the Navy,Department of the Navy,0028,2026-03-30T15:19:37.3800,2026-04-06T23:59:59.9970,"[environmental assessment, clean air act, environmental compliance]",https://www.usajobs.gov/job/863143000
ENVIRONMENTAL PROTECTION SPECIALIST,Department of the Navy,Department of the Navy,0028,2026-01-29T00:00:00.0000,2026-02-04T23:59:59.9970,"[marine mammal protection act, clean water act, national environmental policy act, record of decision, coastal zone management act, clean air act, finding of no significant impact, nepa]",https://www.usajobs.gov/job/855705800
ENVIRONMENTAL PROTECTION SPECIALIST,Department of the Navy,Department of the Navy,0028,2026-03-17T00:00:00.0000,2026-03-23T23:59:59.9970,"[environmental assessment, environmental compliance, rcra]",https://www.usajobs.gov/job/861204700
ENVIRONMENTAL PROTECTION SPECIALIST,Department of the Navy,Department of the Navy,0028,2026-01-30T00:00:00.0000,2026-02-06T23:59:59.9970,[rcra],https://www.usajobs.gov/job/855692400
ENVIRONMENTAL PROTECTION SPECIALIST,Department of the Navy,Department of the Navy,0028,2026-01-30T12:18:29.3830,2026-02-06T23:59:59.9970,[environmental compliance],https://www.usajobs.gov/job/856074500
ENVIRONMENTAL PROTECTION SPECIALIST,Department of the Navy,Department of the Navy,0028,2026-02-20T00:00:00.0000,2026-02-26T23:59:59.9970,"[environmental compliance, environmental assessment]",https://www.usajobs.gov/job/858242400
ENVIRONMENTAL PROTECTION SPECIALIST,Department of the Navy,Department of the Navy,0028,2026-03-06T00:00:00.0000,2026-03-12T23:59:59.9970,"[environmental compliance, environmental assessment]",https://www.usajobs.gov/job/860110900
ENVIRONMENTAL PROTECTION SPECIALIST,Department of the Navy,Department of the Navy,0028,2026-02-02T00:00:00.0000,2026-02-06T23:59:59.9970,[environmental compliance],https://www.usajobs.gov/job/855772900
ENVIRONMENTAL PROTECTION SPECIALIST,Department of the Navy,Department of the Navy,0028,2026-02-02T08:40:32.8200,2026-02-06T23:59:59.9970,[environmental compliance],https://www.usajobs.gov/job/856185000
ENVIRONMENTAL PROTECTION SPECIALIST,Department of the Navy,Department of the Navy,0028,2026-04-29T00:00:00.0000,2026-05-04T23:59:59.9970,"[environmental assessment, environmental compliance]",https://www.usajobs.gov/job/867086600
ENVIRONMENTAL PROTECTION SPECIALIST,Department of the Navy,Department of the Navy,0028,2026-05-01T11:12:47.5530,2026-05-05T23:59:59.9970,"[environmental compliance, environmental assessment, rcra, clean water act]",https://www.usajobs.gov/job/867569300
ENVIRONMENTAL PROTECTION SPECIALIST,Department of the Navy,Department of the Navy,0028,2026-03-23T00:00:00.0000,2026-03-30T23:59:59.9970,"[environmental compliance, environmental assessment]",https://www.usajobs.gov/job/862014400
ENVIRONMENTAL PROTECTION SPECIALIST,Department of the Navy,Department of the Navy,0028,2026-02-04T00:00:00.0000,2026-02-09T23:59:59.9970,"[environmental compliance, national environmental policy act]",https://www.usajobs.gov/job/856354100
ENVIRONMENTAL PROTECTION SPECIALIST,Department of the Navy,Department of the Navy,0028,2026-02-05T00:00:00.0000,2026-02-12T23:59:59.9970,[environmental compliance],https://www.usajobs.gov/job/856560800
ENVIRONMENTAL PROTECTION SPECIALIST,Department of the Navy,Department of the Navy,0028,2026-03-26T13:24:46.9100,2026-03-31T23:59:59.9970,"[environmental assessment, environmental compliance]",https://www.usajobs.gov/job/862734200
ENVIRONMENTAL PROTECTION SPECIALIST,Department of the Navy,Department of the Navy,0028,2026-04-22T00:00:00.0000,2026-04-28T23:59:59.9970,"[environmental compliance, clean air act]",https://www.usajobs.gov/job/866049500
ENVIRONMENTAL PROTECTION SPECIALIST,Department of the Navy,Department of the Navy,0028,2026-02-23T00:00:00.0000,2026-02-27T23:59:59.9970,"[environmental assessment, environmental compliance]",https://www.usajobs.gov/job/858446700
ENVIRONMENTAL PROTECTION SPECIALIST,Department of the Navy,Department of the Navy,0028,2026-03-10T14:50:04.5800,2026-03-16T23:59:59.9970,[environmental compliance],https://www.usajobs.gov/job/860597500
ENVIRONMENTAL PROTECTION SPECIALIST,Department of the Navy,Department of the Navy,0028,2026-04-21T00:00:00.0000,2026-04-27T23:59:59.9970,"[clean air act, clean water act, cercla, rcra, environmental compliance]",https://www.usajobs.gov/job/865674500
ENVIRONMENTAL PROTECTION SPECIALIST,Department of the Navy,Department of the Navy,0028,2026-02-12T00:00:00.0000,2026-02-23T23:59:59.9970,"[environmental compliance, environmental assessment, rcra]",https://www.usajobs.gov/job/857421900
ENVIRONMENTAL PROTECTION SPECIALIST,Department of the Navy,Department of the Navy,0028,2026-01-14T00:00:00.0000,2026-01-21T23:59:59.9970,[environmental compliance],https://www.usajobs.gov/job/854351400
ENVIRONMENTAL SPECIALIST (WORKFORCE),Department of the Navy,Department of the Navy,0028,2025-07-18T11:10:27.0400,2025-07-28T23:59:59.9970,"[environmental assessment, environmental compliance]",https://www.usajobs.gov/job/841084800
Environmental Protection Specialist,Department of the Navy,Department of the Navy,0028,2025-11-13T09:01:23.4830,2025-11-17T23:59:59.9970,"[environmental compliance, national environmental policy act]",https://www.usajobs.gov/job/849981800
FACILITIES MANAGER,Department of the Navy,Department of the Navy,1601,2026-01-26T09:20:47.5230,2026-02-01T23:59:59.9970,[environmental compliance],https://www.usajobs.gov/job/855412800
FIRE PROTECTION INSPECTOR,Department of the Navy,Department of the Navy,0081,2025-12-17T00:00:00.0000,2025-12-19T23:59:59.9970,[permit issuance],https://www.usajobs.gov/job/852576400
FLEET ENVIRONMENTAL PROGRAM MANAGER INTERDISCIPLINARY,Department of the Navy,Department of the Navy,0401 | 0819 | 1301,2026-04-01T00:00:00.0000,2026-04-06T23:59:59.9970,"[nepa, national environmental policy act]",https://www.usajobs.gov/job/863201100
GENERAL ENGINEER/PHYSICAL SCIENTIST,Department of the Navy,Department of the Navy,0801 | 1301,2025-07-01T00:00:00.0000,2025-07-14T23:59:59.9970,[environmental compliance],https://www.usajobs.gov/job/839796500
INTERDISCIPLINARY,Department of the Navy,Department of the Navy,0020 | 0401 | 0819 | 1301,2025-10-06T11:05:14.4470,2025-10-08T23:59:59.9970,"[nepa, environmental compliance]",https://www.usajobs.gov/job/847533900
INTERDISCIPLINARY,Department of the Navy,Department of the Navy,0401 | 0819 | 1301,2026-03-30T00:00:00.0000,2026-04-03T23:59:59.9970,"[environmental compliance, clean air act]",https://www.usajobs.gov/job/862855800
INTERDISCIPLINARY - COMM PLANNER/NATRL RES SPEC/ENVIRONMENTAL ENGINEER/PHYSICAL SCIENTIST,Department of the Navy,Department of the Navy,0020 | 0401 | 0819 | 1301,2025-08-05T11:20:07.8570,2025-08-11T23:59:59.9970,"[nepa, national environmental policy act]",https://www.usajobs.gov/job/842516200
INTERDISCIPLINARY ARCHITECTURAL HISTORIAN/HISTORIC ARCHITECT,Department of the Navy,Department of the Navy,0170 | 0808,2025-09-29T00:00:00.0000,2025-10-06T23:59:59.9970,"[nepa, section 106]",https://www.usajobs.gov/job/846750500
INTERDISCIPLINARY COMMUNITY PLANNER/BIOLOGIST/ENVIRONMENTAL ENGINEER/PHYSICAL SCIENTIST,Department of the Navy,Department of the Navy,0020 | 0401 | 0819 | 1301,2025-09-18T00:00:00.0000,2025-09-25T23:59:59.9970,"[environmental compliance, nepa, national environmental policy act]",https://www.usajobs.gov/job/846287700
INTERDISCIPLINARY COMMUNITY PLANNER/BIOLOGIST/ENVIRONMENTAL ENGINEER/PHYSICAL SCIENTIST,Department of the Navy,Department of the Navy,0020 | 0401 | 0819 | 1301,2025-08-06T00:00:00.0000,2025-08-20T23:59:59.9970,"[nepa, environmental assessment, environmental impact statement, national environmental policy act]",https://www.usajobs.gov/job/842532000
INTERDISCIPLINARY ENGINEER/ARCHITECT/COMMUNITY PLANNER,Department of the Navy,Department of the Navy,0020 | 0808 | 0810 | 0830 | 0850,2025-07-07T00:00:00.0000,2025-07-11T23:59:59.9970,[nepa],https://www.usajobs.gov/job/839985700
INTERDISCIPLINARY ENVIRONMENTAL ENGINEER/GENERAL BIOLOGIST SCIENCE/GENERAL PHYSICAL SCIENCE,Department of the Navy,Department of the Navy,0401 | 0819 | 1301,2026-01-08T10:34:42.1930,2026-01-14T23:59:59.9970,"[npdes, safe drinking water act, clean water act, environmental compliance]",https://www.usajobs.gov/job/853899500
INTERDISCIPLINARY ENVIRONMENTAL ENGINEER/GEOLOGIST,Department of the Navy,Department of the Navy,0819 | 1350,2026-03-11T16:00:21.8330,2026-03-18T23:59:59.9970,"[rcra, cercla]",https://www.usajobs.gov/job/860823500
INTERDISCIPLINARY ENVIRONMENTAL ENGINEER/GEOLOGIST,Department of the Navy,Department of the Navy,0819 | 1350,2026-04-29T00:00:00.0000,2026-05-01T23:59:59.9970,"[rcra, cercla]",https://www.usajobs.gov/job/867096100
INTERDISCIPLINARY ENVIRONMENTAL ENGINEER/PHYSICAL SCIENTIST,Department of the Navy,Department of the Navy,0819 | 1301,2025-07-10T09:33:35.3370,2025-07-23T23:59:59.9970,"[permit applications, clean water act, environmental compliance]",https://www.usajobs.gov/job/840333700
INTERDISCIPLINARY ENVIRONMENTAL ENGINEER/PHYSICAL SCIENTIST,Department of the Navy,Department of the Navy,0819 | 1301,2025-09-12T00:00:00.0000,2025-09-22T23:59:59.9970,[environmental compliance],https://www.usajobs.gov/job/845751700
INTERDISCIPLINARY ENVIRONMENTAL ENGINEER/PHYSICAL SCIENTIST,Department of the Navy,Department of the Navy,0819 | 1301,2025-08-22T00:00:00.0000,2025-08-28T23:59:59.9970,"[nepa, national environmental policy act, environmental compliance]",https://www.usajobs.gov/job/843879400
INTERDISCIPLINARY ENVIRONMENTAL ENGINEER/PHYSICAL SCIENTIST,Department of the Navy,Department of the Navy,0819 | 1301,2026-05-01T00:00:00.0000,2026-05-07T23:59:59.9970,"[environmental compliance, rcra]",https://www.usajobs.gov/job/867055200
INTERDISCIPLINARY GENERAL ENGINEER/ ARCHITECT,Department of the Navy,Department of the Navy,0801 | 0808,2025-11-18T09:52:26.5470,2025-11-24T23:59:59.9970,[environmental compliance],https://www.usajobs.gov/job/850314600
INTERDISCIPLINARY HISTORIAN/ANTHROPOLOGIST/ARCHAEOLOGIST/ARCHITECT,Department of the Navy,Department of the Navy,0170 | 0190 | 0193 | 0808,2025-09-29T00:00:00.0000,2025-10-14T23:59:59.9970,[nepa],https://www.usajobs.gov/job/846751900
INTERDISCIPLINARY NATURAL RESOURCES SPECIALIST/ENVIRONMENTAL ENGINEER/PHYSICAL SCIENTIST,Department of the Navy,Department of the Navy,0401 | 0819 | 1301,2025-08-29T00:00:00.0000,2025-09-05T23:59:59.9970,"[clean water act, nepa, national environmental policy act]",https://www.usajobs.gov/job/844316000
INTERDISCIPLINARY SUPERVISORY ENVIRONMENTAL ENGINEER/PHYSICAL SCIENTIST,Department of the Navy,Department of the Navy,0819 | 1301,2025-07-25T00:00:00.0000,2025-07-31T23:59:59.9970,[environmental compliance],https://www.usajobs.gov/job/841520300
Interdisciplinary Biologist/Community Planner/Environmental Engineer/Physical Scientist,Department of the Navy,Department of the Navy,0020 | 0401 | 0819 | 1301,2025-09-29T00:00:00.0000,2025-10-03T23:59:59.9970,"[nepa, environmental assessment, environmental impact statement, national environmental policy act]",https://www.usajobs.gov/job/846695300
Interdisciplinary Biologist/Environment Engineer/Physical Scientist,Department of the Navy,Department of the Navy,0401 | 0819 | 1301,2026-04-17T00:00:00.0000,2026-04-23T23:59:59.9970,[environmental compliance],https://www.usajobs.gov/job/865041300
LEAD ENVIRONMENTAL PROTECTION SPECIALIST,Department of the Navy,Department of the Navy,0028,2025-09-19T00:00:00.0000,2025-09-25T23:59:59.9970,[environmental compliance],https://www.usajobs.gov/job/845935900
MAJOR PROJECT PROGRAM MANAGER,Department of the Navy,Department of the Navy,1101,2025-07-29T16:50:55.8200,2025-08-01T23:59:59.9970,[environmental compliance],https://www.usajobs.gov/job/841961900
MANAGER,Department of the Navy,Department of the Navy,0801 | 1301 | 1501,2025-11-12T00:00:00.0000,2025-11-25T23:59:59.9970,[environmental compliance],https://www.usajobs.gov/job/849838100
MATERIAL EXAMINER AND IDENTIFIER,Department of the Navy,Department of the Navy,6912,2025-09-29T00:00:00.0000,2025-10-06T23:59:59.9970,[rcra],https://www.usajobs.gov/job/846693600
MOTOR VEHICLE OPERATOR,Department of the Navy,Department of the Navy,5703,2026-01-15T00:00:00.0000,2026-01-29T23:59:59.9970,[environmental compliance],https://www.usajobs.gov/job/854557000
MOTOR VEHICLE OPERATOR (HAZARDOUS MATERIAL DISPOSER),Department of the Navy,Department of the Navy,5703,2026-01-27T00:00:00.0000,2026-02-02T23:59:59.9970,[environmental compliance],https://www.usajobs.gov/job/855519800
NATURAL RESOURCES SPECIALIST,Department of the Navy,Department of the Navy,0401,2026-03-05T00:00:00.0000,2026-03-19T23:59:59.9970,"[nepa, clean water act, marine mammal protection act, national environmental policy act]",https://www.usajobs.gov/job/859609800
NATURAL RESOURCES SPECIALIST,Department of the Navy,Department of the Navy,0401,2026-03-23T00:00:00.0000,2026-03-25T23:59:59.9970,[marine mammal protection act],https://www.usajobs.gov/job/861413600
NUCLEAR ENGINEER,Department of the Navy,Department of the Navy,0840,2026-05-04T09:34:05.8000,2026-05-14T23:59:59.9970,[rcra],https://www.usajobs.gov/job/867713100
PRODUCTION SHOPS SUPERVISOR,Department of the Navy,Department of the Navy,5801,2025-08-08T00:00:00.0000,2025-08-14T23:59:59.9970,[environmental compliance],https://www.usajobs.gov/job/842787100
PRODUCTION SHOPS SUPERVISOR,Department of the Navy,Department of the Navy,5801,2025-09-01T00:00:00.0000,2025-09-05T23:59:59.9970,[environmental compliance],https://www.usajobs.gov/job/844335900
PROGRAM ANALYST,Department of the Navy,Department of the Navy,0343,2026-05-07T00:00:00.0000,2026-05-12T23:59:59.9970,[environmental compliance],https://www.usajobs.gov/job/868215700
Program Analyst (Capital Requirements Coordinator),Department of the Navy,Department of the Navy,1101,2025-10-08T00:00:00.0000,2025-10-22T23:59:59.9970,"[environmental compliance, nepa, national environmental policy act]",https://www.usajobs.gov/job/847702700
Program Analyst (Capital Requirements Coordinator),Department of the Navy,Department of the Navy,1101,2026-04-03T10:23:12.6030,2026-05-03T23:59:59.9970,"[environmental compliance, nepa, national environmental policy act]",https://www.usajobs.gov/job/863834400
Recreation Assistant NF2 Seasonal,Department of the Navy,Department of the Navy,0189,2026-03-12T09:16:22.0630,2026-03-26T23:59:59.9970,[licenses and permits],https://www.usajobs.gov/job/860883800
SENIOR SUPERVISORY ENGINEER (DIVISION DIRECTOR),Department of the Navy,Department of the Navy,0819,2026-03-05T00:00:00.0000,2026-03-19T23:59:59.9970,[environmental compliance],https://www.usajobs.gov/job/859814400
SENIOR SUPERVISORY ENGINEER (DIVISION DIRECTOR),Department of the Navy,Department of the Navy,0819,2026-03-03T00:00:00.0000,2026-03-08T23:59:59.9970,[environmental compliance],https://www.usajobs.gov/job/859143500
SPVR COMMUNITY PLANNER/NATURAL RESOURCES SPEC/ENVIRONMENTAL ENGINEER/PHYSICAL SCIENTIST,Department of the Navy,Department of the Navy,0020 | 0401 | 0819 | 1301,2025-09-02T00:00:00.0000,2025-09-10T23:59:59.9970,"[environmental compliance, nepa, national environmental policy act]",https://www.usajobs.gov/job/844657200
SUPERVISORY ADMINISTRATIVE/TECHNICAL SPECIALIST,Department of the Navy,Department of the Navy,0301,2026-01-13T11:02:24.1070,2026-01-23T23:59:59.9970,[environmental compliance],https://www.usajobs.gov/job/854307100
SUPERVISORY COMMUNITY PLANNER,Department of the Navy,Department of the Navy,0020,2025-08-13T10:22:54.5170,2025-08-19T23:59:59.9970,[nepa],https://www.usajobs.gov/job/843252800
SUPERVISORY ENVIRONMENT ENGINEER (REGULATORY COMPLIANCE),Department of the Navy,Department of the Navy,0819,2025-09-11T00:00:00.0000,2025-09-23T23:59:59.9970,[environmental compliance],https://www.usajobs.gov/job/845549500
SUPERVISORY ENVIRONMENTAL ENGINEER,Department of the Navy,Department of the Navy,0819,2025-09-19T00:00:00.0000,2025-09-25T23:59:59.9970,[environmental compliance],https://www.usajobs.gov/job/846400000
SUPERVISORY ENVIRONMENTAL ENGINEER,Department of the Navy,Department of the Navy,0819,2025-09-18T14:11:54.5030,2025-09-26T23:59:59.9970,[environmental compliance],https://www.usajobs.gov/job/846365800
SUPERVISORY ENVIRONMENTAL ENGINEER,Department of the Navy,Department of the Navy,0819,2026-04-22T00:00:00.0000,2026-04-28T23:59:59.9970,[environmental compliance],https://www.usajobs.gov/job/865459700
SUPERVISORY ENVIRONMENTAL ENGINEER,Department of the Navy,Department of the Navy,0819,2026-04-06T15:01:08.3400,2026-04-10T23:59:59.9970,[environmental compliance],https://www.usajobs.gov/job/864064700
SUPERVISORY ENVIRONMENTAL ENGINEER / BIOLOGICAL SCIENTIST / GEOLOGIST / GENERAL PHYSICAL SCIENTIST,Department of the Navy,Department of the Navy,0401 | 0819 | 1301 | 1350,2026-03-26T00:00:00.0000,2026-04-01T23:59:59.9970,[environmental compliance],https://www.usajobs.gov/job/862572700
SUPERVISORY ENVIRONMENTAL ENGINEER/ NATURAL RESOURCES SPECIALIST PHYSICAL SCIENTIST,Department of the Navy,Department of the Navy,0401 | 0819 | 1301,2026-01-28T11:59:36.7870,2026-02-02T23:59:59.9970,[environmental compliance],https://www.usajobs.gov/job/855718900
SUPERVISORY ENVIRONMENTAL ENGINEER/NATURAL RESOURCES SPECIALIST/PHYSICAL SCIENTIST,Department of the Navy,Department of the Navy,0401 | 0819 | 1301,2025-09-24T00:00:00.0000,2025-09-26T23:59:59.9970,[environmental compliance],https://www.usajobs.gov/job/846616900
SUPERVISORY ENVIRONMENTAL ENGINEER/NATURAL RESOURCES SPECIALIST/PHYSICAL SCIENTIST,Department of the Navy,Department of the Navy,0401 | 0819 | 1301,2025-07-14T00:00:00.0000,2025-07-28T23:59:59.9970,[environmental compliance],https://www.usajobs.gov/job/840579300
SUPERVISORY ENVIRONMENTAL PLANNER,Department of the Navy,Department of the Navy,0020 | 0401 | 0819 | 1301,2026-04-08T00:00:00.0000,2026-04-15T23:59:59.9970,"[nepa, environmental compliance]",https://www.usajobs.gov/job/863820500
SUPERVISORY ENVIRONMENTAL PROTECTION SPECIALIST,Department of the Navy,Department of the Navy,0028,2025-12-12T10:18:16.3000,2025-12-26T23:59:59.9970,[environmental compliance],https://www.usajobs.gov/job/852310800
SUPERVISORY ENVIRONMENTAL PROTECTION SPECIALIST,Department of the Navy,Department of the Navy,0028,2025-09-24T00:00:00.0000,2025-09-26T23:59:59.9970,[environmental assessment],https://www.usajobs.gov/job/846634600
SUPERVISORY ENVIRONMENTAL PROTECTION SPECIALIST,Department of the Navy,Department of the Navy,0028,2026-01-06T07:26:14.8700,2026-01-13T23:59:59.9970,[environmental assessment],https://www.usajobs.gov/job/853613100
SUPERVISORY ENVIRONMENTAL PROTECTION SPECIALIST,Department of the Navy,Department of the Navy,0028,2026-04-16T00:00:00.0000,2026-04-22T23:59:59.9970,"[environmental assessment, environmental compliance]",https://www.usajobs.gov/job/865363700
SUPERVISORY ENVIRONMENTAL PROTECTION SPECIALIST,Department of the Navy,Department of the Navy,0028,2026-02-02T13:08:47.3370,2026-02-09T23:59:59.9970,[environmental compliance],https://www.usajobs.gov/job/856238100
SUPERVISORY FUELS SPECIALIST,Department of the Navy,Department of the Navy,1601,2026-04-30T11:05:20.3230,2026-05-07T23:59:59.9970,[environmental compliance],https://www.usajobs.gov/job/867376800
SUPERVISORY GENERAL ENGINEER,Department of the Navy,Department of the Navy,0801,2025-07-02T00:00:00.0000,2025-07-11T23:59:59.9970,[environmental compliance],https://www.usajobs.gov/job/839880900
SUPERVISORY GENERAL ENGINEER/ARCHITECT,Department of the Navy,Department of the Navy,0801 | 0808,2025-08-19T00:00:00.0000,2025-08-28T23:59:59.9970,[environmental compliance],https://www.usajobs.gov/job/843628800
SUPERVISORY GENERAL ENGINEER/ARCHITECT,Department of the Navy,Department of the Navy,0801 | 0808,2025-07-31T00:00:00.0000,2025-08-14T23:59:59.9970,[environmental compliance],https://www.usajobs.gov/job/842012500
SUPERVISORY GENERAL ENGINEER/SUPERVISORY ARCHITECT,Department of the Navy,Department of the Navy,0801 | 0808,2025-09-18T00:00:00.0000,2025-09-24T23:59:59.9970,[environmental compliance],https://www.usajobs.gov/job/846232900
SUPERVISORY INTERDISCIPLINARY (0819/ 0401/ 1301),Department of the Navy,Department of the Navy,0401 | 0819 | 1301,2026-04-14T08:47:53.3970,2026-04-16T23:59:59.9970,"[environmental compliance, national environmental policy act]",https://www.usajobs.gov/job/865051000
SUPERVISORY INTERDISCIPLINARY (GENERAL ENGINEER/ARCHITECT),Department of the Navy,Department of the Navy,0801 | 0808,2025-10-22T00:00:00.0000,2025-10-27T23:59:59.9970,[permitting],https://www.usajobs.gov/job/848472300
SUPERVISORY INTERDISCIPLINARY (GENERAL ENGINEER/ARCHITECT),Department of the Navy,Department of the Navy,0801 | 0808,2026-01-06T10:01:48.6730,2026-02-06T23:59:59.9970,[permitting],https://www.usajobs.gov/job/848472300
SUPERVISORY INTERDISCIPLINARY (INSTALLATION ENVIRONMENTAL PROGRAM DIRECTOR),Department of the Navy,Department of the Navy,0401 | 0819 | 1301 | 1350,2025-08-08T00:00:00.0000,2025-08-22T23:59:59.9970,[environmental compliance],https://www.usajobs.gov/job/842790600
SUPERVISORY INTERDISCIPLINARY ENGINEER / ARCHITECT,Department of the Navy,Department of the Navy,0808 | 0810 | 0830 | 0850,2026-04-29T10:37:57.8430,2026-05-04T23:59:59.9970,[nepa],https://www.usajobs.gov/job/867155600
SUPERVISORY INTERDISCIPLINARY ENVIRONMENTAL ENGINEER/PHYSICAL SCIENTIST/CHEMIST,Department of the Navy,Department of the Navy,0819 | 1301 | 1320,2025-07-30T15:58:52.6800,2025-08-12T23:59:59.9970,"[national environmental policy act, environmental compliance]",https://www.usajobs.gov/job/842079100
SUPERVISORY MANAGEMENT & PROGRAM ANALYST,Department of the Navy,Department of the Navy,0343,2025-07-31T12:44:15.7000,2025-08-06T23:59:59.9970,[environmental compliance],https://www.usajobs.gov/job/842150300
SUPERVISORY PROGRAM MANAGER,Department of the Navy,Department of the Navy,0340,2026-03-02T00:00:00.0000,2026-03-10T23:59:59.9970,[environmental compliance],https://www.usajobs.gov/job/859311000
SUPERVISORY PROGRAM MANAGER,Department of the Navy,Department of the Navy,0340,2026-02-25T00:00:00.0000,2026-03-03T23:59:59.9970,"[rcra, cercla, clean air act, nepa, national environmental policy act]",https://www.usajobs.gov/job/858787100
SUPPLY MANAGEMENT SPECIALIST,Department of the Navy,Department of the Navy,2003,2026-02-02T12:59:19.2430,2026-02-09T23:59:59.9970,[environmental compliance],https://www.usajobs.gov/job/856236500
SUPV ENVIROMENTAL ENGINEER/SUPV NATURAL RESOURCES SPECIALIST/SUPV PHYSICAL SCIENTIST,Department of the Navy,Department of the Navy,0401 | 0819 | 1301,2026-05-05T08:37:54.4500,2026-05-11T23:59:59.9970,[environmental compliance],https://www.usajobs.gov/job/867876900
SUPV INTERDISCIPLINARY NATURAL RESOURCES SPECIALIST,Department of the Navy,Department of the Navy,0401 | 0819 | 1301,2026-04-28T00:00:00.0000,2026-05-01T23:59:59.9970,"[environmental compliance, national environmental policy act]",https://www.usajobs.gov/job/866293900
TRAINING RESOURCE AND RANGE PLANNER,Department of the Navy,Department of the Navy,0301,2025-08-25T15:09:57.7200,2025-09-02T23:59:59.9970,"[environmental compliance, environmental assessment, categorical exclusion, biological opinion, environmental review]",https://www.usajobs.gov/job/844239500
TRAINING RESOURCE AND RANGE PLANNER,Department of the Navy,Department of the Navy,0301,2025-08-08T00:00:00.0000,2025-08-13T23:59:59.9970,"[environmental compliance, environmental assessment, categorical exclusion, biological opinion, environmental review]",https://www.usajobs.gov/job/842830300
ALCOHOL & TOBACCO TAX SPECIALIST,Department of the Treasury,Department of the Treasury,1801,2026-02-25T00:00:00.0000,2026-03-10T23:59:59.9970,[permitting],https://www.usajobs.gov/job/858766500
Alcohol & Tobacco Tax Specialist (Technical Advisor),Department of the Treasury,Department of the Treasury,1801,2026-01-12T00:00:00.0000,2026-01-26T23:59:59.9970,[permitting],https://www.usajobs.gov/job/854032700
"Analyst to the DC, NB-0570-VI.2",Department of the Treasury,Department of the Treasury,0570,2026-04-22T15:04:15.7870,2026-05-06T23:59:59.9970,[permitting],https://www.usajobs.gov/job/866200600
"Assistant Deputy Comptroller, NB-0570-VII",Department of the Treasury,Department of the Treasury,0570,2026-03-24T09:48:38.8730,2026-04-06T23:59:59.9970,[permitting],https://www.usajobs.gov/job/862283100
"Chief Information Security Officer (CISO), NB-2210-VII",Department of the Treasury,Department of the Treasury,2210,2026-03-06T00:00:00.0000,2026-03-20T23:59:59.9970,[permitting],https://www.usajobs.gov/job/859969400
"Counsel (Administrative and Internal Law), NB-905-VI",Department of the Treasury,Department of the Treasury,0905,2025-10-16T17:21:22.8230,2025-10-29T23:59:59.9970,[permitting],https://www.usajobs.gov/job/848303800
"Counsel (Attorney-Advisor), NB-0905-VI",Department of the Treasury,Department of the Treasury,0905,2026-01-28T18:06:21.7530,2026-02-17T23:59:59.9970,[permitting],https://www.usajobs.gov/job/855832100
"Deputy Comptroller (Chartering, Organization & Structure), NB-0570-VIII",Department of the Treasury,Department of the Treasury,0570,2026-01-13T14:30:05.9970,2026-01-28T23:59:59.9970,[permitting],https://www.usajobs.gov/job/854364900
"Deputy Comptroller (Chartering, Organization & Structure), NB-0570-VIII",Department of the Treasury,Department of the Treasury,0570,2026-01-13T14:29:38.2770,2026-01-28T23:59:59.9970,[permitting],https://www.usajobs.gov/job/854364600
"Deputy Comptroller (Internal Governance), NB-0570-VIII",Department of the Treasury,Department of the Treasury,0570,2026-03-02T00:00:00.0000,2026-03-16T23:59:59.9970,[permitting],https://www.usajobs.gov/job/859361700
"Deputy Comptroller for Human Capital, NB-0201-VIII",Department of the Treasury,Department of the Treasury,0201,2025-12-10T16:15:27.6300,2025-12-23T23:59:59.9970,[permitting],https://www.usajobs.gov/job/852131300
"Deputy Comptroller for Human Capital, NB-0201-VIII",Department of the Treasury,Department of the Treasury,0201,2025-12-12T13:39:12.4570,2025-12-23T23:59:59.9970,[permitting],https://www.usajobs.gov/job/852351900
"Deputy Comptroller for Human Capital, NB-0201-VIII",Department of the Treasury,Department of the Treasury,0201,2025-10-02T12:02:17.7000,2025-10-17T23:59:59.9970,[permitting],https://www.usajobs.gov/job/847311500
"Deputy Comptroller for Human Capital, NB-0201-VIII",Department of the Treasury,Department of the Treasury,0201,2025-12-10T16:10:50.0070,2025-12-23T23:59:59.9970,[permitting],https://www.usajobs.gov/job/852130500
"Deputy Comptroller for Supervision System and Analytical Support, NB-0570-VIII",Department of the Treasury,Department of the Treasury,0570,2026-02-09T11:13:45.4900,2026-02-24T23:59:59.9970,[permitting],https://www.usajobs.gov/job/856988600
"Deputy Comptroller for Supervision System and Analytical Support, NB-0570-VIII",Department of the Treasury,Department of the Treasury,0570,2026-02-09T11:12:55.8330,2026-02-24T23:59:59.9970,[permitting],https://www.usajobs.gov/job/856988200
"Deputy Comptroller, NB-0570-VIII",Department of the Treasury,Department of the Treasury,0570,2026-04-27T00:00:00.0000,2026-05-11T23:59:59.9970,[permitting],https://www.usajobs.gov/job/866682200
"Director (Bank Appeals), NB-0570-VII",Department of the Treasury,Department of the Treasury,0570,2026-03-02T16:03:10.1700,2026-03-16T23:59:59.9970,[permitting],https://www.usajobs.gov/job/859410100
"Director (Chartering), NB-0570-VII",Department of the Treasury,Department of the Treasury,0570,2026-04-27T14:09:58.6400,2026-05-11T23:59:59.9970,[permitting],https://www.usajobs.gov/job/866828700
"Director (Chartering), NB-0570-VII",Department of the Treasury,Department of the Treasury,0570,2026-04-27T14:10:39.6670,2026-05-11T23:59:59.9970,[permitting],https://www.usajobs.gov/job/866829100
"Director for Banking Relations, NB-0301-VII",Department of the Treasury,Department of the Treasury,0301,2026-02-13T10:40:48.8670,2026-03-02T23:59:59.9970,[permitting],https://www.usajobs.gov/job/857703600
"Director for International Banking Supervision, NB-0570-VII",Department of the Treasury,Department of the Treasury,0570,2026-04-23T00:00:00.0000,2026-05-07T23:59:59.9970,[permitting],https://www.usajobs.gov/job/866313000
"Director for Workforce Relations and Performance Management, NB-0201-VII",Department of the Treasury,Department of the Treasury,0201,2025-12-31T00:00:00.0000,2026-01-15T23:59:59.9970,[permitting],https://www.usajobs.gov/job/853354400
"Director, Compensation and Benefits-NB-201-VII",Department of the Treasury,Department of the Treasury,0201,2026-04-13T16:55:52.7170,2026-04-27T23:59:59.9970,[permitting],https://www.usajobs.gov/job/865011200
"Director, Talent Acquisition, NB-201-VII",Department of the Treasury,Department of the Treasury,0201,2026-04-13T16:53:32.9070,2026-04-27T23:59:59.9970,[permitting],https://www.usajobs.gov/job/865010600
"Director, Workforce Relations and Performance Management, NB-0201-VII",Department of the Treasury,Department of the Treasury,0201,2026-04-13T16:54:24.5730,2026-04-27T23:59:59.9970,[permitting],https://www.usajobs.gov/job/865011000
ENVRNMTL PROTCTN SPECLST,Department of the Treasury,Department of the Treasury,0028,2025-09-08T00:00:00.0000,2025-09-26T23:59:59.9970,"[clean air act, clean water act, environmental compliance]",https://www.usajobs.gov/job/845223300
ENVRNMTL PROTCTN SPECLST,Department of the Treasury,Department of the Treasury,0028,2025-09-08T00:00:00.0000,2025-09-26T23:59:59.9970,"[clean air act, clean water act, environmental compliance]",https://www.usajobs.gov/job/845223400
"Executive Secretary (FFIEC), NB-0570-VII (Term NTE 5 years), FFIEC",Department of the Treasury,Department of the Treasury,0570,2025-10-02T15:04:13.6930,2025-10-15T23:59:59.9970,[permitting],https://www.usajobs.gov/job/847353800
General Engineer,Department of the Treasury,Department of the Treasury,0801,2026-04-03T00:00:00.0000,2026-04-07T23:59:59.9970,[permit applications],https://www.usajobs.gov/job/863654100
Manager for Internal Communications-NB-1035-VI,Department of the Treasury,Department of the Treasury,1035,2026-04-03T13:32:48.3800,2026-04-17T23:59:59.9970,[permitting],https://www.usajobs.gov/job/863888400
"Mngr., Disclosure Services And Freedom Of Information Act Officer-NB-301-VI",Department of the Treasury,Department of the Treasury,0301,2026-01-16T13:26:52.3770,2026-02-02T23:59:59.9970,[permitting],https://www.usajobs.gov/job/854790400
"National Bank Examiner (Problem Bank Specialist), NB-570-VI",Department of the Treasury,Department of the Treasury,0570,2026-02-19T15:51:58.5700,2026-03-02T23:59:59.9970,[permitting],https://www.usajobs.gov/job/858219800
"National Bank Examiner (Problem Bank Specialist), NB-570-VI",Department of the Treasury,Department of the Treasury,0570,2026-02-19T15:49:51.5900,2026-03-02T23:59:59.9970,[permitting],https://www.usajobs.gov/job/858222400
PROGRAM ANALYST,Department of the Treasury,Department of the Treasury,0343,2026-02-13T00:00:00.0000,2026-02-27T23:59:59.9970,[permitting],https://www.usajobs.gov/job/857538800
SUPERVISORY ALCOHOL & TOBACCO TAX SPECIALIST,Department of the Treasury,Department of the Treasury,1801,2026-03-03T00:00:00.0000,2026-03-16T23:59:59.9970,"[licenses and permits, permitting]",https://www.usajobs.gov/job/859516300
SUPERVISORY ALCOHOL & TOBACCO TAX SPECIALIST,Department of the Treasury,Department of the Treasury,1801,2026-03-06T00:00:00.0000,2026-03-19T23:59:59.9970,"[licenses and permits, permitting]",https://www.usajobs.gov/job/860073200
"Senior Advisor to the SDC, NB-0570-VII",Department of the Treasury,Department of the Treasury,0570,2026-04-22T15:03:07.0030,2026-05-06T23:59:59.9970,[permitting],https://www.usajobs.gov/job/866213100
"Senior Deputy Comptroller for Community Bank Supervision, NB-570-IX",Department of the Treasury,Department of the Treasury,0570,2025-12-19T13:53:24.1030,2026-01-07T23:59:59.9970,[permitting],https://www.usajobs.gov/job/852958800
"Senior Deputy Comptroller for Community Bank Supervision, NB-570-IX",Department of the Treasury,Department of the Treasury,0570,2025-12-19T13:55:04.3630,2026-01-07T23:59:59.9970,[permitting],https://www.usajobs.gov/job/852959200
"Senior Deputy Comptroller for Community Bank Supervision, NB-570-IX",Department of the Treasury,Department of the Treasury,0570,2026-01-06T15:58:53.4600,2026-01-21T23:59:59.9970,[permitting],https://www.usajobs.gov/job/853715900
"Senior Deputy Comptroller for Community Bank Supervision, NB-570-IX",Department of the Treasury,Department of the Treasury,0570,2026-01-06T15:59:14.5800,2026-01-21T23:59:59.9970,[permitting],https://www.usajobs.gov/job/853716000
"Senior Deputy Comptroller for Regional and Midsize Financial Institutions, NB-0570-IX",Department of the Treasury,Department of the Treasury,0570,2025-12-19T13:33:46.5230,2026-01-07T23:59:59.9970,[permitting],https://www.usajobs.gov/job/852960200
"Senior Deputy Comptroller for Regional and Midsize Financial Institutions, NB-0570-IX",Department of the Treasury,Department of the Treasury,0570,2025-12-19T13:51:59.3800,2026-01-07T23:59:59.9970,[permitting],https://www.usajobs.gov/job/852959900
"Senior Deputy Comptroller for Regional and Midsize Financial Institutions, NB-0570-IX",Department of the Treasury,Department of the Treasury,0570,2026-01-06T15:53:04.8130,2026-01-21T23:59:59.9970,[permitting],https://www.usajobs.gov/job/853714600
"Senior Deputy Comptroller for Regional and Midsize Financial Institutions, NB-0570-IX",Department of the Treasury,Department of the Treasury,0570,2026-01-06T15:52:38.9500,2026-01-21T23:59:59.9970,[permitting],https://www.usajobs.gov/job/853714400
"Senior Management and Program Analyst, NB-343-VI",Department of the Treasury,Department of the Treasury,0343,2026-04-28T12:46:46.5500,2026-05-11T23:59:59.9970,[permitting],https://www.usajobs.gov/job/866904100
Supervisory Alcohol and Tobacco Tax Specialist,Department of the Treasury,Department of the Treasury,1801,2025-12-11T09:45:00.6770,2025-12-24T23:59:59.9970,[permitting],https://www.usajobs.gov/job/852170800
"Supervisory NBE (Examiner-In-Charge), NB-570-VII.2",Department of the Treasury,Department of the Treasury,0570,2025-09-12T00:00:00.0000,2025-09-26T23:59:59.9970,[permitting],https://www.usajobs.gov/job/845722800
"Supervisory NBE/BE (LB Team Lead) w/emphasis in Commercial Credit, NB-0570-VII",Department of the Treasury,Department of the Treasury,0570,2025-09-12T11:10:29.4230,2025-09-26T23:59:59.9970,[permitting],https://www.usajobs.gov/job/845816800
"Supervisory NBE/BE (LB Team Lead) w/emphasis in Compliance, NB-0570-VII",Department of the Treasury,Department of the Treasury,0570,2025-09-12T11:13:40.9100,2025-09-26T23:59:59.9970,[permitting],https://www.usajobs.gov/job/845817100
"Supervisory NBE/BE (LB Team Lead) w/emphasis in Ops Risk, BIT, and ERM, NB-0570-VII",Department of the Treasury,Department of the Treasury,0570,2025-09-12T15:34:49.9170,2025-09-26T23:59:59.9970,[permitting],https://www.usajobs.gov/job/845885900
"Supervisory NBE/BE (LB Team Lead) with emphasis in Asset Management, NB-0570-VII",Department of the Treasury,Department of the Treasury,0570,2025-09-12T10:30:42.1830,2025-09-26T23:59:59.9970,[permitting],https://www.usajobs.gov/job/845806800
"Supervisory NBE/BE (LB Team Lead) with emphasis in Capital Markets, NB-0570-VII",Department of the Treasury,Department of the Treasury,0570,2025-09-12T10:42:11.1970,2025-09-26T23:59:59.9970,[permitting],https://www.usajobs.gov/job/845809100
"Supervisory NBE/BE (LB Team Lead), NB-0570-VII",Department of the Treasury,Department of the Treasury,0570,2025-09-12T10:48:57.9830,2025-09-26T23:59:59.9970,[permitting],https://www.usajobs.gov/job/845810800
"Supervisory National Bank Examiner (Assistant Deputy Comptroller), NB-0570-VII",Department of the Treasury,Department of the Treasury,0570,2025-09-12T00:00:00.0000,2025-09-26T23:59:59.9970,[permitting],https://www.usajobs.gov/job/845736900
"Supervisory National Bank Examiner (Director for Special Supervision), NB-0570-VII",Department of the Treasury,Department of the Treasury,0570,2025-09-12T00:00:00.0000,2025-09-26T23:59:59.9970,[permitting],https://www.usajobs.gov/job/845701200
"Supervisory National Bank Examiner (Examiner-In-Charge), NB-570-VII.2",Department of the Treasury,Department of the Treasury,0570,2026-04-23T10:53:17.9830,2026-05-07T23:59:59.9970,[permitting],https://www.usajobs.gov/job/866346900
"Supervisory National Bank Examiner (Examiner-in-Charge), NB-0570-VI.2",Department of the Treasury,Department of the Treasury,0570,2025-09-12T13:25:07.4100,2025-09-26T23:59:59.9970,[permitting],https://www.usajobs.gov/job/845838700
"Supervisory National Bank Examiner (Examiner-in-Charge), NB-0570-VI.2",Department of the Treasury,Department of the Treasury,0570,2025-09-12T00:00:00.0000,2025-09-26T23:59:59.9970,[permitting],https://www.usajobs.gov/job/845701700
"Supervisory National Bank Examiner (Examiner-in-Charge), NB-0570-VIII",Department of the Treasury,Department of the Treasury,0570,2025-09-12T11:01:29.1970,2025-09-26T23:59:59.9970,[permitting],https://www.usajobs.gov/job/845814100
"Supervisory National Bank Examiner (Examiner-in-Charge), NB-570-VII.2",Department of the Treasury,Department of the Treasury,0570,2026-05-07T13:43:02.9900,2026-05-14T23:59:59.9970,[permitting],https://www.usajobs.gov/job/868367800
"Supervisory National Bank Examiner/Bank Examiner (Examiner-in-Charge), NB-570-VII",Department of the Treasury,Department of the Treasury,0570,2025-09-12T12:08:13.0770,2025-09-26T23:59:59.9970,[permitting],https://www.usajobs.gov/job/845813800
"Technical Assistant (OA), NB-303-III (TERM NTE 4 Years)",Department of the Treasury,Department of the Treasury,0303,2026-03-16T09:31:35.4030,2026-03-27T23:59:59.9970,[permitting],https://www.usajobs.gov/job/861240000
Attorney-Advisor,Environmental Protection Agency,Other Agencies and Independent Organizations,0905,2026-06-08T09:34:38.3900,2026-06-12T23:59:59.9970,[rcra],https://www.usajobs.gov/job/872078500
Contract Specialist,Environmental Protection Agency,Other Agencies and Independent Organizations,1102,2026-06-09T08:59:34.6770,2026-06-15T23:59:59.9970,[rcra],https://www.usajobs.gov/job/872261600
"Deputy Director, Office of Clean Air Programs",Environmental Protection Agency,Other Agencies and Independent Organizations,0340,2026-07-07T10:33:38.4230,2026-07-22T23:59:59.9970,[clean air act],https://www.usajobs.gov/job/875504200
"Director, Air Enforcement Division",Environmental Protection Agency,Other Agencies and Independent Organizations,0905,2026-07-14T09:08:38.2030,2026-07-28T23:59:59.9970,[clean air act],https://www.usajobs.gov/job/876386800
"Director, Office of Civil Enforcement",Environmental Protection Agency,Other Agencies and Independent Organizations,0905,2026-07-23T16:04:28.4030,2026-08-10T23:59:59.9970,"[rcra, safe drinking water act, clean water act, clean air act]",https://www.usajobs.gov/job/877787700
"Director, Waste and Chemical Enforcement Division",Environmental Protection Agency,Other Agencies and Independent Organizations,0905,2026-07-14T10:32:47.2500,2026-08-03T23:59:59.9970,"[clean air act, rcra]",https://www.usajobs.gov/job/876407000
"Director, Waste and Chemical Implementation Division",Environmental Protection Agency,Other Agencies and Independent Organizations,0340,2026-07-01T00:00:00.0000,2026-07-14T23:59:59.9970,"[permitting, clean air act, clean water act, cercla, rcra]",https://www.usajobs.gov/job/874927600
"Director, Water Enforcement Division",Environmental Protection Agency,Other Agencies and Independent Organizations,0905,2026-07-14T10:14:51.4530,2026-07-30T23:59:59.9970,"[clean water act, safe drinking water act]",https://www.usajobs.gov/job/876401700
Environmental Appeals Judge,Environmental Protection Agency,Other Agencies and Independent Organizations,0905,2026-07-09T17:28:27.4600,2026-07-23T23:59:59.9970,"[clean water act, clean air act, section 106]",https://www.usajobs.gov/job/876014500
Environmental Protection Specialist,Environmental Protection Agency,Other Agencies and Independent Organizations,0028,2026-06-16T09:56:15.1230,2026-06-23T23:59:59.9970,[permitting],https://www.usajobs.gov/job/873218800
Facility Operations Specialist,Environmental Protection Agency,Other Agencies and Independent Organizations,1640,2026-06-11T00:00:00.0000,2026-06-17T23:59:59.9970,[environmental compliance],https://www.usajobs.gov/job/872584800
Life Scientist/Environmental Engineer/Physical Scientist,Environmental Protection Agency,Other Agencies and Independent Organizations,0401 | 0819 | 1301,2026-06-15T00:00:00.0000,2026-06-22T23:59:59.9970,[rcra],https://www.usajobs.gov/job/872867500
Life Scientist/Environmental Engineer/Physical Scientist,Environmental Protection Agency,Other Agencies and Independent Organizations,0401 | 0819 | 1301,2026-07-01T00:00:00.0000,2026-07-06T23:59:59.9970,[permitting],https://www.usajobs.gov/job/874928800
Physical Scientist/Hydrologist/Geologist,Environmental Protection Agency,Other Agencies and Independent Organizations,1301 | 1315 | 1350,2026-07-02T08:44:35.8170,2026-07-09T23:59:59.9970,[permitting],https://www.usajobs.gov/job/875192500
Supervisory Attorney - Adviser,Environmental Protection Agency,Other Agencies and Independent Organizations,0905,2026-06-01T10:17:23.4430,2026-06-15T23:59:59.9970,[permitting],https://www.usajobs.gov/job/871197200
Supervisory Environmental Engineer/Physical Scientist,Environmental Protection Agency,Other Agencies and Independent Organizations,0819 | 1301,2026-06-05T14:31:51.2600,2026-06-10T23:59:59.9970,[clean air act],https://www.usajobs.gov/job/871986500
Supervisory Life Scientist/Environmental Engineer/Physical Scientist,Environmental Protection Agency,Other Agencies and Independent Organizations,0401 | 0819 | 1301,2026-06-03T08:13:13.1730,2026-06-09T23:59:59.9970,"[safe drinking water act, clean water act]",https://www.usajobs.gov/job/871499200
Supervisory Life Scientist/Environmental Engineer/Physical Scientist,Environmental Protection Agency,Other Agencies and Independent Organizations,0401 | 0819 | 1301,2026-07-09T00:00:00.0000,2026-07-13T23:59:59.9970,[clean air act],https://www.usajobs.gov/job/875651100
Supervisory Life Scientist/Environmental Engineer/Physical Scientist,Environmental Protection Agency,Other Agencies and Independent Organizations,0401 | 0819 | 1301,2026-05-22T08:23:21.6170,2026-05-28T23:59:59.9970,[environmental compliance],https://www.usajobs.gov/job/870379400
Supervisory Life Scientist/Environmental Engineer/Physical Scientist,Environmental Protection Agency,Other Agencies and Independent Organizations,0401 | 0819 | 1301,2026-06-17T08:05:22.4630,2026-07-02T23:59:59.9970,"[safe drinking water act, clean water act]",https://www.usajobs.gov/job/873379500
Supervisory Life Scientist/Environmental Engineer/Physical Scientist,Environmental Protection Agency,Other Agencies and Independent Organizations,0401 | 0819 | 1301,2026-05-11T13:27:09.7630,2026-05-18T23:59:59.9970,[clean air act],https://www.usajobs.gov/job/868766800
Supervisory Life Scientist/Environmental Engineer/Physical Scientist,Environmental Protection Agency,Other Agencies and Independent Organizations,0401 | 0819 | 1301,2026-07-01T12:43:52.3130,2026-07-06T23:59:59.9970,"[national pollutant discharge elimination system, npdes, safe drinking water act, permitting, clean air act, clean water act]",https://www.usajobs.gov/job/875072700
Supervisory Life Scientist/Environmental Engineer/Physical Scientist,Environmental Protection Agency,Other Agencies and Independent Organizations,0401 | 0819 | 1301,2026-07-07T00:00:00.0000,2026-07-13T23:59:59.9970,[rcra],https://www.usajobs.gov/job/875394800
Supervisory Life Scientist/Environmental Engineer/Physical Scientist,Environmental Protection Agency,Other Agencies and Independent Organizations,0401 | 0819 | 1301,2026-07-10T07:49:16.3130,2026-07-14T23:59:59.9970,"[safe drinking water act, clean water act]",https://www.usajobs.gov/job/876041400
Supervisory Life Scientist/Physical Scientist/Environmental Engineer,Environmental Protection Agency,Other Agencies and Independent Organizations,0401 | 0819 | 1301,2026-07-13T00:00:00.0000,2026-07-17T23:59:59.9970,"[clean air act, permitting]",https://www.usajobs.gov/job/876195100
Supervisory Life Scientist/Physical Scientist/Environmental Engineer,Environmental Protection Agency,Other Agencies and Independent Organizations,0401 | 0819 | 1301,2026-07-01T09:06:28.8830,2026-07-14T23:59:59.9970,[clean air act],https://www.usajobs.gov/job/875005000
Assistant United States Attorney,Executive Office for U.S. Attorneys and the Office of the U.S. Attorneys,Department of Justice,0905,2026-06-09T16:35:44.8230,2026-06-23T23:59:59.9970,[national environmental policy act],https://www.usajobs.gov/job/872417300
Assistant United States Attorney (Civil Division),Executive Office for U.S. Attorneys and the Office of the U.S. Attorneys,Department of Justice,0905,2026-06-18T16:38:11.6830,2026-09-30T23:59:59.9970,[national environmental policy act],https://www.usajobs.gov/job/873724500
Attorney-Advisor (General),Executive Office of the President,Executive Office of the President,0905,2026-04-27T00:00:00.0000,2026-05-07T23:59:59.9970,"[nepa, national environmental policy act]",https://www.usajobs.gov/job/866481100
Attorney-Adviser,Federal Aviation Administration,Department of Transportation,0905,2026-07-28T00:00:00.0000,2026-08-06T23:59:59.9970,[permitting],https://www.usajobs.gov/job/878145400
Community Planner,Federal Aviation Administration,Department of Transportation,0020,2026-05-16T00:00:00.0000,2026-05-29T23:59:59.9970,"[nepa, environmental compliance]",https://www.usajobs.gov/job/869565200
Community Planner,Federal Aviation Administration,Department of Transportation,0020,2026-07-22T00:00:00.0000,2026-08-11T23:59:59.9970,[national environmental policy act],https://www.usajobs.gov/job/877441800
Community Planner,Federal Aviation Administration,Department of Transportation,0020,2026-07-22T00:00:00.0000,2026-08-11T23:59:59.9970,[national environmental policy act],https://www.usajobs.gov/job/877441500
Community Planner,Federal Aviation Administration,Department of Transportation,0020,2026-05-16T00:00:00.0000,2026-05-29T23:59:59.9970,"[nepa, environmental compliance]",https://www.usajobs.gov/job/869563200
Community Planner (SMS Coordinator),Federal Aviation Administration,Department of Transportation,0020,2026-06-26T00:00:00.0000,2026-07-16T23:59:59.9970,"[nepa, national environmental policy act]",https://www.usajobs.gov/job/874384000
"Director, Great Lakes Regional Airports Division",Federal Aviation Administration,Department of Transportation,0340,2026-07-13T00:00:00.0000,2026-07-27T23:59:59.9970,[nepa],https://www.usajobs.gov/job/876188100
"Director, Southern Regional Airports Division",Federal Aviation Administration,Department of Transportation,0340,2026-06-09T00:00:00.0000,2026-06-23T23:59:59.9970,[nepa],https://www.usajobs.gov/job/872201600
"Director, Western Pacific Regional Airports Division",Federal Aviation Administration,Department of Transportation,0340,2026-06-09T00:00:00.0000,2026-06-23T23:59:59.9970,[nepa],https://www.usajobs.gov/job/872199500
Environmental Protection Specialist,Federal Aviation Administration,Department of Transportation,0028,2026-06-17T00:00:00.0000,2026-07-07T23:59:59.9970,[nepa],https://www.usajobs.gov/job/873324300
Environmental Protection Specialist,Federal Aviation Administration,Department of Transportation,0028,2026-06-17T00:00:00.0000,2026-07-07T23:59:59.9970,[nepa],https://www.usajobs.gov/job/873325900
Environmental Protection Specialist,Federal Aviation Administration,Department of Transportation,0028,2026-07-29T00:00:00.0000,2026-08-07T23:59:59.9970,[nepa],https://www.usajobs.gov/job/878369400
Environmental Protection Specialist,Federal Aviation Administration,Department of Transportation,0028,2026-07-29T00:00:00.0000,2026-08-07T23:59:59.9970,[nepa],https://www.usajobs.gov/job/878370300
Environmental Protection Specialist,Federal Aviation Administration,Department of Transportation,0028,2026-05-21T00:00:00.0000,2026-06-10T23:59:59.9970,[nepa],https://www.usajobs.gov/job/870170600
Environmental Protection Specialist,Federal Aviation Administration,Department of Transportation,0028,2026-05-21T00:00:00.0000,2026-06-10T23:59:59.9970,[nepa],https://www.usajobs.gov/job/870170200
Supervisory Aviation Technical Systems Specialist,Federal Aviation Administration,Department of Transportation,2186,2026-06-25T00:00:00.0000,2026-07-06T23:59:59.9970,"[national environmental policy act, nepa, environmental review]",https://www.usajobs.gov/job/874150900
Supervisory Aviation Technical Systems Specialist,Federal Aviation Administration,Department of Transportation,2186,2026-06-25T00:00:00.0000,2026-07-06T23:59:59.9970,"[national environmental policy act, nepa, environmental review]",https://www.usajobs.gov/job/874151100
Supervisory Aviation Technical Systems Specialist (Assistant ADO Manager),Federal Aviation Administration,Department of Transportation,2186,2026-06-23T00:00:00.0000,2026-07-02T23:59:59.9970,"[national environmental policy act, nepa, environmental review]",https://www.usajobs.gov/job/873863200
Supervisory Aviation Technical Systems Specialist (Assistant ADO Manager),Federal Aviation Administration,Department of Transportation,2186,2026-07-07T00:00:00.0000,2026-07-20T23:59:59.9970,[national environmental policy act],https://www.usajobs.gov/job/875348000
Supervisory Aviation Technical Systems Specialist (Assistant Airports District Office Branch Manager),Federal Aviation Administration,Department of Transportation,2186,2026-06-15T00:00:00.0000,2026-06-24T23:59:59.9970,[national environmental policy act],https://www.usajobs.gov/job/872931100
Supervisory Aviation Technical Systems Specialist (Assistant Manager),Federal Aviation Administration,Department of Transportation,2186,2026-06-11T00:00:00.0000,2026-06-22T23:59:59.9970,[national environmental policy act],https://www.usajobs.gov/job/872599800
Supervisory Aviation Technical Systems Specialist (Assistant Manager),Federal Aviation Administration,Department of Transportation,2186,2026-06-16T00:00:00.0000,2026-07-06T23:59:59.9970,[national environmental policy act],https://www.usajobs.gov/job/873027600
Supervisory Program Manager,Federal Aviation Administration,Department of Transportation,0340,2026-06-29T00:00:00.0000,2026-07-06T23:59:59.9970,[national environmental policy act],https://www.usajobs.gov/job/874197900
Environmental Protection Specialist (Environmental Specialist) - Reservist,Federal Emergency Management Agency,Department of Homeland Security,0028,2026-06-18T08:53:38.8500,2026-07-02T23:59:59.9970,[environmental compliance],https://www.usajobs.gov/job/873587300
IT Specialist (SysAnalysis),Federal Emergency Management Agency,Department of Homeland Security,2210,2026-06-29T00:00:00.0000,2026-07-09T23:59:59.9970,[permitting],https://www.usajobs.gov/job/874855400
Local Hire (Emergency Management Specialist 3),Federal Emergency Management Agency,Department of Homeland Security,0089,2026-07-19T18:31:59.3930,2026-07-27T23:59:59.9970,[environmental compliance],https://www.usajobs.gov/job/877137000
Supervisory Environmental Protection Specialist,Federal Emergency Management Agency,Department of Homeland Security,0028,2026-06-02T12:51:21.5230,2026-06-08T23:59:59.9970,"[environmental compliance, clean air act, clean water act, nepa]",https://www.usajobs.gov/job/871389400
Supervisory Environmental Protection Specialist,Federal Emergency Management Agency,Department of Homeland Security,0028,2026-07-24T07:17:47.5400,2026-08-03T23:59:59.9970,[environmental compliance],https://www.usajobs.gov/job/877871800
Supervisory Environmental Protection Specialist,Federal Emergency Management Agency,Department of Homeland Security,0028,2026-07-28T15:48:00.6600,2026-08-05T23:59:59.9970,"[clean air act, clean water act, nepa]",https://www.usajobs.gov/job/878339400
Supervisory Environmental Protection Specialist,Federal Emergency Management Agency,Department of Homeland Security,0028,2026-05-21T08:01:34.1870,2026-05-29T23:59:59.9970,"[environmental compliance, clean air act, clean water act, nepa]",https://www.usajobs.gov/job/870197000
"Director, Division of Hydropower Licensing",Federal Energy Regulatory Commission,Department of Energy,0340,2026-06-15T06:48:47.0100,2026-06-29T23:59:59.9970,[national environmental policy act],https://www.usajobs.gov/job/873014100
ENVIRONMENTAL PROTECTION SPECIALIST,Federal Energy Regulatory Commission,Department of Energy,0028,2026-07-10T10:35:32.8600,2026-07-16T23:59:59.9970,[nepa],https://www.usajobs.gov/job/876079000
Civil Engineer (Highway) (PDP) (Direct Hire),Federal Highway Administration,Department of Transportation,0810,2026-07-29T00:00:00.0000,2026-08-12T23:59:59.9970,[right-of-way],https://www.usajobs.gov/job/878341300
Environmental Protection Specialist - DIRECT HIRE,Federal Highway Administration,Department of Transportation,0028,2026-07-22T15:10:23.2930,2026-08-04T23:59:59.9970,"[national environmental policy act, environmental impact statement, environmental assessment, categorical exclusion, nepa]",https://www.usajobs.gov/job/877623000
Land Surveyor (Right-of-Way/Utility Specialist) (Open to both U.S. Citizens and Federal Employees),Federal Highway Administration,Department of Transportation,1373,2026-06-11T09:10:17.6200,2026-06-22T23:59:59.9970,[right-of-way],https://www.usajobs.gov/job/872673200
Program Manager (DDA),Federal Highway Administration,Department of Transportation,0340,2026-07-14T00:00:00.0000,2026-07-28T23:59:59.9970,[right-of-way],https://www.usajobs.gov/job/876298600
Supervisory Program Manager (Open to both U.S. Citizens and Federal Employees),Federal Highway Administration,Department of Transportation,0340,2026-07-28T15:43:31.5670,2026-08-11T23:59:59.9970,"[right-of-way, environmental compliance]",https://www.usajobs.gov/job/878337800
Permitting Policy Student Volunteer,Federal Permitting Improvement Steering Council,Other Agencies and Independent Organizations,0099,2026-05-28T00:00:00.0000,2026-06-03T23:59:59.9970,"[fast-41, environmental review, permitting]",https://www.usajobs.gov/job/870758300
Permitting Technology Student Volunteer,Federal Permitting Improvement Steering Council,Other Agencies and Independent Organizations,0099,2026-05-28T00:00:00.0000,2026-06-03T23:59:59.9970,"[fast-41, environmental review, permitting]",https://www.usajobs.gov/job/870757300
Environmental Protection Specialist - Direct Hire,Federal Transit Administration,Department of Transportation,0028,2026-05-27T10:09:31.3600,2026-06-09T23:59:59.9970,"[categorical exclusion, environmental impact statement, clean water act, section 106, clean air act, environmental review, environmental assessment, nepa, national environmental policy act]",https://www.usajobs.gov/job/870680600
Supervisory Environmental Protection Specialist  - DIRECT HIRE,Federal Transit Administration,Department of Transportation,0028,2026-07-14T15:07:49.2800,2026-07-27T23:59:59.9970,"[environmental compliance, national environmental policy act, nepa, environmental review]",https://www.usajobs.gov/job/876492900
Supervisory Environmental Protection Specialist - Direct Hire-SME,Federal Transit Administration,Department of Transportation,0028,2026-07-07T00:00:00.0000,2026-07-21T23:59:59.9970,"[environmental compliance, national environmental policy act, clean air act, environmental review]",https://www.usajobs.gov/job/875413900
Supervisory Transportation Program Specialist - DIRECT HIRE,Federal Transit Administration,Department of Transportation,2101,2026-05-28T13:10:35.2370,2026-06-10T23:59:59.9970,"[environmental review, nepa, national environmental policy act]",https://www.usajobs.gov/job/870895300
Forestry Technician (Recreation),Forest Service,Department of Agriculture,0462,2026-07-01T00:00:00.0000,2026-07-14T23:59:59.9970,[special use permit],https://www.usajobs.gov/job/874840800
Natural Resource Specialist/Physical Scientist (Fire Support),Forest Service,Department of Agriculture,1301,2026-06-18T00:00:00.0000,2026-06-28T23:59:59.9970,"[nepa, national environmental policy act]",https://www.usajobs.gov/job/873070500
Supervisory Wildland Firefighter (Fire Engine Operation-High Complexity),Forest Service,Department of Agriculture,0456,2026-05-19T00:00:00.0000,2026-05-28T23:59:59.9970,[nepa],https://www.usajobs.gov/job/869733600
Wildland Firefighter (Fire Prevention Officer),Forest Service,Department of Agriculture,0456,2026-05-19T00:00:00.0000,2026-05-28T23:59:59.9970,"[nepa, national environmental policy act]",https://www.usajobs.gov/job/869737600
Project Manager for Real Estate Sales,General Services Administration,General Services Administration,1170,2026-05-11T00:00:00.0000,2026-05-26T23:59:59.9970,[national environmental policy act],https://www.usajobs.gov/job/868400900
"General Engineer, Supervisory AST, Engineering Program Management",George C. Marshall Space Flight Center,National Aeronautics and Space Administration,0801,2026-06-01T00:00:00.0000,2026-06-05T23:59:59.9970,"[environmental compliance, clean water act, nepa, national environmental policy act]",https://www.usajobs.gov/job/870733500
Ecosystem Restoration Program Specialist,Gulf Coast Ecosystem Restoration Council,Other Agencies and Independent Organizations,0401,2026-06-26T00:00:00.0000,2026-07-10T23:59:59.9970,[environmental compliance],https://www.usajobs.gov/job/874419800
Ecosystem Restoration Program Specialist,Gulf Coast Ecosystem Restoration Council,Other Agencies and Independent Organizations,0401,2026-06-26T00:00:00.0000,2026-07-10T23:59:59.9970,[environmental compliance],https://www.usajobs.gov/job/874421400
COMPOSITE/PLASTIC FABRICATOR,"Headquarters, Air Force Reserve Command",Department of the Air Force,4352,2026-05-12T00:00:00.0000,2026-05-18T23:59:59.9970,[environmental compliance],https://www.usajobs.gov/job/868693000
POWERED SUPPORT SYSTEMS MECHANIC,"Headquarters, Air Force Reserve Command",Department of the Air Force,5378,2026-05-20T00:00:00.0000,2026-05-28T23:59:59.9970,[environmental compliance],https://www.usajobs.gov/job/869945600
POWERED SUPPORT SYSTEMS MECHANIC,"Headquarters, Air Force Reserve Command",Department of the Air Force,5378,2026-06-04T00:00:00.0000,2026-06-10T23:59:59.9970,[environmental compliance],https://www.usajobs.gov/job/871591600
POWERED SUPPORT SYSTEMS MECHANIC,"Headquarters, Air Force Reserve Command",Department of the Air Force,5378,2026-06-15T00:00:00.0000,2026-06-22T23:59:59.9970,[environmental compliance],https://www.usajobs.gov/job/872949700
POWERED SUPPORT SYSTEMS MECHANIC,"Headquarters, Air Force Reserve Command",Department of the Air Force,5378,2026-06-29T00:00:00.0000,2026-07-06T23:59:59.9970,[environmental compliance],https://www.usajobs.gov/job/874514000
SHEET METAL MECHANIC (AIRCRAFT/PAINTER),"Headquarters, Air Force Reserve Command",Department of the Air Force,3806,2026-05-14T10:30:19.0170,2026-05-20T23:59:59.9970,[environmental compliance],https://www.usajobs.gov/job/869325600
SHEET METAL MECHANIC (AIRCRAFT/PAINTER),"Headquarters, Air Force Reserve Command",Department of the Air Force,3806,2026-06-03T00:00:00.0000,2026-06-09T23:59:59.9970,[environmental compliance],https://www.usajobs.gov/job/871283000
SHEET METAL MECHANIC (AIRCRAFT/PAINTER),"Headquarters, Air Force Reserve Command",Department of the Air Force,3806,2026-06-04T00:00:00.0000,2026-06-10T23:59:59.9970,[environmental compliance],https://www.usajobs.gov/job/871355000
"Director, Environmental Management Division","Headquarters, NASA",National Aeronautics and Space Administration,0028,2026-05-27T00:00:00.0000,2026-06-09T23:59:59.9970,[environmental compliance],https://www.usajobs.gov/job/870625500
"General Attorney (Government Contracts, Fiscal Law, and Administrative Law)",Immigration and Customs Enforcement,Department of Homeland Security,0905,2026-07-09T17:30:49.7370,2026-07-28T23:59:59.9970,[national environmental policy act],https://www.usajobs.gov/job/875915200
Archeologist,"Interior, Bureau of Indian Affairs",Department of the Interior,0193,2026-07-02T16:14:54.6670,2026-07-16T23:59:59.9970,"[environmental compliance, rights-of-way, environmental review, nepa]",https://www.usajobs.gov/job/875310700
Archeologist,"Interior, Bureau of Indian Affairs",Department of the Interior,0193,2026-05-29T17:26:18.8730,2026-06-12T23:59:59.9970,"[environmental compliance, nepa]",https://www.usajobs.gov/job/871143100
Cartographic Technician,"Interior, Bureau of Indian Affairs",Department of the Interior,1371,2026-07-02T16:17:20.3070,2026-07-16T23:59:59.9970,"[right-of-way, rights-of-way]",https://www.usajobs.gov/job/875305700
Environmental Protection Specialist,"Interior, Bureau of Indian Affairs",Department of the Interior,0028,2026-06-22T12:00:12.4030,2026-07-06T23:59:59.9970,"[environmental compliance, permitting, environmental review, nepa, national environmental policy act]",https://www.usajobs.gov/job/873806100
Environmental Protection Specialist,"Interior, Bureau of Indian Affairs",Department of the Interior,0028,2026-05-29T17:43:25.9270,2026-06-12T23:59:59.9970,[nepa],https://www.usajobs.gov/job/871143300
Legal Administrative Specialist (Probate),"Interior, Bureau of Indian Affairs",Department of the Interior,0901,2026-07-10T13:24:24.1200,2026-07-24T23:59:59.9970,[rights-of-way],https://www.usajobs.gov/job/876125800
Legal Administrative Specialist (Probate),"Interior, Bureau of Indian Affairs",Department of the Interior,0901,2026-07-10T13:36:43.9100,2026-07-24T23:59:59.9970,[rights-of-way],https://www.usajobs.gov/job/876129600
Legal Administrative Specialist (Probate),"Interior, Bureau of Indian Affairs",Department of the Interior,0901,2026-07-10T13:46:55.9630,2026-07-24T23:59:59.9970,[rights-of-way],https://www.usajobs.gov/job/876134500
Legal Administrative Specialist (Probate),"Interior, Bureau of Indian Affairs",Department of the Interior,0901,2026-07-10T13:50:40.8670,2026-07-24T23:59:59.9970,[rights-of-way],https://www.usajobs.gov/job/876136400
Legal Administrative Specialist (Probate),"Interior, Bureau of Indian Affairs",Department of the Interior,0901,2026-07-10T14:04:58.1400,2026-07-24T23:59:59.9970,[rights-of-way],https://www.usajobs.gov/job/876140000
Legal Administrative Specialist (Probate),"Interior, Bureau of Indian Affairs",Department of the Interior,0901,2026-07-10T14:06:47.9070,2026-07-24T23:59:59.9970,[rights-of-way],https://www.usajobs.gov/job/876141200
Legal Administrative Specialist (Probate),"Interior, Bureau of Indian Affairs",Department of the Interior,0901,2026-07-10T14:12:58.5070,2026-07-24T23:59:59.9970,[rights-of-way],https://www.usajobs.gov/job/876143800
Legal Administrative Specialist (Probate),"Interior, Bureau of Indian Affairs",Department of the Interior,0901,2026-07-10T14:17:43.4830,2026-07-24T23:59:59.9970,[rights-of-way],https://www.usajobs.gov/job/876146400
Legal Administrative Specialist (Probate),"Interior, Bureau of Indian Affairs",Department of the Interior,0901,2026-07-10T15:45:36.8970,2026-07-24T23:59:59.9970,[rights-of-way],https://www.usajobs.gov/job/876171700
Legal Administrative Specialist (Probate),"Interior, Bureau of Indian Affairs",Department of the Interior,0901,2026-07-10T15:51:50.5300,2026-07-24T23:59:59.9970,[rights-of-way],https://www.usajobs.gov/job/876176800
Legal Assistant,"Interior, Bureau of Indian Affairs",Department of the Interior,0986,2026-07-10T14:18:51.5930,2026-07-24T23:59:59.9970,[rights-of-way],https://www.usajobs.gov/job/876146600
Legal Assistant,"Interior, Bureau of Indian Affairs",Department of the Interior,0986,2026-07-10T13:26:17.8530,2026-07-24T23:59:59.9970,[rights-of-way],https://www.usajobs.gov/job/876126400
Legal Assistant,"Interior, Bureau of Indian Affairs",Department of the Interior,0986,2026-07-10T13:41:41.0600,2026-07-24T23:59:59.9970,[rights-of-way],https://www.usajobs.gov/job/876130000
Legal Assistant,"Interior, Bureau of Indian Affairs",Department of the Interior,0986,2026-07-10T13:43:48.5170,2026-07-24T23:59:59.9970,[rights-of-way],https://www.usajobs.gov/job/876133000
Legal Assistant,"Interior, Bureau of Indian Affairs",Department of the Interior,0986,2026-07-10T15:41:03.7100,2026-07-24T23:59:59.9970,[rights-of-way],https://www.usajobs.gov/job/876173800
Legal Assistant,"Interior, Bureau of Indian Affairs",Department of the Interior,0986,2026-07-10T15:54:54.2300,2026-07-24T23:59:59.9970,[rights-of-way],https://www.usajobs.gov/job/876178100
Legal Assistant,"Interior, Bureau of Indian Affairs",Department of the Interior,0986,2026-07-10T13:47:55.0930,2026-07-24T23:59:59.9970,[rights-of-way],https://www.usajobs.gov/job/876134900
Legal Assistant,"Interior, Bureau of Indian Affairs",Department of the Interior,0986,2026-07-10T13:58:18.1400,2026-07-24T23:59:59.9970,[rights-of-way],https://www.usajobs.gov/job/876137900
Legal Assistant,"Interior, Bureau of Indian Affairs",Department of the Interior,0986,2026-07-10T14:15:02.6030,2026-07-24T23:59:59.9970,[rights-of-way],https://www.usajobs.gov/job/876145100
Legal Assistant,"Interior, Bureau of Indian Affairs",Department of the Interior,0986,2026-07-10T14:09:50.9630,2026-07-24T23:59:59.9970,[rights-of-way],https://www.usajobs.gov/job/876142600
Legal Assistant,"Interior, Bureau of Indian Affairs",Department of the Interior,0986,2026-07-10T14:29:42.8870,2026-07-24T23:59:59.9970,[rights-of-way],https://www.usajobs.gov/job/876150600
Legal Instruments Examiner,"Interior, Bureau of Indian Affairs",Department of the Interior,0963,2026-07-10T13:39:07.9770,2026-07-24T23:59:59.9970,[rights-of-way],https://www.usajobs.gov/job/876130700
Legal Instruments Examiner,"Interior, Bureau of Indian Affairs",Department of the Interior,0963,2026-07-10T13:49:04.6670,2026-07-24T23:59:59.9970,[rights-of-way],https://www.usajobs.gov/job/876135300
Legal Instruments Examiner,"Interior, Bureau of Indian Affairs",Department of the Interior,0963,2026-07-10T14:08:31.0100,2026-07-24T23:59:59.9970,[rights-of-way],https://www.usajobs.gov/job/876139400
Legal Instruments Examiner,"Interior, Bureau of Indian Affairs",Department of the Interior,0963,2026-07-10T13:29:00.1870,2026-07-24T23:59:59.9970,[rights-of-way],https://www.usajobs.gov/job/876127400
Legal Instruments Examiner,"Interior, Bureau of Indian Affairs",Department of the Interior,0963,2026-07-10T14:15:46.4700,2026-07-24T23:59:59.9970,[rights-of-way],https://www.usajobs.gov/job/876145300
Legal Instruments Examiner,"Interior, Bureau of Indian Affairs",Department of the Interior,0963,2026-07-10T14:20:01.9800,2026-07-24T23:59:59.9970,[rights-of-way],https://www.usajobs.gov/job/876147200
Legal Instruments Examiner,"Interior, Bureau of Indian Affairs",Department of the Interior,0963,2026-07-10T15:58:08.1330,2026-07-24T23:59:59.9970,[rights-of-way],https://www.usajobs.gov/job/876178700
Legal Instruments Examiner,"Interior, Bureau of Indian Affairs",Department of the Interior,0963,2026-07-10T14:31:09.2770,2026-07-24T23:59:59.9970,[rights-of-way],https://www.usajobs.gov/job/876151100
Legal Instruments Examiner,"Interior, Bureau of Indian Affairs",Department of the Interior,0963,2026-07-10T15:48:12.3500,2026-07-24T23:59:59.9970,[rights-of-way],https://www.usajobs.gov/job/876175500
Legal Instruments Examiner,"Interior, Bureau of Indian Affairs",Department of the Interior,0963,2026-07-10T14:10:55.2170,2026-07-24T23:59:59.9970,[rights-of-way],https://www.usajobs.gov/job/876143000
Program Manager,"Interior, Bureau of Indian Affairs",Department of the Interior,0301,2026-07-27T00:00:00.0000,2026-08-10T23:59:59.9970,[nepa],https://www.usajobs.gov/job/878028900
Realty Specialist,"Interior, Bureau of Indian Affairs",Department of the Interior,1170,2026-06-22T11:52:07.7530,2026-07-06T23:59:59.9970,[nepa],https://www.usajobs.gov/job/873803300
Realty Specialist (Generalist),"Interior, Bureau of Indian Affairs",Department of the Interior,1170,2026-07-02T16:14:08.1330,2026-07-16T23:59:59.9970,"[nepa, rights-of-way]",https://www.usajobs.gov/job/875317900
Environmental Protection Specialist (Direct Hire),John C. Stennis Space Center,National Aeronautics and Space Administration,0028,2026-06-11T00:00:00.0000,2026-06-15T23:59:59.9970,"[environmental compliance, nepa, permitting, clean water act, clean air act]",https://www.usajobs.gov/job/871675100
Public Notice - Environmental Protection Specialist (Direct Hire),John F. Kennedy Space Center,National Aeronautics and Space Administration,0028,2026-07-23T00:00:00.0000,2026-07-27T23:59:59.9970,"[nepa, environmental compliance, national environmental policy act]",https://www.usajobs.gov/job/877635100
"General Engineer, AST, Technical Resources Management",John Glenn Research Center at Lewis Field,National Aeronautics and Space Administration,0801,2026-05-20T00:00:00.0000,2026-05-27T23:59:59.9970,"[national environmental policy act, nepa, environmental compliance]",https://www.usajobs.gov/job/869675400
Chief Deputy Clerk (Type II),Judicial Branch,Judicial Branch,0301,2026-03-23T00:00:00.0000,2027-03-22T23:59:59.9970,[permitting],https://www.usajobs.gov/job/865042900
Director of Information Technology,Judicial Branch,Judicial Branch,2210,2025-02-14T00:00:00.0000,2026-02-13T23:59:59.9970,[permitting],https://www.usajobs.gov/job/831587200
U.S. Pretrial Services Officer,Judicial Branch,Judicial Branch,0007,2026-02-11T13:56:07.6100,2026-02-18T23:59:59.9970,[permitting],https://www.usajobs.gov/job/857384300
Analyst in Environmental Policy (Air Pollution),Legislative Branch,Legislative Branch,0101,2025-12-19T12:36:53.0900,2026-01-20T23:59:59.9970,[clean air act],https://www.usajobs.gov/job/852950200
Analyst in Environmental Policy (Waste Management),Legislative Branch,Legislative Branch,0101,2025-12-16T11:21:46.6770,2026-01-13T23:59:59.9970,[rcra],https://www.usajobs.gov/job/852554200
Botanist,Legislative Branch,Legislative Branch,0430,2025-05-23T00:00:00.0000,2025-07-18T23:59:59.9970,[permitting],https://www.usajobs.gov/job/837571200
Chemist,Legislative Branch,Legislative Branch,1301,2026-04-10T00:00:00.0000,2026-04-22T23:59:59.9970,[environmental compliance],https://www.usajobs.gov/job/865025500
Civil Engineer,Legislative Branch,Legislative Branch,0810,2025-07-29T00:00:00.0000,2025-08-13T23:59:59.9970,[permit applications],https://www.usajobs.gov/job/841969600
Civil Engineer,Legislative Branch,Legislative Branch,0810,2026-01-08T11:14:39.0400,2026-01-27T23:59:59.9970,[permit applications],https://www.usajobs.gov/job/853908300
Control Room Operator Leader,Legislative Branch,Legislative Branch,4742,2025-07-29T00:00:00.0000,2025-08-26T23:59:59.9970,[environmental compliance],https://www.usajobs.gov/job/841969900
Financial Management Specialist,Legislative Branch,Legislative Branch,0501,2025-07-09T14:03:10.3600,2025-07-23T23:59:59.9970,[permitting],https://www.usajobs.gov/job/840368400
Financial Management Specialist,Legislative Branch,Legislative Branch,0501,2026-02-09T07:12:53.6170,2026-03-06T23:59:59.9970,[permitting],https://www.usajobs.gov/job/856943700
Heavy Mobile Equipment Mechanic,Legislative Branch,Legislative Branch,5803,2025-07-03T13:38:41.2170,2025-07-21T23:59:59.9970,[clean air act],https://www.usajobs.gov/job/840095300
Heavy Mobile Equipment Mechanic,Legislative Branch,Legislative Branch,5803,2025-09-04T11:25:33.8230,2025-09-19T23:59:59.9970,[clean air act],https://www.usajobs.gov/job/845012500
Heavy Mobile Equipment Mechanic,Legislative Branch,Legislative Branch,5803,2026-01-27T17:25:17.7730,2026-01-28T23:59:59.9970,[clean air act],https://www.usajobs.gov/job/855672700
"Parking Operations Specialist - Full time #626",Legislative Branch,Legislative Branch,5701,2025-09-03T16:01:52.0730,2025-09-17T23:59:59.9970,[permit issuance],https://www.usajobs.gov/job/844946800
"Parking Operations Specialist - Full time #626",Legislative Branch,Legislative Branch,5701,2025-09-03T00:00:00.0000,2025-09-20T23:59:59.9970,[permit issuance],https://www.usajobs.gov/job/845819300
"Parking Operations Specialist - Part time (25 hours)  #491",Legislative Branch,Legislative Branch,5801,2026-04-17T12:00:30.0130,2026-05-01T23:59:59.9970,[permit issuance],https://www.usajobs.gov/job/865669800
"Parking Operations Specialist - Part time (25 hours) #491",Legislative Branch,Legislative Branch,5701,2025-09-03T17:01:37.8070,2025-09-17T23:59:59.9970,[permit issuance],https://www.usajobs.gov/job/844956400
"Parking Operations Specialist - Part time (25 hours) #491",Legislative Branch,Legislative Branch,5701,2025-09-03T00:00:00.0000,2025-09-20T23:59:59.9970,[permit issuance],https://www.usajobs.gov/job/845819100
Power Plant Operator,Legislative Branch,Legislative Branch,4742,2025-08-04T00:00:00.0000,2025-08-25T23:59:59.9970,[environmental compliance],https://www.usajobs.gov/job/842469100
Power Plant Operator,Legislative Branch,Legislative Branch,4742,2025-08-04T00:00:00.0000,2025-08-25T23:59:59.9970,[environmental compliance],https://www.usajobs.gov/job/842489500
Power Plant Operator,Legislative Branch,Legislative Branch,4742,2026-01-02T14:44:09.3430,2026-01-23T23:59:59.9970,[environmental compliance],https://www.usajobs.gov/job/853496000
Power Plant Operator Assistant Supervisor,Legislative Branch,Legislative Branch,4742,2026-01-06T08:37:08.1930,2026-01-23T23:59:59.9970,[environmental compliance],https://www.usajobs.gov/job/853620700
Safety and Occupational Health Manager,Legislative Branch,Legislative Branch,0018,2025-07-07T00:00:00.0000,2025-08-04T23:59:59.9970,[environmental compliance],https://www.usajobs.gov/job/840149900
Safety and Occupational Health Manager,Legislative Branch,Legislative Branch,0018,2026-01-29T14:42:25.9430,2026-02-12T23:59:59.9970,"[clean air act, clean water act, environmental compliance]",https://www.usajobs.gov/job/855950400
Safety and Occupational Manager,Legislative Branch,Legislative Branch,0018,2025-08-01T16:35:02.1130,2025-08-15T23:59:59.9970,"[clean air act, clean water act, environmental compliance]",https://www.usajobs.gov/job/842337400
Public Notice - Environmental Protection Specialist (Direct Hire),Lyndon B. Johnson Space Center,National Aeronautics and Space Administration,0028,2026-07-10T00:00:00.0000,2026-07-13T23:59:59.9970,"[nepa, national environmental policy act, environmental compliance]",https://www.usajobs.gov/job/875985000
Environmental Protection Specialist (Open to both U.S. Citizens and Federal Employees),Maritime Administration,Department of Transportation,0028,2026-07-22T14:40:10.6130,2026-07-31T23:59:59.9970,"[environmental review, nepa, environmental compliance, section 106, national environmental policy act]",https://www.usajobs.gov/job/877612800
Industrial Hygienist,Military Treatment Facilities under DHA,Department of Defense,0690,2026-07-10T00:00:00.0000,2026-07-24T23:59:59.9970,[environmental compliance],https://www.usajobs.gov/job/875936200
"AST, Aerospace Environmental Control Techniques",National Aeronautics and Space Administration,National Aeronautics and Space Administration,0801,2026-04-03T00:00:00.0000,2026-04-09T23:59:59.9970,"[nepa, environmental compliance]",https://www.usajobs.gov/job/863569200
"Engineer, AST - Aerospace Environmental Control Techniques (Direct Hire)",National Aeronautics and Space Administration,National Aeronautics and Space Administration,0801,2026-04-17T00:00:00.0000,2026-04-21T23:59:59.9970,"[environmental compliance, rcra, nepa, cercla, permit applications]",https://www.usajobs.gov/job/865465900
Environmental Protection Specialist (Direct Hire),National Aeronautics and Space Administration,National Aeronautics and Space Administration,0028,2026-03-13T00:00:00.0000,2026-03-17T23:59:59.9970,[permitting],https://www.usajobs.gov/job/860531800
Environmental Protection Specialist (Direct Hire),National Aeronautics and Space Administration,National Aeronautics and Space Administration,0028,2026-03-16T00:00:00.0000,2026-03-18T23:59:59.9970,"[permit applications, permitting]",https://www.usajobs.gov/job/860891100
Environmental Protection Specialist (Direct Hire),National Aeronautics and Space Administration,National Aeronautics and Space Administration,0028,2026-03-18T00:00:00.0000,2026-03-24T23:59:59.9970,"[nepa, permitting, permit applications, clean air act]",https://www.usajobs.gov/job/860886900
Environmental Protection Specialist (Direct Hire),National Aeronautics and Space Administration,National Aeronautics and Space Administration,0028,2026-05-07T00:00:00.0000,2026-05-11T23:59:59.9970,"[national environmental policy act, nepa, permitting, environmental compliance]",https://www.usajobs.gov/job/867250800
Environmental Protection Specialist (Direct-Hire),National Aeronautics and Space Administration,National Aeronautics and Space Administration,0028,2026-03-05T00:00:00.0000,2026-03-09T23:59:59.9970,[environmental compliance],https://www.usajobs.gov/job/859841900
Supervisory Environmental Protection Specialist,National Aeronautics and Space Administration,National Aeronautics and Space Administration,0028,2026-03-24T00:00:00.0000,2026-03-30T23:59:59.9970,"[nepa, environmental compliance]",https://www.usajobs.gov/job/862231100
Supervisory Environmental Protection Specialist,National Aeronautics and Space Administration,National Aeronautics and Space Administration,0028,2026-02-10T00:00:00.0000,2026-02-17T23:59:59.9970,"[environmental compliance, nepa, permitting]",https://www.usajobs.gov/job/857050500
Supervisory Facility Operations Specialist (Facility Management Officer),National Archives and Records Administration,Other Agencies and Independent Organizations,1640,2026-07-01T00:00:00.0000,2026-07-10T23:59:59.9970,[environmental compliance],https://www.usajobs.gov/job/874891100
Electrical Engineer (Electrical Safety Engineer),National Institute of Standards and Technology,Department of Commerce,0850,2026-05-12T00:00:00.0000,2026-05-21T23:59:59.9970,"[nepa, national environmental policy act, environmental compliance]",https://www.usajobs.gov/job/868628500
General Engineer,National Nuclear Security Administration,Department of Energy,0801,2026-07-29T15:18:45.0570,2026-08-07T23:59:59.9970,[right-of-way],https://www.usajobs.gov/job/878510800
General Engineer/ Physical Scientist,National Nuclear Security Administration,Department of Energy,0801 | 1301,2026-05-22T10:53:07.6230,2026-06-02T23:59:59.9970,[environmental compliance],https://www.usajobs.gov/job/870411100
General Engineer/Physical Scientist,National Nuclear Security Administration,Department of Energy,0801 | 1301,2026-06-03T00:00:00.0000,2026-06-12T23:59:59.9970,[environmental compliance],https://www.usajobs.gov/job/871462000
General Engineer/Physical Scientist (Facility Representative),National Nuclear Security Administration,Department of Energy,0801 | 1301,2026-06-17T14:59:28.5300,2026-07-01T23:59:59.9970,[environmental compliance],https://www.usajobs.gov/job/873471700
Supervisory General Engineer/Physical Scientist,National Nuclear Security Administration,Department of Energy,0801 | 1301,2026-06-16T11:40:07.6570,2026-06-23T23:59:59.9970,[environmental compliance],https://www.usajobs.gov/job/873249500
Economist,National Oceanic and Atmospheric Administration,Department of Commerce,0110,2026-06-05T00:00:00.0000,2026-06-11T23:59:59.9970,[national environmental policy act],https://www.usajobs.gov/job/871846900
Environmental Protection Specialist,National Oceanic and Atmospheric Administration,Department of Commerce,0028,2026-07-17T00:00:00.0000,2026-07-21T23:59:59.9970,"[environmental compliance, national environmental policy act, marine mammal protection act, clean water act, nepa]",https://www.usajobs.gov/job/876773300
Facility Operations Specialist,National Oceanic and Atmospheric Administration,Department of Commerce,1640,2026-06-30T00:00:00.0000,2026-07-06T23:59:59.9970,[environmental compliance],https://www.usajobs.gov/job/874706600
Facility Operations Specialist,National Oceanic and Atmospheric Administration,Department of Commerce,1640,2026-06-30T00:00:00.0000,2026-07-06T23:59:59.9970,[environmental compliance],https://www.usajobs.gov/job/874706900
Natural Resource Specialist,National Oceanic and Atmospheric Administration,Department of Commerce,0401,2026-07-07T10:24:53.9230,2026-07-13T23:59:59.9970,"[nepa, marine mammal protection act, national environmental policy act]",https://www.usajobs.gov/job/875514500
Natural Resource Specialist,National Oceanic and Atmospheric Administration,Department of Commerce,0401,2026-07-07T10:20:44.0330,2026-07-13T23:59:59.9970,"[marine mammal protection act, national environmental policy act, nepa, permitting]",https://www.usajobs.gov/job/875512500
Natural Resource Specialist,National Oceanic and Atmospheric Administration,Department of Commerce,0401,2026-07-07T10:19:52.3570,2026-07-13T23:59:59.9970,"[marine mammal protection act, national environmental policy act, nepa, permitting]",https://www.usajobs.gov/job/875512400
Paralegal Specialist,National Oceanic and Atmospheric Administration,Department of Commerce,0950,2026-06-18T00:00:00.0000,2026-06-24T23:59:59.9970,[marine mammal protection act],https://www.usajobs.gov/job/873468300
Program and Policy Analyst,National Oceanic and Atmospheric Administration,Department of Commerce,0301,2026-05-13T00:00:00.0000,2026-05-19T23:59:59.9970,"[environmental compliance, permitting, coastal zone management act]",https://www.usajobs.gov/job/869023800
Program and Policy Analyst,National Oceanic and Atmospheric Administration,Department of Commerce,0301,2026-05-13T00:00:00.0000,2026-05-19T23:59:59.9970,"[environmental compliance, permitting, coastal zone management act]",https://www.usajobs.gov/job/869024100
Supervisory Fish and Wildlife Administrator,National Oceanic and Atmospheric Administration,Department of Commerce,0480,2026-06-11T00:00:00.0000,2026-06-17T23:59:59.9970,[marine mammal protection act],https://www.usajobs.gov/job/872514000
Supervisory Fish and Wildlife Administrator,National Oceanic and Atmospheric Administration,Department of Commerce,0480,2026-06-11T00:00:00.0000,2026-06-17T23:59:59.9970,[marine mammal protection act],https://www.usajobs.gov/job/872515000
Supervisory Management and Program Analysis Officer,National Oceanic and Atmospheric Administration,Department of Commerce,0343,2026-07-09T00:00:00.0000,2026-07-15T23:59:59.9970,[environmental compliance],https://www.usajobs.gov/job/875666700
Archaeologist (Seasonal),National Park Service,Department of the Interior,0193,2026-07-13T00:00:00.0000,2026-07-20T23:59:59.9970,[section 106],https://www.usajobs.gov/job/876201100
Archeologist,National Park Service,Department of the Interior,0193,2026-07-28T12:51:03.1030,2026-08-03T23:59:59.9970,[section 106],https://www.usajobs.gov/job/878238700
Archeologist,National Park Service,Department of the Interior,0193,2026-07-10T00:00:00.0000,2026-07-16T23:59:59.9970,[section 106],https://www.usajobs.gov/job/875950100
Archeologist,National Park Service,Department of the Interior,0193,2026-06-22T00:00:00.0000,2026-07-06T23:59:59.9970,[section 106],https://www.usajobs.gov/job/873590700
Associate Director for Infrastructure,National Park Service,Department of the Interior,0340,2026-06-05T13:01:03.5200,2026-06-22T23:59:59.9970,"[permitting, right-of-way]",https://www.usajobs.gov/job/871958700
Biologist,National Park Service,Department of the Interior,0401,2026-07-16T00:00:00.0000,2026-07-29T23:59:59.9970,[nepa],https://www.usajobs.gov/job/876690800
Concessions Management Specialist,National Park Service,Department of the Interior,1101,2026-06-11T00:00:00.0000,2026-06-25T23:59:59.9970,[environmental compliance],https://www.usajobs.gov/job/872617000
Concessions Management Specialist (Seasonal),National Park Service,Department of the Interior,1101,2026-07-20T00:00:00.0000,2026-07-24T23:59:59.9970,[permitting],https://www.usajobs.gov/job/877089400
Cultural Anthropologist,National Park Service,Department of the Interior,0190,2026-07-27T09:58:10.2500,2026-08-10T23:59:59.9970,[section 106],https://www.usajobs.gov/job/878065400
Environmental Protection Specialist,National Park Service,Department of the Interior,0028,2026-07-23T00:00:00.0000,2026-08-12T23:59:59.9970,"[environmental compliance, nepa, national environmental policy act]",https://www.usajobs.gov/job/877658600
Environmental Protection Specialist,National Park Service,Department of the Interior,0028,2026-07-15T00:00:00.0000,2026-07-24T23:59:59.9970,"[environmental compliance, nepa, national environmental policy act]",https://www.usajobs.gov/job/876457300
Environmental Protection Specialist,National Park Service,Department of the Interior,0028,2026-06-19T00:00:00.0000,2026-06-28T23:59:59.9970,"[permit applications, nepa, national environmental policy act, environmental compliance]",https://www.usajobs.gov/job/873675600
FUL - Seasonal Archeological Technician,National Park Service,Department of the Interior,0102,2026-05-14T00:00:00.0000,2026-05-28T23:59:59.9970,[section 106],https://www.usajobs.gov/job/869169100
Field Unit Local Authority (FUL) - Seasonal Management and Program Analyst,National Park Service,Department of the Interior,0343,2026-05-12T00:00:00.0000,2026-05-26T23:59:59.9970,[permitting],https://www.usajobs.gov/job/868833600
Fire Protection Specialist (Fire Marshal),National Park Service,Department of the Interior,0081,2026-05-19T00:00:00.0000,2026-06-03T23:59:59.9970,[nepa],https://www.usajobs.gov/job/869803100
Historian,National Park Service,Department of the Interior,0170,2026-06-05T12:41:15.8070,2026-06-12T23:59:59.9970,[section 106],https://www.usajobs.gov/job/871953700
Historian (Seasonal),National Park Service,Department of the Interior,0170,2026-07-20T00:00:00.0000,2026-07-24T23:59:59.9970,[section 106],https://www.usajobs.gov/job/876935100
Interdisciplinary Project Manager,National Park Service,Department of the Interior,0801 | 0807 | 0808 | 0810 | 0830,2026-07-02T00:00:00.0000,2026-07-16T23:59:59.9970,[environmental compliance],https://www.usajobs.gov/job/875054000
Interdisciplinary Project Manager,National Park Service,Department of the Interior,0801 | 0807 | 0808 | 0810 | 0830,2026-07-20T00:00:00.0000,2026-08-17T23:59:59.9970,[environmental compliance],https://www.usajobs.gov/job/877103900
Lead Backcountry Visitor Technician,National Park Service,Department of the Interior,0303,2026-05-15T00:00:00.0000,2026-05-22T23:59:59.9970,[permitting],https://www.usajobs.gov/job/869327300
Park Manager (Deputy Superintendent),National Park Service,Department of the Interior,0025,2026-06-12T00:00:00.0000,2026-07-02T23:59:59.9970,[special use permit],https://www.usajobs.gov/job/872744300
Park Ranger (Preventative Search and Rescue),National Park Service,Department of the Interior,0025,2026-05-18T00:00:00.0000,2026-05-31T23:59:59.9970,[special use permit],https://www.usajobs.gov/job/868617900
"Regional Director, Pacific West",National Park Service,Department of the Interior,0340,2026-07-20T13:59:10.3170,2026-08-03T23:59:59.9970,[environmental compliance],https://www.usajobs.gov/job/877236600
Supervisory Facility Operations Specialist,National Park Service,Department of the Interior,1640,2026-07-21T00:00:00.0000,2026-07-30T23:59:59.9970,[nepa],https://www.usajobs.gov/job/877118700
Supervisory Facility Operations Specialist,National Park Service,Department of the Interior,1640,2026-06-24T00:00:00.0000,2026-07-03T23:59:59.9970,[national environmental policy act],https://www.usajobs.gov/job/874009700
Supervisory Facility Operations Specialist,National Park Service,Department of the Interior,1640,2026-06-24T00:00:00.0000,2026-07-08T23:59:59.9970,[national environmental policy act],https://www.usajobs.gov/job/874040400
Supervisory Facility Operations Specialist,National Park Service,Department of the Interior,1640,2026-07-02T00:00:00.0000,2026-07-16T23:59:59.9970,"[nepa, national environmental policy act]",https://www.usajobs.gov/job/875006600
Supervisory Facility Operations Specialist,National Park Service,Department of the Interior,1640,2026-07-24T00:00:00.0000,2026-08-07T23:59:59.9970,[national environmental policy act],https://www.usajobs.gov/job/877819400
Supervisory Interdisciplinary (Supervisory Integrated Resource Manager),National Park Service,Department of the Interior,0190 | 0193 | 0401 | 0482,2026-07-14T00:00:00.0000,2026-07-27T23:59:59.9970,[nepa],https://www.usajobs.gov/job/876184400
Supervisory Park Ranger (Protection) - Chief Park Ranger,National Park Service,Department of the Interior,0025,2026-07-15T00:00:00.0000,2026-07-28T23:59:59.9970,[permitting],https://www.usajobs.gov/job/876036900
Utility Systems Repairer-Operator,National Park Service,Department of the Interior,4742,2026-05-19T00:00:00.0000,2026-06-01T23:59:59.9970,[safe drinking water act],https://www.usajobs.gov/job/869743400
ARCHEOLOGIST,Natural Resources Conservation Service,Department of Agriculture,0193,2026-05-28T09:25:43.9800,2026-06-04T23:59:59.9970,[environmental review],https://www.usajobs.gov/job/870831600
Archeologist (State Cultural Resource Specialist),Natural Resources Conservation Service,Department of Agriculture,0193,2026-06-01T00:00:00.0000,2026-06-10T23:59:59.9970,[section 106],https://www.usajobs.gov/job/870933600
Soil Conservationist,Natural Resources Conservation Service,Department of Agriculture,0457,2026-05-19T08:25:04.6300,2026-05-26T23:59:59.9970,[environmental compliance],https://www.usajobs.gov/job/869839200
COMMUNITY PLANNER,Naval Air Systems Command,Department of the Navy,0020,2026-07-10T00:00:00.0000,2026-07-20T23:59:59.9970,[nepa],https://www.usajobs.gov/job/875615600
HAZARDOUS WASTE DISPOSER,Naval Air Systems Command,Department of the Navy,6913,2026-06-10T00:00:00.0000,2026-06-15T23:59:59.9970,[rcra],https://www.usajobs.gov/job/871688300
HAZARDOUS WASTE DISPOSER,Naval Air Systems Command,Department of the Navy,6913,2026-07-16T00:00:00.0000,2026-07-30T23:59:59.9970,[rcra],https://www.usajobs.gov/job/876298900
INTERDISCIPLINARY ENGINEER/SCIENTIST,Naval Air Systems Command,Department of the Navy,0401 | 0819 | 1301,2026-07-09T00:00:00.0000,2026-07-15T23:59:59.9970,[environmental compliance],https://www.usajobs.gov/job/875666100
SUPERVISORY PRODUCTION SUPPORT SPECIALIST,Naval Air Systems Command,Department of the Navy,1101,2026-07-28T00:00:00.0000,2026-08-03T23:59:59.9970,[environmental compliance],https://www.usajobs.gov/job/877617700
ENGINEERING TECHNICIAN,Naval Facilities Engineering Systems Command,Department of the Navy,0802,2026-06-09T00:00:00.0000,2026-06-18T23:59:59.9970,[environmental compliance],https://www.usajobs.gov/job/872212400
ENVIRONMENTAL ENGINEER,Naval Facilities Engineering Systems Command,Department of the Navy,0819,2026-06-24T13:23:35.1100,2026-06-30T23:59:59.9970,[environmental compliance],https://www.usajobs.gov/job/874126900
ENVIRONMENTAL ENGINEER,Naval Facilities Engineering Systems Command,Department of the Navy,0819,2026-07-09T00:00:00.0000,2026-08-07T23:59:59.9970,[environmental compliance],https://www.usajobs.gov/job/875774900
INTERDISCIPLINARY ENVIRONMENTAL ENGINEER OR PHYSICAL SCIENTIST,Naval Facilities Engineering Systems Command,Department of the Navy,0819 | 1301,2026-05-13T11:44:26.9000,2026-05-20T23:59:59.9970,"[rcra, nepa, cercla]",https://www.usajobs.gov/job/868774700
INTERDISCIPLINARY ENVIRONMENTAL ENGINEER/PHYSICAL SCIENTIST,Naval Facilities Engineering Systems Command,Department of the Navy,0819 | 1301,2026-07-27T10:10:55.6170,2026-08-03T23:59:59.9970,[environmental compliance],https://www.usajobs.gov/job/878068000
INTERDISCIPLINARY ENVIRONMENTAL ENGINEER/PHYSICAL SCIENTIST,Naval Facilities Engineering Systems Command,Department of the Navy,0819 | 1301,2026-06-30T00:00:00.0000,2026-07-06T23:59:59.9970,[environmental compliance],https://www.usajobs.gov/job/874642400
Interdisciplinary Community Planner/Historian/Archaeologist/Landscape Architect,Naval Facilities Engineering Systems Command,Department of the Navy,0020 | 0170 | 0193 | 0807,2026-07-15T11:46:19.0830,2026-07-21T23:59:59.9970,[section 106],https://www.usajobs.gov/job/876625600
Interdisciplinary Environmental Engineer / Physical Scientist,Naval Facilities Engineering Systems Command,Department of the Navy,0819 | 1301,2026-06-12T09:31:13.4030,2026-06-25T23:59:59.9970,[environmental compliance],https://www.usajobs.gov/job/872864400
PHYSICAL SCIENTIST,Naval Facilities Engineering Systems Command,Department of the Navy,1301,2026-07-28T00:00:00.0000,2026-08-03T23:59:59.9970,[environmental compliance],https://www.usajobs.gov/job/878121500
PROGRAM MANAGER,Naval Facilities Engineering Systems Command,Department of the Navy,0340,2026-07-21T00:00:00.0000,2026-07-27T23:59:59.9970,"[rcra, nepa, cercla]",https://www.usajobs.gov/job/876926400
SENIOR ENVIRONMENTAL ENGINEER,Naval Facilities Engineering Systems Command,Department of the Navy,0819,2026-06-25T11:16:24.2370,2026-07-02T23:59:59.9970,[environmental compliance],https://www.usajobs.gov/job/873989600
SPVR COMMUNITY PLANNER/NATURAL RESOURCES SPEC/ENVIRONMENTAL ENGINEER/PHYSICAL SCIENTIST,Naval Facilities Engineering Systems Command,Department of the Navy,0020 | 0401 | 0819 | 1301,2026-06-24T10:26:50.8170,2026-06-30T23:59:59.9970,"[nepa, national environmental policy act]",https://www.usajobs.gov/job/874132500
SUPERVISORY ENVIRONMENTAL ENGINEER,Naval Facilities Engineering Systems Command,Department of the Navy,0819,2026-06-10T16:38:29.8270,2026-06-16T23:59:59.9970,[environmental compliance],https://www.usajobs.gov/job/872622700
ENVIRONMENTAL PROTECTION SPECIALIST,Naval Medical Command,Department of the Navy,0028,2026-07-07T10:08:54.9470,2026-07-13T23:59:59.9970,[environmental compliance],https://www.usajobs.gov/job/875500000
ENVIRONMENTAL PROTECTION SPECIALIST,Naval Medical Command,Department of the Navy,0028,2026-06-16T05:54:48.6230,2026-06-25T23:59:59.9970,[environmental compliance],https://www.usajobs.gov/job/873178000
ENVIRONMENTAL PROTECTION SPECIALIST,Naval Medical Command,Department of the Navy,0028,2026-05-13T09:24:11.0030,2026-05-19T23:59:59.9970,[environmental compliance],https://www.usajobs.gov/job/869094300
ENVIRONMENTAL PROTECTION SPECIALIST,Naval Sea Systems Command,Department of the Navy,0028,2026-05-19T14:47:24.2330,2026-05-26T23:59:59.9970,[environmental compliance],https://www.usajobs.gov/job/869946900
SUPERVISORY ADMINISTRATIVE/TECHNICAL SPECIALIST,Naval Sea Systems Command,Department of the Navy,0301,2026-06-23T12:06:35.6500,2026-07-06T23:59:59.9970,[environmental compliance],https://www.usajobs.gov/job/873976300
SUPERVISORY ADMINISTRATIVE/TECHNICAL SPECIALIST,Naval Sea Systems Command,Department of the Navy,0343,2026-06-16T13:32:29.3330,2026-06-29T23:59:59.9970,[environmental compliance],https://www.usajobs.gov/job/873086700
"Assistant General Counsel for Rulemaking, Agreement States, Fee Policy, and Legislation",Nuclear Regulatory Commission,Other Agencies and Independent Organizations,0905,2026-07-06T08:29:41.0570,2026-07-31T23:59:59.9970,[national environmental policy act],https://www.usajobs.gov/job/875354400
"Attorney Advisor (Bank Advisory), NB-905-V/VI",Office of the Comptroller of the Currency,Department of the Treasury,0905,2026-06-02T15:54:42.5070,2026-06-22T23:59:59.9970,[permitting],https://www.usajobs.gov/job/871455000
"Attorney Advisor (Enforcement), NB-905-V/VI",Office of the Comptroller of the Currency,Department of the Treasury,0905,2026-06-15T12:11:21.6570,2026-06-29T23:59:59.9970,[permitting],https://www.usajobs.gov/job/873074800
"Attorney Advisor (Litigation), NB-0905-VI",Office of the Comptroller of the Currency,Department of the Treasury,0905,2026-06-10T18:21:16.4600,2026-06-25T23:59:59.9970,[permitting],https://www.usajobs.gov/job/872638500
"Bank Examiner/Principal Analyst to the SDC, NB-0570-VII",Office of the Comptroller of the Currency,Department of the Treasury,0570,2026-07-17T12:57:21.1700,2026-07-31T23:59:59.9970,[permitting],https://www.usajobs.gov/job/877056300
"Bank Examiner/Principal Analyst to the SDC, NB-0570-VII",Office of the Comptroller of the Currency,Department of the Treasury,0570,2026-07-17T12:57:09.3570,2026-07-31T23:59:59.9970,[permitting],https://www.usajobs.gov/job/877056100
"Chief Information Security Officer, NB-2210-VIII",Office of the Comptroller of the Currency,Department of the Treasury,2210,2026-07-14T11:25:45.5400,2026-07-28T23:59:59.9970,[permitting],https://www.usajobs.gov/job/876420600
"Chief Information Security Officer, NB-2210-VIII",Office of the Comptroller of the Currency,Department of the Treasury,2210,2026-07-14T11:25:12.8400,2026-07-28T23:59:59.9970,[permitting],https://www.usajobs.gov/job/876420200
"Counsel (Litigation), NB-0905-VI",Office of the Comptroller of the Currency,Department of the Treasury,0905,2026-06-10T18:21:59.1970,2026-06-25T23:59:59.9970,[permitting],https://www.usajobs.gov/job/872638700
"Deputy Comptroller for Administrative Operations, NB-0301-VIII",Office of the Comptroller of the Currency,Department of the Treasury,0301,2026-06-25T11:47:54.2870,2026-07-02T23:59:59.9970,[permitting],https://www.usajobs.gov/job/874347100
"Deputy Comptroller for Large and Global Financial Institutions, NB-0570-VIII",Office of the Comptroller of the Currency,Department of the Treasury,0570,2026-07-09T10:52:23.6700,2026-07-23T23:59:59.9970,[permitting],https://www.usajobs.gov/job/875892000
"Deputy Comptroller for Regional and Midsize Financial Institutions, NB-0570-VIII",Office of the Comptroller of the Currency,Department of the Treasury,0570,2026-07-02T12:50:24.9500,2026-07-10T23:59:59.9970,[permitting],https://www.usajobs.gov/job/875264500
"Deputy Comptroller, NB-0570-VIII",Office of the Comptroller of the Currency,Department of the Treasury,0570,2026-06-26T00:00:00.0000,2026-07-06T23:59:59.9970,[permitting],https://www.usajobs.gov/job/874358800
"Director for Compensation and Benefits, NB-0201-VII",Office of the Comptroller of the Currency,Department of the Treasury,0201,2026-06-22T00:00:00.0000,2026-06-29T23:59:59.9970,[permitting],https://www.usajobs.gov/job/873724000
"Director for Talent Acquisitions, NB-0201-VII",Office of the Comptroller of the Currency,Department of the Treasury,0201,2026-06-22T00:00:00.0000,2026-06-29T23:59:59.9970,[permitting],https://www.usajobs.gov/job/873724200
"Director for Workforce Relations and Performance Management, NB-0201-VII",Office of the Comptroller of the Currency,Department of the Treasury,0201,2026-06-25T00:00:00.0000,2026-07-02T23:59:59.9970,[permitting],https://www.usajobs.gov/job/874131600
"Equal Employment Specialist, NB-0260-V (ICTAP/CTAP/VEOA Eligibles)",Office of the Comptroller of the Currency,Department of the Treasury,0260,2026-05-28T00:00:00.0000,2026-06-04T23:59:59.9970,[permitting],https://www.usajobs.gov/job/870755900
"NBE/BE (LB Technical Team Lead) w/emphasis in Commercial & Retail Credit, NB-0570-VI.2",Office of the Comptroller of the Currency,Department of the Treasury,0570,2026-06-18T16:06:00.1130,2026-07-06T23:59:59.9970,[permitting],https://www.usajobs.gov/job/873721500
"National Bank Examiner (Analyst to ADC), NB-0570-V.2",Office of the Comptroller of the Currency,Department of the Treasury,0570,2026-07-15T11:12:41.5700,2026-07-29T23:59:59.9970,[permitting],https://www.usajobs.gov/job/876612700
"National Bank Examiner (Analyst to ADC), NB-570-V.2",Office of the Comptroller of the Currency,Department of the Treasury,0570,2026-07-17T15:06:34.1200,2026-07-31T23:59:59.9970,[permitting],https://www.usajobs.gov/job/877094200
"National Bank Examiner (Regional & Midsize Examiner-in-Charge), NB-0570-VI.2 (Temporary NTE 1 Year)",Office of the Comptroller of the Currency,Department of the Treasury,0570,2026-05-26T10:08:18.2600,2026-06-09T23:59:59.9970,[permitting],https://www.usajobs.gov/job/870529200
"National Bank Examiner/Bank Examiner (Analyst to LB Examiner-In-Charge/Director), NB-570-VI",Office of the Comptroller of the Currency,Department of the Treasury,0570,2026-06-02T11:36:46.5830,2026-06-16T23:59:59.9970,[permitting],https://www.usajobs.gov/job/871357400
"National Bank Examiner/Bank Examiner (Analyst), NB-570-V",Office of the Comptroller of the Currency,Department of the Treasury,0570,2026-06-25T15:20:28.6100,2026-07-09T23:59:59.9970,[permitting],https://www.usajobs.gov/job/874412100
"National Bank Examiner/Bank Examiner (Senior Analyst), NB-570-VI",Office of the Comptroller of the Currency,Department of the Treasury,0570,2026-06-25T09:51:16.4170,2026-07-09T23:59:59.9970,[permitting],https://www.usajobs.gov/job/874311600
"Principal Deputy Comptroller for Management and CFO, NB-0505-VIII",Office of the Comptroller of the Currency,Department of the Treasury,0505,2026-06-25T11:52:38.3770,2026-07-02T23:59:59.9970,[permitting],https://www.usajobs.gov/job/874346800
"Senior Advisor to the Senior Deputy Comptroller, NB-0301-VII",Office of the Comptroller of the Currency,Department of the Treasury,0301,2026-06-09T13:50:27.5130,2026-06-24T23:59:59.9970,[permitting],https://www.usajobs.gov/job/872358800
"Supervisory NBE/BE (Analyst to LGFI (Megabank) Examiner-In-Charge), NB-0570-VI.2",Office of the Comptroller of the Currency,Department of the Treasury,0570,2026-06-02T00:00:00.0000,2026-06-16T23:59:59.9970,[permitting],https://www.usajobs.gov/job/871287800
"Supervisory NBE/BE (LB Team Lead) w/emphasis in Commercial Credit, NB-0570-VII",Office of the Comptroller of the Currency,Department of the Treasury,0570,2026-05-18T13:53:08.4470,2026-06-02T23:59:59.9970,[permitting],https://www.usajobs.gov/job/869749200
"Supv NBE/BE (LB Technical Team Lead) w/emphasis in ERM, Ops Risk & BIT, NB-0570-VI.2",Office of the Comptroller of the Currency,Department of the Treasury,0570,2026-07-23T12:23:02.8570,2026-08-05T23:59:59.9970,[permitting],https://www.usajobs.gov/job/877761200
"Supv National Bank Examiner/Bank Examiner (LB Team Lead) w/emphasis in BIT & Ops Risk, NB-0570-VII",Office of the Comptroller of the Currency,Department of the Treasury,0570,2026-07-01T13:09:36.8900,2026-07-15T23:59:59.9970,[permitting],https://www.usajobs.gov/job/875081100
Principal Deputy Regional Attorney,Office of the General Counsel,Department of Agriculture,0905,2026-06-16T09:05:51.6870,2026-07-09T23:59:59.9970,[national environmental policy act],https://www.usajobs.gov/job/873203800
Business and Industry Specialist (Project Manager),Office of the Local Defense Community Corporation,Department of Defense,1101,2026-07-01T10:08:32.5900,2026-07-06T23:59:59.9970,"[nepa, national environmental policy act]",https://www.usajobs.gov/job/875014500
General Attorney (Public Notice Flyer),Office of the Secretary,Department of Commerce,0905,2026-05-11T16:20:47.7970,2026-06-11T23:59:59.9970,[environmental compliance],https://www.usajobs.gov/job/868819800
MANAGEMENT ANALYST,Office of the Secretary of the Interior,Department of the Interior,0343,2026-05-15T00:00:00.0000,2026-05-26T23:59:59.9970,[national environmental policy act],https://www.usajobs.gov/job/869410300
Supervisory Wildland Firefighter (Fire Management Officer) - Direct Hire Authority,Office of the Secretary of the Interior,Department of the Interior,0456,2026-05-13T12:52:21.6900,2026-05-27T23:59:59.9970,[environmental compliance],https://www.usajobs.gov/job/869150000
Attorney-Advisor (General),Office of the Solicitor,Department of the Interior,0905,2026-07-10T13:33:52.8830,2026-07-24T23:59:59.9970,[national environmental policy act],https://www.usajobs.gov/job/876128700
Assistant Section Chief - Environmental Defense Section,"Offices, Boards and Divisions",Department of Justice,0905,2026-05-27T00:00:00.0000,2026-06-17T23:59:59.9970,"[clean water act, clean air act]",https://www.usajobs.gov/job/870514300
Assistant Section Chief - Environmental Enforcement Section,"Offices, Boards and Divisions",Department of Justice,0905,2026-05-26T00:00:00.0000,2026-06-10T23:59:59.9970,"[clean water act, clean air act]",https://www.usajobs.gov/job/869701800
Assistant Section Chief - Natural Resources Section,"Offices, Boards and Divisions",Department of Justice,0905,2026-05-15T00:00:00.0000,2026-06-05T23:59:59.9970,"[incidental take, nepa, marine mammal protection act, national environmental policy act]",https://www.usajobs.gov/job/869146300
Assistant Section Chief - Natural Resources Section,"Offices, Boards and Divisions",Department of Justice,0905,2026-05-15T00:00:00.0000,2026-06-05T23:59:59.9970,[national environmental policy act],https://www.usajobs.gov/job/869136800
Assistant Section Chief - Wildlife and Marine Resources Section,"Offices, Boards and Divisions",Department of Justice,0905,2026-05-12T09:50:39.7730,2026-06-02T23:59:59.9970,[marine mammal protection act],https://www.usajobs.gov/job/868888200
Legal Administrative Specialist - Wildlife and Marine Resources Section,"Offices, Boards and Divisions",Department of Justice,0901,2026-06-08T12:27:59.0600,2026-06-22T23:59:59.9970,[marine mammal protection act],https://www.usajobs.gov/job/872135600
Legal Assistant (OA) - Wildlife and Marine Resources Section,"Offices, Boards and Divisions",Department of Justice,0986,2026-05-27T00:00:00.0000,2026-06-10T23:59:59.9970,[marine mammal protection act],https://www.usajobs.gov/job/870564100
Legal Assistant (OA) - Wildlife and Marine Resources Section,"Offices, Boards and Divisions",Department of Justice,0986,2026-05-27T00:00:00.0000,2026-06-10T23:59:59.9970,[marine mammal protection act],https://www.usajobs.gov/job/870564400
Legal Assistant (OA) Recent Graduate - Environmental Enforcement Section,"Offices, Boards and Divisions",Department of Justice,0986,2026-05-28T00:00:00.0000,2026-06-11T23:59:59.9970,"[clean water act, clean air act]",https://www.usajobs.gov/job/869719100
Paralegal Specialist - Environmental Defense Section,"Offices, Boards and Divisions",Department of Justice,0950,2026-05-29T00:00:00.0000,2026-06-26T23:59:59.9970,"[section 404, clean water act, clean air act]",https://www.usajobs.gov/job/870632200
Paralegal Specialist - Environmental Defense Section,"Offices, Boards and Divisions",Department of Justice,0950,2026-05-29T00:00:00.0000,2026-06-26T23:59:59.9970,"[section 404, clean water act, clean air act]",https://www.usajobs.gov/job/870632700
Trial Attorney - Environmental Crimes Section,"Offices, Boards and Divisions",Department of Justice,0905,2026-05-28T00:00:00.0000,2026-06-29T23:59:59.9970,"[clean water act, clean air act]",https://www.usajobs.gov/job/870602800
Trial Attorney - Environmental Defense Section,"Offices, Boards and Divisions",Department of Justice,0905,2026-07-08T07:58:41.5630,2026-08-05T23:59:59.9970,"[safe drinking water act, clean water act, clean air act]",https://www.usajobs.gov/job/875654400
Trial Attorney - Environmental Enforcement Section,"Offices, Boards and Divisions",Department of Justice,0905,2026-05-26T00:00:00.0000,2026-06-25T23:59:59.9970,"[clean water act, clean air act]",https://www.usajobs.gov/job/869710700
Trial Attorney - Wildlife and Marine Resources Section,"Offices, Boards and Divisions",Department of Justice,0905,2026-06-29T00:00:00.0000,2026-08-10T23:59:59.9970,[marine mammal protection act],https://www.usajobs.gov/job/874076100
Administrative Officer,Other Agencies and Independent Organizations,Other Agencies and Independent Organizations,0341,2026-02-25T00:00:00.0000,2026-03-09T23:59:59.9970,[marine mammal protection act],https://www.usajobs.gov/job/858513900
Attorney Advisor (General),Other Agencies and Independent Organizations,Other Agencies and Independent Organizations,0905,2026-01-21T00:00:00.0000,2026-01-26T23:59:59.9970,"[fast-41, environmental review, permitting]",https://www.usajobs.gov/job/854803100
Attorney-Adviser,Other Agencies and Independent Organizations,Other Agencies and Independent Organizations,0905,2026-02-23T15:26:03.2830,2026-03-02T23:59:59.9970,[clean air act],https://www.usajobs.gov/job/858606900
DEPUTY DIRECTOR,Other Agencies and Independent Organizations,Other Agencies and Independent Organizations,0301,2025-08-14T13:10:06.9430,2025-08-29T23:59:59.9970,"[national environmental policy act, nepa, environmental review]",https://www.usajobs.gov/job/843411100
Deputy Director for Policy,Other Agencies and Independent Organizations,Other Agencies and Independent Organizations,0340,2026-02-26T07:25:21.0800,2026-03-12T23:59:59.9970,[cercla],https://www.usajobs.gov/job/859013300
"Deputy Director, Office of Civil Enforcement",Other Agencies and Independent Organizations,Other Agencies and Independent Organizations,0905,2026-03-25T11:16:21.0530,2026-04-13T23:59:59.9970,"[rcra, safe drinking water act, clean water act, clean air act]",https://www.usajobs.gov/job/862500700
"Deputy Director, Office of Resource Conservation and Recovery",Other Agencies and Independent Organizations,Other Agencies and Independent Organizations,0340,2026-03-26T07:35:54.2030,2026-04-09T23:59:59.9970,"[clean air act, clean water act, rcra]",https://www.usajobs.gov/job/862637700
"Director, Air Quality Planning Division",Other Agencies and Independent Organizations,Other Agencies and Independent Organizations,0340,2026-03-06T12:58:11.7630,2026-03-23T23:59:59.9970,[clean air act],https://www.usajobs.gov/job/860205300
"Director, Air and Radiation Division",Other Agencies and Independent Organizations,Other Agencies and Independent Organizations,0340,2026-05-06T10:21:32.3200,2026-05-26T23:59:59.9970,[clean air act],https://www.usajobs.gov/job/868095500
"Director, Air and Radiation Division",Other Agencies and Independent Organizations,Other Agencies and Independent Organizations,0340,2026-01-27T07:18:33.6870,2026-02-10T23:59:59.9970,[clean air act],https://www.usajobs.gov/job/855533100
"Director, Enforcement and Compliance Assurance Division",Other Agencies and Independent Organizations,Other Agencies and Independent Organizations,0340,2026-02-25T07:20:12.8600,2026-03-12T23:59:59.9970,[environmental compliance],https://www.usajobs.gov/job/858835900
"Director, Federal Activities Division",Other Agencies and Independent Organizations,Other Agencies and Independent Organizations,0340,2026-03-16T07:34:03.1700,2026-03-30T23:59:59.9970,"[clean air act, permitting, nepa, national environmental policy act]",https://www.usajobs.gov/job/861224000
"Director, Natural Resources Division",Other Agencies and Independent Organizations,Other Agencies and Independent Organizations,0340,2026-04-13T10:50:42.8730,2026-04-27T23:59:59.9970,[clean air act],https://www.usajobs.gov/job/864905800
"Director, Office of Radiation and Indoor Air",Other Agencies and Independent Organizations,Other Agencies and Independent Organizations,0340,2026-02-17T14:18:09.6230,2026-03-05T23:59:59.9970,[clean air act],https://www.usajobs.gov/job/857902800
"Director, Permitting and Program Support Division",Other Agencies and Independent Organizations,Other Agencies and Independent Organizations,0340,2026-03-23T08:49:08.5300,2026-04-08T23:59:59.9970,"[clean air act, permitting]",https://www.usajobs.gov/job/862097600
"Director, Superfund and Emergency Management Division",Other Agencies and Independent Organizations,Other Agencies and Independent Organizations,0340,2026-02-19T11:47:04.2000,2026-03-08T23:59:59.9970,[clean air act],https://www.usajobs.gov/job/858206700
"Director, Water Division",Other Agencies and Independent Organizations,Other Agencies and Independent Organizations,0340,2026-01-28T07:13:55.6830,2026-02-11T23:59:59.9970,"[safe drinking water act, clean water act]",https://www.usajobs.gov/job/855690800
Ecosystem Restoration Programs Director,Other Agencies and Independent Organizations,Other Agencies and Independent Organizations,0401,2025-11-04T00:00:00.0000,2025-11-12T23:59:59.9970,[environmental compliance],https://www.usajobs.gov/job/849390500
Education Manager,Other Agencies and Independent Organizations,Other Agencies and Independent Organizations,1701,2026-04-23T08:47:35.8130,2026-05-07T23:59:59.9970,[permitting],https://www.usajobs.gov/job/866361300
Historic Preservation Specialist,Other Agencies and Independent Organizations,Other Agencies and Independent Organizations,1001,2026-04-09T00:00:00.0000,2026-04-22T23:59:59.9970,[permitting],https://www.usajobs.gov/job/864451700
Historic Preservation Specialist,Other Agencies and Independent Organizations,Other Agencies and Independent Organizations,1001,2026-04-09T00:00:00.0000,2026-04-22T23:59:59.9970,[permitting],https://www.usajobs.gov/job/864451100
Industry Office Chief,Other Agencies and Independent Organizations,Other Agencies and Independent Organizations,0510,2026-05-08T00:00:00.0000,2026-05-21T23:59:59.9970,[section 408],https://www.usajobs.gov/job/868336600
Industry Office Chief,Other Agencies and Independent Organizations,Other Agencies and Independent Organizations,0905,2026-05-08T00:00:00.0000,2026-05-21T23:59:59.9970,[section 408],https://www.usajobs.gov/job/868291900
Life Scientist/Environmental Engineer/Physical Scientist,Other Agencies and Independent Organizations,Other Agencies and Independent Organizations,0401 | 0819 | 1301,2026-05-04T08:39:43.7200,2026-05-11T23:59:59.9970,"[clean air act, permitting]",https://www.usajobs.gov/job/867695200
Life Scientist/Environmental Engineer/Physical Scientist,Other Agencies and Independent Organizations,Other Agencies and Independent Organizations,0401 | 0819 | 1301,2026-02-05T15:10:53.0770,2026-02-12T23:59:59.9970,[permitting],https://www.usajobs.gov/job/856707600
Life Scientist/Environmental Engineer/Physical Scientist (On-Scene Coordinator),Other Agencies and Independent Organizations,Other Agencies and Independent Organizations,0401 | 0819 | 1301,2026-04-09T00:00:00.0000,2026-04-15T23:59:59.9970,"[environmental assessment, clean water act, cercla]",https://www.usajobs.gov/job/864375100
Museum Specialist (Natural Science),Other Agencies and Independent Organizations,Other Agencies and Independent Organizations,1016,2026-03-26T00:00:00.0000,2026-04-09T23:59:59.9970,[permitting],https://www.usajobs.gov/job/862451700
Museum Specialist (Zoology),Other Agencies and Independent Organizations,Other Agencies and Independent Organizations,1016,2025-09-12T14:20:52.7200,2025-09-24T23:59:59.9970,[permitting],https://www.usajobs.gov/job/845866900
Physical Scientist / Biologist / Environmental Engineer,Other Agencies and Independent Organizations,Other Agencies and Independent Organizations,0401 | 0819 | 1301,2026-05-04T09:55:09.5270,2026-05-08T23:59:59.9970,[environmental compliance],https://www.usajobs.gov/job/867693300
Program Analyst,Other Agencies and Independent Organizations,Other Agencies and Independent Organizations,0343,2026-05-01T14:04:34.5230,2026-05-08T23:59:59.9970,[cercla],https://www.usajobs.gov/job/867620700
Program Manager  (Deputy Director),Other Agencies and Independent Organizations,Other Agencies and Independent Organizations,0340,2026-03-31T08:10:11.2500,2026-04-06T23:59:59.9970,[rcra],https://www.usajobs.gov/job/863194500
Program Manager  (Deputy Director),Other Agencies and Independent Organizations,Other Agencies and Independent Organizations,0340,2026-03-31T07:28:33.9700,2026-04-06T23:59:59.9970,"[safe drinking water act, clean water act]",https://www.usajobs.gov/job/863195400
SUPERVISORY ATTORNEY ADVISOR (DEPUTY DIRECTOR),Other Agencies and Independent Organizations,Other Agencies and Independent Organizations,0905,2025-08-14T13:04:13.3700,2025-08-29T23:59:59.9970,"[environmental review, nepa, national environmental policy act]",https://www.usajobs.gov/job/843409300
Senior Hydrologist (Open to Everyone),Other Agencies and Independent Organizations,Other Agencies and Independent Organizations,1315,2025-08-22T07:53:23.6930,2025-09-19T23:59:59.9970,[environmental review],https://www.usajobs.gov/job/844059400
Senior Infrastructure Project Advisor,Other Agencies and Independent Organizations,Other Agencies and Independent Organizations,0301,2025-10-16T00:00:00.0000,2025-10-20T23:59:59.9970,"[environmental review, fast-41, national environmental policy act, permit applications, clean water act, nepa, permitting]",https://www.usajobs.gov/job/848193500
Senior Infrastructure Project Advisor,Other Agencies and Independent Organizations,Other Agencies and Independent Organizations,0301,2025-10-16T18:21:19.4570,2025-10-21T23:59:59.9970,"[environmental review, fast-41, national environmental policy act, permit applications, clean water act, nepa, permitting]",https://www.usajobs.gov/job/848281600
Student Trainee (Auditor),Other Agencies and Independent Organizations,Other Agencies and Independent Organizations,0599,2026-04-14T11:16:34.1230,2026-04-20T23:59:59.9970,[permitting],https://www.usajobs.gov/job/865097400
Supervisory Attorney-Adviser,Other Agencies and Independent Organizations,Other Agencies and Independent Organizations,0905,2026-03-09T00:00:00.0000,2026-03-23T23:59:59.9970,[clean water act],https://www.usajobs.gov/job/860450100
Supervisory Biologist/Environmental Engineer/Physical Scientist,Other Agencies and Independent Organizations,Other Agencies and Independent Organizations,1301 | 0401 | 0819,2026-04-09T09:18:03.8870,2026-04-17T23:59:59.9970,[clean water act],https://www.usajobs.gov/job/864517100
Supervisory Biologist/Environmental Engineer/Physical Scientist,Other Agencies and Independent Organizations,Other Agencies and Independent Organizations,1301 | 0819 | 0401,2026-03-10T00:00:00.0000,2026-03-17T23:59:59.9970,[environmental assessment],https://www.usajobs.gov/job/860399200
Supervisory Life Scientist/Environmental Engineer/Physical Scientist,Other Agencies and Independent Organizations,Other Agencies and Independent Organizations,0401 | 0819 | 1301,2026-02-27T12:17:43.1030,2026-03-04T23:59:59.9970,"[national environmental policy act, nepa, environmental review]",https://www.usajobs.gov/job/859246000
Supervisory Life Scientist/Environmental Engineer/Physical Scientist,Other Agencies and Independent Organizations,Other Agencies and Independent Organizations,0401 | 0819 | 1301,2026-03-11T13:57:36.0570,2026-03-16T23:59:59.9970,[environmental compliance],https://www.usajobs.gov/job/860769800
Supervisory Life Scientist/Environmental Engineer/Physical Scientist,Other Agencies and Independent Organizations,Other Agencies and Independent Organizations,0401 | 0819 | 1301,2026-02-27T14:57:53.2600,2026-03-04T23:59:59.9970,[cercla],https://www.usajobs.gov/job/859343700
Supervisory Life Scientist/Environmental Engineer/Physical Scientist,Other Agencies and Independent Organizations,Other Agencies and Independent Organizations,0401 | 0819 | 1301,2026-05-01T13:47:01.1700,2026-05-08T23:59:59.9970,[cercla],https://www.usajobs.gov/job/867614800
Supervisory Life Scientist/Environmental Engineer/Physical Scientist,Other Agencies and Independent Organizations,Other Agencies and Independent Organizations,0401 | 0819 | 1301,2026-05-01T16:24:57.4570,2026-05-08T23:59:59.9970,[clean air act],https://www.usajobs.gov/job/867661600
Supervisory Life Scientist/Environmental Engineer/Physical Scientist (Branch Manager),Other Agencies and Independent Organizations,Other Agencies and Independent Organizations,0401 | 0819 | 1301,2026-04-08T00:00:00.0000,2026-04-13T23:59:59.9970,"[safe drinking water act, permitting, clean air act, clean water act]",https://www.usajobs.gov/job/864190000
Supervisory Life Scientist/Environmental Engineer/Physical Scientist (Branch Supervisor),Other Agencies and Independent Organizations,Other Agencies and Independent Organizations,0401 | 0819 | 1301,2026-04-13T00:00:00.0000,2026-04-17T23:59:59.9970,[clean water act],https://www.usajobs.gov/job/864720000
Supervisory Life Scientist/EnvironmentalEngineer/Physical Scientist,Other Agencies and Independent Organizations,Other Agencies and Independent Organizations,0401 | 0819 | 1301,2026-02-25T00:00:00.0000,2026-03-01T23:59:59.9970,[cercla],https://www.usajobs.gov/job/858781000
RANGE OPERATIONS SPECIALIST,Pacific Air Forces,Department of the Air Force,0301,2026-05-15T00:00:00.0000,2026-05-22T23:59:59.9970,[national environmental policy act],https://www.usajobs.gov/job/869310000
SHEET METAL MECHANIC (AIRCRAFT/PAINTER),Pacific Air Forces,Department of the Air Force,3806,2026-06-03T10:09:48.5930,2026-06-10T23:59:59.9970,[environmental compliance],https://www.usajobs.gov/job/871529700
Director Workforce Strategy and Design Management Division,Patent and Trademark Office,Department of Commerce,0342,2026-06-10T08:59:36.1370,2026-06-22T23:59:59.9970,[environmental compliance],https://www.usajobs.gov/job/872475400
"Director, Workforce Strategy and Design Management Division",Patent and Trademark Office,Department of Commerce,0342,2026-06-10T08:55:49.2030,2026-06-22T23:59:59.9970,[environmental compliance],https://www.usajobs.gov/job/872474600
Transportation Specialist (Team Lead) - SME,Pipeline and Hazardous Materials Safety Administration,Department of Transportation,2101,2026-07-01T13:21:10.3730,2026-07-14T23:59:59.9970,[permit applications],https://www.usajobs.gov/job/875073700
Realty Specialist (Site Acquisition),Public Buildings Service,General Services Administration,1170,2026-07-07T00:00:00.0000,2026-07-20T23:59:59.9970,[national environmental policy act],https://www.usajobs.gov/job/875430100
"Parking Operations Specialist #5541",Senate,Legislative Branch,2101,2026-06-02T18:00:37.1230,2026-06-16T23:59:59.9970,[permit issuance],https://www.usajobs.gov/job/871476300
Supervisory Facility Operations Specialist,Smithsonian Institution ,Other Agencies and Independent Organizations,1640,2026-07-08T00:00:00.0000,2026-07-22T23:59:59.9970,"[clean air act, environmental compliance]",https://www.usajobs.gov/job/875561500
Supervisory Facility Operations Specialist,Smithsonian Institution ,Other Agencies and Independent Organizations,1640,2026-07-08T00:00:00.0000,2026-07-22T23:59:59.9970,"[clean air act, environmental compliance]",https://www.usajobs.gov/job/875562900
BASE RECYCLE CENTER CLERK,"U.S. Air Forces, Europe",Department of the Air Force,0303,2026-06-12T00:00:00.0000,2026-06-18T23:59:59.9970,[environmental compliance],https://www.usajobs.gov/job/872516900
Environmental Engineer,U.S. Army Communications Electronics Command,Department of the Army,0819,2026-06-18T00:00:00.0000,2026-06-22T23:59:59.9970,"[clean water act, clean air act]",https://www.usajobs.gov/job/873396000
Archologist/Biologist/Ecologist/General/Environmental Eng/Physical Scientist/Geologist/Oceanographer,U.S. Army Corps of Engineers,Department of the Army,0193 | 0401 | 0408 | 0801 | 0819 | 1301 | 1350 | 1360,2026-07-16T07:48:39.8170,2026-07-30T23:59:59.9970,[permit applications],https://www.usajobs.gov/job/876755600
Attorney-Advisor (Contract),U.S. Army Corps of Engineers,Department of the Army,0905,2026-05-12T12:22:52.1630,2026-05-26T23:59:59.9970,"[national environmental policy act, cercla, clean water act]",https://www.usajobs.gov/job/868937100
Attorney-Advisor (General),U.S. Army Corps of Engineers,Department of the Army,0905,2026-06-05T00:00:00.0000,2026-06-18T23:59:59.9970,[clean water act],https://www.usajobs.gov/job/871722900
Biologist,U.S. Army Corps of Engineers,Department of the Army,0401,2026-06-19T00:00:00.0000,2026-06-29T23:59:59.9970,"[rivers and harbors act, clean water act, nepa, national environmental policy act]",https://www.usajobs.gov/job/873555800
Building Management Specialist,U.S. Army Corps of Engineers,Department of the Army,1176,2026-05-15T00:00:00.0000,2026-05-25T23:59:59.9970,[environmental compliance],https://www.usajobs.gov/job/869184200
Civil Engineer,U.S. Army Corps of Engineers,Department of the Army,0810,2026-07-13T15:14:26.1430,2026-07-27T23:59:59.9970,"[nepa, national environmental policy act]",https://www.usajobs.gov/job/876322800
Civil Engineer,U.S. Army Corps of Engineers,Department of the Army,0810,2026-05-21T00:00:00.0000,2026-06-08T23:59:59.9970,[permit applications],https://www.usajobs.gov/job/870118400
Facilities Specialist,U.S. Army Corps of Engineers,Department of the Army,1601,2026-07-09T00:00:00.0000,2026-07-23T23:59:59.9970,[environmental compliance],https://www.usajobs.gov/job/875705200
GENERAL ATTORNEY (LABOR),U.S. Army Corps of Engineers,Department of the Army,0905,2026-07-07T12:19:12.3470,2026-07-21T23:59:59.9970,[permitting],https://www.usajobs.gov/job/875546600
General Attorney,U.S. Army Corps of Engineers,Department of the Army,0905,2026-06-05T00:00:00.0000,2026-06-18T23:59:59.9970,[clean water act],https://www.usajobs.gov/job/871719700
INTERDISCIPLINARY,U.S. Army Corps of Engineers,Department of the Army,0020 | 0150 | 0401 | 0408 | 0810 | 1315,2026-07-29T00:00:00.0000,2026-08-03T23:59:59.9970,"[environmental compliance, clean water act, clean air act, nepa, national environmental policy act]",https://www.usajobs.gov/job/878327900
Interdisciplinary,U.S. Army Corps of Engineers,Department of the Army,0193 | 0401 | 0801 | 0819 | 1301 | 1350 | 1360,2026-06-08T00:00:00.0000,2026-06-10T23:59:59.9970,"[section 404, clean water act, rivers and harbors act, permit applications]",https://www.usajobs.gov/job/871568100
Interdisciplinary,U.S. Army Corps of Engineers,Department of the Army,0150 | 0401 | 0819 | 1301,2026-05-11T00:00:00.0000,2026-05-26T23:59:59.9970,"[clean water act, rivers and harbors act]",https://www.usajobs.gov/job/869318900
Interdisciplinary (Biologist/General Engineer/Physical Scientist/Geologist),U.S. Army Corps of Engineers,Department of the Army,0401 | 0801 | 1301 | 1350,2026-06-10T08:15:33.1170,2026-06-24T23:59:59.9970,"[rcra, cercla]",https://www.usajobs.gov/job/872463700
LEAD INTERDISCIPLINARY,U.S. Army Corps of Engineers,Department of the Army,0401 | 0486 | 0810 | 0819 | 1301 | 1315,2026-07-22T00:00:00.0000,2026-08-04T23:59:59.9970,"[national environmental policy act, nepa, clean water act]",https://www.usajobs.gov/job/877084700
LEAD INTERDISCIPLINARY,U.S. Army Corps of Engineers,Department of the Army,0401 | 0486 | 0810 | 0819 | 1301 | 1315,2026-07-22T00:00:00.0000,2026-08-04T23:59:59.9970,"[national environmental policy act, nepa, clean water act]",https://www.usajobs.gov/job/877072900
LOCK AND DAM OPERATOR,U.S. Army Corps of Engineers,Department of the Army,5426,2026-06-24T00:00:00.0000,2026-07-10T23:59:59.9970,[right-of-way],https://www.usajobs.gov/job/873949900
LOCK AND DAM OPERATOR,U.S. Army Corps of Engineers,Department of the Army,5426,2026-06-24T00:00:00.0000,2026-07-06T23:59:59.9970,[right-of-way],https://www.usajobs.gov/job/873801200
LOCK AND DAM OPERATOR,U.S. Army Corps of Engineers,Department of the Army,5426,2026-07-30T00:00:00.0000,2026-08-13T23:59:59.9970,[right-of-way],https://www.usajobs.gov/job/878433900
Lead Environmental Protection Specialist,U.S. Army Corps of Engineers,Department of the Army,0028,2026-06-22T16:45:43.1530,2026-07-01T23:59:59.9970,[environmental compliance],https://www.usajobs.gov/job/873885900
Lock and Dam Operator,U.S. Army Corps of Engineers,Department of the Army,5426,2026-05-15T00:00:00.0000,2026-05-20T23:59:59.9970,[right-of-way],https://www.usajobs.gov/job/869118000
Lock and Dam Operator,U.S. Army Corps of Engineers,Department of the Army,5426,2026-05-26T11:32:04.7530,2026-06-09T23:59:59.9970,[right-of-way],https://www.usajobs.gov/job/870551600
MARINE TRAFFIC CONTROLLER,U.S. Army Corps of Engineers,Department of the Army,2101,2026-05-18T16:17:50.3230,2026-06-01T23:59:59.9970,[permitting],https://www.usajobs.gov/job/869789300
NATURAL RESOURCES SPECIALIST (RANGER),U.S. Army Corps of Engineers,Department of the Army,0401,2026-05-18T08:50:34.9370,2026-05-27T23:59:59.9970,[environmental compliance],https://www.usajobs.gov/job/869671100
Natural Resources Specialist,U.S. Army Corps of Engineers,Department of the Army,0401,2026-06-22T00:00:00.0000,2026-06-29T23:59:59.9970,"[section 404, clean water act, nepa, national environmental policy act]",https://www.usajobs.gov/job/873557600
Natural Resources Specialist,U.S. Army Corps of Engineers,Department of the Army,0401,2026-07-10T00:00:00.0000,2026-07-16T23:59:59.9970,"[section 404, clean water act, nepa, national environmental policy act]",https://www.usajobs.gov/job/875774700
Paralegal Specialist,U.S. Army Corps of Engineers,Department of the Army,0950,2026-06-17T08:28:27.7770,2026-07-01T23:59:59.9970,[environmental compliance],https://www.usajobs.gov/job/873384100
Realty Specialist,U.S. Army Corps of Engineers,Department of the Army,1170,2026-05-27T00:00:00.0000,2026-05-29T23:59:59.9970,"[rights-of-way, licenses and permits]",https://www.usajobs.gov/job/870577900
Realty Specialist,U.S. Army Corps of Engineers,Department of the Army,1170,2026-07-24T08:50:14.1030,2026-08-03T23:59:59.9970,[rights-of-way],https://www.usajobs.gov/job/877884200
Realty Specialist,U.S. Army Corps of Engineers,Department of the Army,1170,2026-07-20T00:00:00.0000,2026-07-29T23:59:59.9970,[right-of-way],https://www.usajobs.gov/job/877044200
Realty Specialist,U.S. Army Corps of Engineers,Department of the Army,1170,2026-07-17T12:17:56.8730,2026-07-27T23:59:59.9970,[right-of-way],https://www.usajobs.gov/job/877045200
Supervisory Interdisciplinary,U.S. Army Corps of Engineers,Department of the Army,0020 | 0110 | 0193 | 0401 | 0801 | 0807,2026-05-16T00:00:00.0000,2026-05-29T23:59:59.9970,[national environmental policy act],https://www.usajobs.gov/job/869584600
Supervisory Interdisciplinary (Comm Plan/Arc/Bio/Eco/For/Fish Bio/Wild Bio),U.S. Army Corps of Engineers,Department of the Army,0020 | 0193 | 0401 | 0408 | 0460 | 0482 | 0486,2026-05-21T00:00:00.0000,2026-06-04T23:59:59.9970,[environmental compliance],https://www.usajobs.gov/job/869561800
Supervisory Natural Resource Specialist,U.S. Army Corps of Engineers,Department of the Army,0401,2026-06-11T17:09:29.6700,2026-06-25T23:59:59.9970,[environmental compliance],https://www.usajobs.gov/job/872820000
Supervisory Natural Resource Specialist,U.S. Army Corps of Engineers,Department of the Army,0401,2026-06-11T17:12:30.9230,2026-06-25T23:59:59.9970,[environmental compliance],https://www.usajobs.gov/job/872820500
Supervisory Natural Resources Management Specialist,U.S. Army Corps of Engineers,Department of the Army,0401,2026-07-21T00:00:00.0000,2026-08-03T23:59:59.9970,[environmental compliance],https://www.usajobs.gov/job/877277700
Technical Writer-Editor,U.S. Army Corps of Engineers,Department of the Army,1083,2026-07-08T12:23:10.1030,2026-07-14T23:59:59.9970,[cercla],https://www.usajobs.gov/job/875726000
Supervisory Chemist,U.S. Army Medical Command,Department of the Army,1320,2026-05-28T00:00:00.0000,2026-06-05T23:59:59.9970,[environmental compliance],https://www.usajobs.gov/job/870985400
Supervisory Facility Operations Specialist,U.S. Army Test and Evaluation Command,Department of the Army,1640,2026-07-28T00:00:00.0000,2026-07-30T23:59:59.9970,[environmental compliance],https://www.usajobs.gov/job/877906100
Airfield Operations Manager,U.S. Coast Guard,Department of Homeland Security,2150,2026-07-14T00:00:00.0000,2026-07-24T23:59:59.9970,[environmental compliance],https://www.usajobs.gov/job/876339300
Culteral Resources Management Specialist,U.S. Coast Guard,Department of Homeland Security,0301,2026-05-27T00:00:00.0000,2026-06-08T23:59:59.9970,[environmental compliance],https://www.usajobs.gov/job/870408400
Environmental Engineer,U.S. Coast Guard,Department of Homeland Security,0819,2026-06-10T11:00:03.1730,2026-06-20T23:59:59.9970,"[rcra, cercla, nepa]",https://www.usajobs.gov/job/872507800
Environmental Engineer,U.S. Coast Guard,Department of Homeland Security,0819,2026-06-10T11:01:15.1500,2026-06-20T23:59:59.9970,"[rcra, cercla, nepa]",https://www.usajobs.gov/job/872501100
Environmental Engineer,U.S. Coast Guard,Department of Homeland Security,0819,2026-06-02T13:11:54.9370,2026-06-11T23:59:59.9970,[nepa],https://www.usajobs.gov/job/871390900
Environmental Engineer,U.S. Coast Guard,Department of Homeland Security,0819,2026-06-02T13:11:23.3330,2026-06-11T23:59:59.9970,[nepa],https://www.usajobs.gov/job/871402600
Environmental Engineer,U.S. Coast Guard,Department of Homeland Security,0819,2026-05-27T00:00:00.0000,2026-06-06T23:59:59.9970,[environmental compliance],https://www.usajobs.gov/job/870404000
Environmental Management Specialist,U.S. Coast Guard,Department of Homeland Security,1301,2026-07-17T08:01:41.5330,2026-07-27T23:59:59.9970,"[national environmental policy act, environmental compliance, nepa]",https://www.usajobs.gov/job/876960000
Environmental Protection Specialist,U.S. Coast Guard,Department of Homeland Security,0028,2026-05-20T14:47:50.4830,2026-05-30T23:59:59.9970,"[rcra, nepa, environmental compliance]",https://www.usajobs.gov/job/870127600
Environmental Protection Specialist,U.S. Coast Guard,Department of Homeland Security,0028,2026-05-26T11:47:54.9400,2026-05-31T23:59:59.9970,"[rcra, nepa, environmental compliance]",https://www.usajobs.gov/job/870556500
Environmental Protection Specialist,U.S. Coast Guard,Department of Homeland Security,0028,2026-05-20T00:00:00.0000,2026-06-01T23:59:59.9970,"[environmental compliance, nepa, national environmental policy act]",https://www.usajobs.gov/job/869965300
Interdisciplinary Environmental Engineer/Scientist,U.S. Coast Guard,Department of Homeland Security,0401 | 0819 | 1301,2026-05-29T15:29:26.5370,2026-06-08T23:59:59.9970,"[environmental compliance, nepa]",https://www.usajobs.gov/job/871118100
Interdisciplinary Environmental Engineer/Scientist,U.S. Coast Guard,Department of Homeland Security,0401 | 1301,2026-05-29T15:34:03.4070,2026-06-08T23:59:59.9970,"[environmental compliance, nepa]",https://www.usajobs.gov/job/871119300
Interdisciplinary Environmental Engineer/Scientist,U.S. Coast Guard,Department of Homeland Security,0401 | 0819 | 1301,2026-05-29T15:32:20.2170,2026-06-08T23:59:59.9970,"[environmental compliance, nepa]",https://www.usajobs.gov/job/871118800
Interdisciplinary Environmental Management Specialist,U.S. Coast Guard,Department of Homeland Security,0819,2026-07-17T00:00:00.0000,2026-07-27T23:59:59.9970,"[national environmental policy act, environmental compliance, nepa]",https://www.usajobs.gov/job/876945800
Interdisciplinary Environmental Management Specialist,U.S. Coast Guard,Department of Homeland Security,0819,2026-07-17T00:00:00.0000,2026-07-27T23:59:59.9970,"[national environmental policy act, environmental compliance, nepa]",https://www.usajobs.gov/job/876898800
Interdisciplinary Environmental Management Specialist,U.S. Coast Guard,Department of Homeland Security,0401,2026-07-17T00:00:00.0000,2026-07-27T23:59:59.9970,"[national environmental policy act, environmental compliance, nepa]",https://www.usajobs.gov/job/876945200
Interdisciplinary Historic Cultural Resources Management Specialist,U.S. Coast Guard,Department of Homeland Security,0193,2026-07-06T13:56:46.1370,2026-07-21T23:59:59.9970,"[national environmental policy act, nepa]",https://www.usajobs.gov/job/875412200
Interdisciplinary Historic Cultural Resources Management Specialist,U.S. Coast Guard,Department of Homeland Security,0808,2026-07-06T13:59:31.8000,2026-07-21T23:59:59.9970,"[national environmental policy act, nepa]",https://www.usajobs.gov/job/875413000
Interdisciplinary Historic Cultural Resources Management Specialist,U.S. Coast Guard,Department of Homeland Security,0193,2026-07-06T13:55:53.7230,2026-07-21T23:59:59.9970,"[national environmental policy act, nepa]",https://www.usajobs.gov/job/875420600
Interdisciplinary Historic Cultural Resources Management Specialist,U.S. Coast Guard,Department of Homeland Security,0808,2026-07-06T13:58:54.1770,2026-07-21T23:59:59.9970,"[national environmental policy act, nepa]",https://www.usajobs.gov/job/875421300
Interdisciplinary Historic Cultural Resources Management Specialist,U.S. Coast Guard,Department of Homeland Security,0170,2026-07-06T13:38:38.8430,2026-07-21T23:59:59.9970,"[national environmental policy act, nepa]",https://www.usajobs.gov/job/875417600
Interdisciplinary Historic Cultural Resources Management Specialist,U.S. Coast Guard,Department of Homeland Security,0170,2026-07-06T13:40:20.8930,2026-07-21T23:59:59.9970,"[national environmental policy act, nepa]",https://www.usajobs.gov/job/875411500
Lead Environmental Protection Specialist,U.S. Coast Guard,Department of Homeland Security,0028,2026-05-20T00:00:00.0000,2026-06-01T23:59:59.9970,"[environmental compliance, nepa]",https://www.usajobs.gov/job/869897000
Program Specialist (Environmental Response Team),U.S. Coast Guard,Department of Homeland Security,0301,2026-06-24T00:00:00.0000,2026-07-06T23:59:59.9970,"[rcra, clean air act, clean water act]",https://www.usajobs.gov/job/874291000
Program Specialist (Environmental Response Team),U.S. Coast Guard,Department of Homeland Security,0301,2026-06-24T15:24:05.7500,2026-07-06T23:59:59.9970,"[rcra, clean air act, clean water act]",https://www.usajobs.gov/job/874232800
Realty Specialist,U.S. Coast Guard,Department of Homeland Security,1170,2026-05-12T13:15:25.9130,2026-06-01T23:59:59.9970,[rights-of-way],https://www.usajobs.gov/job/868954600
Realty Specialist,U.S. Coast Guard,Department of Homeland Security,1170,2026-07-21T14:33:14.5430,2026-07-28T23:59:59.9970,[rights-of-way],https://www.usajobs.gov/job/877426000
Supervisory Environmental Engineer,U.S. Coast Guard,Department of Homeland Security,0819,2026-07-22T09:55:47.7300,2026-08-04T23:59:59.9970,[environmental compliance],https://www.usajobs.gov/job/877527400
Supervisory Environmental Engineer,U.S. Coast Guard,Department of Homeland Security,0819,2026-07-13T08:05:22.7830,2026-07-22T23:59:59.9970,[environmental compliance],https://www.usajobs.gov/job/876222900
Supervisory Natural Resources Management Specialist,U.S. Coast Guard,Department of Homeland Security,0401,2026-07-22T09:51:26.4430,2026-08-04T23:59:59.9970,[environmental compliance],https://www.usajobs.gov/job/877526200
Supervisory Physical Scientist,U.S. Coast Guard,Department of Homeland Security,1301,2026-07-22T09:46:30.7230,2026-08-04T23:59:59.9970,[environmental compliance],https://www.usajobs.gov/job/877523800
Legal Advisor,U.S. Courts,Judicial Branch,0901,2026-06-08T00:00:00.0000,2027-06-07T23:59:59.9970,[permitting],https://www.usajobs.gov/job/873378400
Biologist,U.S. Fish and Wildlife Service,Department of the Interior,0401,2026-07-15T00:00:00.0000,2026-07-28T23:59:59.9970,"[section 7 consultation, environmental assessment]",https://www.usajobs.gov/job/876433900
Conservation Planner,U.S. Fish and Wildlife Service,Department of the Interior,0401,2026-07-20T18:44:58.7930,2026-07-31T23:59:59.9970,"[nepa, national environmental policy act]",https://www.usajobs.gov/job/877295100
Engineering Equipment Operator,U.S. Fish and Wildlife Service,Department of the Interior,5716,2026-07-17T13:14:11.8930,2026-08-03T23:59:59.9970,[environmental compliance],https://www.usajobs.gov/job/877049100
FISH AND WILDLIFE BIOLOGIST,U.S. Fish and Wildlife Service,Department of the Interior,0401,2026-06-02T09:59:28.1470,2026-06-09T23:59:59.9970,"[clean water act, nepa, cercla, national environmental policy act, environmental assessment]",https://www.usajobs.gov/job/871349200
Fish and Wildlife Biologist,U.S. Fish and Wildlife Service,Department of the Interior,0401,2026-07-29T11:08:22.5300,2026-08-19T23:59:59.9970,[environmental compliance],https://www.usajobs.gov/job/878433800
Fish and Wildlife Biologist,U.S. Fish and Wildlife Service,Department of the Interior,0401,2026-07-29T16:56:56.0200,2026-08-13T23:59:59.9970,"[permit applications, clean water act, national environmental policy act, environmental assessment]",https://www.usajobs.gov/job/878538400
Wildlife Refuge Manager,U.S. Fish and Wildlife Service,Department of the Interior,0485,2026-07-07T00:00:00.0000,2026-07-20T23:59:59.9970,"[nepa, national environmental policy act]",https://www.usajobs.gov/job/875417900
Wildlife Refuge Specialist,U.S. Fish and Wildlife Service,Department of the Interior,0485,2026-07-15T00:00:00.0000,2026-07-29T23:59:59.9970,"[nepa, national environmental policy act, environmental compliance]",https://www.usajobs.gov/job/876466300
Wildlife Refuge Specialist,U.S. Fish and Wildlife Service,Department of the Interior,0485,2026-07-01T00:00:00.0000,2026-07-15T23:59:59.9970,"[nepa, national environmental policy act]",https://www.usajobs.gov/job/874877900
ENVIRONMENTAL COMPLIANCE INSPECTOR,U.S. Marine Corps,Department of the Navy,1801,2026-06-18T17:28:22.6570,2026-09-16T23:59:59.9970,"[clean water act, clean air act, rcra, environmental compliance]",https://www.usajobs.gov/job/873736500
ENVIRONMENTAL COMPLIANCE INSPECTOR,U.S. Marine Corps,Department of the Navy,1801,2026-06-04T00:00:00.0000,2026-06-09T23:59:59.9970,"[clean water act, clean air act, rcra, environmental compliance]",https://www.usajobs.gov/job/871542000
ENVIRONMENTAL COMPLIANCE MANAGER,U.S. Marine Corps,Department of the Navy,1301,2026-07-16T14:51:25.9730,2026-10-06T23:59:59.9970,[environmental compliance],https://www.usajobs.gov/job/876883700
ENVIRONMENTAL ENGINEER,U.S. Marine Corps,Department of the Navy,0819,2026-07-16T00:00:00.0000,2026-07-21T23:59:59.9970,[environmental compliance],https://www.usajobs.gov/job/876703900
ENVIRONMENTAL PROTECTION ASSISTANT,U.S. Marine Corps,Department of the Navy,0029,2026-07-21T00:00:00.0000,2026-07-27T23:59:59.9970,[environmental compliance],https://www.usajobs.gov/job/877284700
ENVIRONMENTAL PROTECTION SPECIALIST,U.S. Marine Corps,Department of the Navy,0028,2026-06-22T00:00:00.0000,2026-06-29T23:59:59.9970,"[environmental assessment, environmental compliance]",https://www.usajobs.gov/job/873596700
ENVIRONMENTAL PROTECTION SPECIALIST,U.S. Marine Corps,Department of the Navy,0028,2026-06-12T00:00:00.0000,2026-06-18T23:59:59.9970,[environmental compliance],https://www.usajobs.gov/job/872813900
ENVIRONMENTAL PROTECTION SPECIALIST,U.S. Marine Corps,Department of the Navy,0028,2026-05-13T11:15:40.1900,2026-05-18T23:59:59.9970,"[environmental assessment, environmental compliance, safe drinking water act, clean water act]",https://www.usajobs.gov/job/869106500
ENVIRONMENTAL PROTECTION SPECIALIST,U.S. Marine Corps,Department of the Navy,0028,2026-06-16T00:00:00.0000,2026-06-22T23:59:59.9970,"[permitting, environmental compliance]",https://www.usajobs.gov/job/873145300
ENVIRONMENTAL PROTECTION SPECIALIST,U.S. Marine Corps,Department of the Navy,0028,2026-06-16T00:00:00.0000,2026-06-22T23:59:59.9970,"[permit applications, environmental compliance]",https://www.usajobs.gov/job/873145800
ENVIRONMENTAL PROTECTION SPECIALIST,U.S. Marine Corps,Department of the Navy,0028,2026-06-05T00:00:00.0000,2026-06-10T23:59:59.9970,[rcra],https://www.usajobs.gov/job/871812700
NATURAL RESOURCES SPECIALIST,U.S. Marine Corps,Department of the Navy,0401,2026-05-13T00:00:00.0000,2026-05-18T23:59:59.9970,"[environmental compliance, nepa, national environmental policy act]",https://www.usajobs.gov/job/869026600
SUPERVISORY COMMUNITY PLANNER,U.S. Marine Corps,Department of the Navy,0020,2026-06-18T00:00:00.0000,2026-06-22T23:59:59.9970,[national environmental policy act],https://www.usajobs.gov/job/873503500
SUPERVISORY ENVIRONMENT ENGINEER (REGULATORY COMPLIANCE),U.S. Marine Corps,Department of the Navy,0819,2026-07-16T00:00:00.0000,2026-07-21T23:59:59.9970,[environmental compliance],https://www.usajobs.gov/job/876566700
SUPERVISORY ENVIRONMENTAL PROTECTION SPECIALIST,U.S. Marine Corps,Department of the Navy,0028,2026-06-15T11:42:29.3430,2026-06-22T23:59:59.9970,[environmental compliance],https://www.usajobs.gov/job/873069200
SUPERVISORY NATURAL RESOURCES SPECIALIST,U.S. Marine Corps,Department of the Navy,0401,2026-07-02T00:00:00.0000,2026-07-06T23:59:59.9970,"[environmental compliance, safe drinking water act, clean air act, national environmental policy act]",https://www.usajobs.gov/job/875129300
WASTEWATER TREATMENT PLANT OPERATOR,U.S. Marine Corps,Department of the Navy,5408,2026-06-30T00:00:00.0000,2026-07-06T23:59:59.9970,[npdes],https://www.usajobs.gov/job/874770000
WATER TREATMENT PLANT OPERATOR,U.S. Marine Corps,Department of the Navy,5409,2026-06-10T00:00:00.0000,2026-06-19T23:59:59.9970,[safe drinking water act],https://www.usajobs.gov/job/872430300
Environmental Protection Specialist,U.S. Mint,Department of the Treasury,0028,2026-05-26T00:00:00.0000,2026-06-08T23:59:59.9970,[environmental compliance],https://www.usajobs.gov/job/870647800
Environmental Protection Specialist,U.S. Mint,Department of the Treasury,0028,2026-05-28T00:00:00.0000,2026-06-10T23:59:59.9970,[environmental compliance],https://www.usajobs.gov/job/870647000
General Maintenance Supervisor,U.S. Mint,Department of the Treasury,1601,2026-05-26T13:59:25.3430,2026-06-09T23:59:59.9970,[environmental compliance],https://www.usajobs.gov/job/870586200
ASSISTANT PROJECT SUPERINTENDENT,U.S. Pacific Fleet,Department of the Navy,1601,2026-07-16T00:00:00.0000,2026-07-27T23:59:59.9970,[environmental compliance],https://www.usajobs.gov/job/876542300
ENVIRONMENTAL ENGINEER,U.S. Pacific Fleet,Department of the Navy,0819,2026-06-23T00:00:00.0000,2026-07-02T23:59:59.9970,[rcra],https://www.usajobs.gov/job/873831800
SAFETY & OCCUPATIONAL HEALTH MANAGER,U.S. Pacific Fleet,Department of the Navy,0018,2026-06-15T00:00:00.0000,2026-06-29T23:59:59.9970,[environmental compliance],https://www.usajobs.gov/job/872711400
Archeologist,US Army Civilian Human Resources Agency,Department of the Army,0193,2026-05-14T00:00:00.0000,2026-05-28T23:59:59.9970,[national environmental policy act],https://www.usajobs.gov/job/868700200
Archeologist,US Army Civilian Human Resources Agency,Department of the Army,0193,2026-05-22T00:00:00.0000,2026-06-01T23:59:59.9970,[national environmental policy act],https://www.usajobs.gov/job/869847600
Biologist,US Army Civilian Human Resources Agency,Department of the Army,0401,2026-05-29T00:00:00.0000,2026-06-12T23:59:59.9970,"[nepa, national environmental policy act]",https://www.usajobs.gov/job/870680700
Air Conditioning Equipment Mechanic,United States Army Installation Management Command,Department of the Army,5306,2026-06-29T00:00:00.0000,2026-07-13T23:59:59.9970,[clean air act],https://www.usajobs.gov/job/874404000
Archeologist,United States Army Installation Management Command,Department of the Army,0193,2026-07-14T00:00:00.0000,2026-08-17T23:59:59.9970,[environmental compliance],https://www.usajobs.gov/job/875854900
Environmental Protection Specialist,United States Army Installation Management Command,Department of the Army,0028,2026-06-10T06:59:13.2630,2026-06-24T23:59:59.9970,[environmental compliance],https://www.usajobs.gov/job/872452900
Heating and Air Conditioning Equipment Mechanic,United States Army Installation Management Command,Department of the Army,5301,2026-05-20T00:00:00.0000,2026-06-03T23:59:59.9970,[clean air act],https://www.usajobs.gov/job/869986100
Interdisciplinary,United States Army Installation Management Command,Department of the Army,0193 | 0401 | 0801 | 0819 | 1301,2026-06-22T09:54:37.9230,2026-07-02T23:59:59.9970,[environmental compliance],https://www.usajobs.gov/job/873783000
Interdisciplinary,United States Army Installation Management Command,Department of the Army,0020 | 0808,2026-05-27T00:00:00.0000,2026-06-01T23:59:59.9970,"[nepa, national environmental policy act, environmental compliance]",https://www.usajobs.gov/job/870512000
Interdisciplinary Civil Environmental Ecologist Chemist Geologist Physical Scientist,United States Army Installation Management Command,Department of the Army,0401 | 0408 | 0810 | 0819 | 1301 | 1320 | 1350,2026-06-25T10:09:27.4130,2026-07-09T23:59:59.9970,"[permit applications, environmental compliance]",https://www.usajobs.gov/job/874319600
Lead Interdisciplinary,United States Army Installation Management Command,Department of the Army,0401 | 0819 | 1301,2026-07-14T00:00:00.0000,2026-07-23T23:59:59.9970,"[environmental compliance, clean air act]",https://www.usajobs.gov/job/876312300
Maintenance Mechanic,United States Army Installation Management Command,Department of the Army,4749,2026-07-27T00:00:00.0000,2026-08-11T23:59:59.9970,[clean air act],https://www.usajobs.gov/job/877842800
Physical Scientist,United States Army Installation Management Command,Department of the Army,1301,2026-06-26T00:00:00.0000,2026-07-09T23:59:59.9970,[environmental compliance],https://www.usajobs.gov/job/874454900
Supervisory Biologist (Interdisciplinary),United States Army Installation Management Command,Department of the Army,0401 | 0819 | 1301,2026-06-17T00:00:00.0000,2026-06-22T23:59:59.9970,"[nepa, environmental compliance, environmental assessment]",https://www.usajobs.gov/job/873100400
Supervisory Environmental,United States Army Installation Management Command,Department of the Army,0028 | 0193 | 0401 | 0819 | 1301,2026-05-28T15:28:44.9730,2026-06-12T23:59:59.9970,"[nepa, national environmental policy act]",https://www.usajobs.gov/job/870940900
Supervisory Environmental Engineer,United States Army Installation Management Command,Department of the Army,0819,2026-07-28T00:00:00.0000,2026-08-06T23:59:59.9970,"[section 106, clean water act, nepa]",https://www.usajobs.gov/job/878190300
Supervisory Environmental Engineer,United States Army Installation Management Command,Department of the Army,0819,2026-06-01T00:00:00.0000,2026-06-05T23:59:59.9970,[environmental compliance],https://www.usajobs.gov/job/871028700
Supervisory Interdisciplinary,United States Army Installation Management Command,Department of the Army,0819 | 1301,2026-07-02T07:26:45.3370,2026-07-16T23:59:59.9970,[environmental compliance],https://www.usajobs.gov/job/875180000
Supervisory Natural Resources Specialist,United States Army Installation Management Command,Department of the Army,0401,2026-07-17T00:00:00.0000,2026-08-17T23:59:59.9970,"[permitting, nepa, national environmental policy act]",https://www.usajobs.gov/job/876430800
Supervisory Natural Resources Specialist,United States Army Installation Management Command,Department of the Army,0401,2026-07-17T00:00:00.0000,2026-08-17T23:59:59.9970,"[permitting, nepa, national environmental policy act]",https://www.usajobs.gov/job/876433600
Supervisory Range Operations Specialist,United States Army Installation Management Command,Department of the Army,0301,2026-06-02T12:55:33.3270,2026-06-12T23:59:59.9970,[permitting],https://www.usajobs.gov/job/871396600
Supervisory Range Operations Specialist,United States Army Installation Management Command,Department of the Army,0301,2026-06-02T12:56:15.6600,2026-06-12T23:59:59.9970,[permitting],https://www.usajobs.gov/job/871398100
Supervisory Realty Specialist (Facility Management),United States Army Installation Management Command,Department of the Army,1170,2026-05-14T13:11:14.9570,2026-05-27T23:59:59.9970,[rights-of-way],https://www.usajobs.gov/job/869375700
Waste Water Treatment Plant Operator,United States Army Installation Management Command,Department of the Army,5408,2026-06-01T00:00:00.0000,2026-06-15T23:59:59.9970,[npdes],https://www.usajobs.gov/job/870963000
ENVIRONMENTAL ENGINEER/PHYSICAL SCIENTIST/COMMUNITY PLANNER/SCIENTIFIC RESOURCES MANAGER,United States Fleet Forces Command,Department of the Navy,0020 | 0401 | 0819 | 1301,2026-07-28T00:00:00.0000,2026-08-03T23:59:59.9970,[environmental compliance],https://www.usajobs.gov/job/878037200
ENVIRONMENTAL PROTECTION SPECIALIST,United States Fleet Forces Command,Department of the Navy,0028,2026-07-15T00:00:00.0000,2026-07-17T23:59:59.9970,"[environmental compliance, environmental assessment, rcra]",https://www.usajobs.gov/job/876449200
SUPERVISORY ENVIRONMENTAL ENGINEER,United States Fleet Forces Command,Department of the Navy,0819,2026-07-16T00:00:00.0000,2026-07-27T23:59:59.9970,[environmental compliance],https://www.usajobs.gov/job/876584200
Installation/Station CES QA/PM,United States Space Force Forces,Department of the Air Force,0801,2026-07-22T07:42:52.2300,2026-07-29T23:59:59.9970,[environmental compliance],https://www.usajobs.gov/job/877495900
Education Compliance Survey Specialist (ECSS),Veterans Benefits Administration,Department of Veterans Affairs,1801,2026-07-17T00:00:00.0000,2026-07-24T23:59:59.9970,[section 404],https://www.usajobs.gov/job/876836600
Supervisory Program Oversight Specialist,Veterans Benefits Administration,Department of Veterans Affairs,1801,2026-07-01T12:24:31.6800,2026-07-07T23:59:59.9970,[section 404],https://www.usajobs.gov/job/875065400
Air Conditioning Equipment Mechanic,Veterans Health Administration,Department of Veterans Affairs,5306,2026-06-24T12:26:14.8370,2026-07-08T23:59:59.9970,[clean air act],https://www.usajobs.gov/job/874144800
Air Conditioning Equipment Mechanic,Veterans Health Administration,Department of Veterans Affairs,5306,2026-06-01T11:01:52.4630,2026-06-12T23:59:59.9970,[clean air act],https://www.usajobs.gov/job/871209000
Air Conditioning Equipment Mechanic,Veterans Health Administration,Department of Veterans Affairs,5306,2026-07-06T16:42:55.0870,2026-07-14T23:59:59.9970,[clean air act],https://www.usajobs.gov/job/875457600
Air Conditioning Equipment Mechanic,Veterans Health Administration,Department of Veterans Affairs,5306,2026-06-10T15:47:57.6700,2026-06-17T23:59:59.9970,[clean air act],https://www.usajobs.gov/job/872607700
Air Conditioning Equipment Mechanic,Veterans Health Administration,Department of Veterans Affairs,5306,2026-07-14T15:21:04.8500,2026-07-23T23:59:59.9970,[clean air act],https://www.usajobs.gov/job/876498100
Air Conditioning Equipment Mechanic,Veterans Health Administration,Department of Veterans Affairs,5306,2026-06-09T10:29:13.8370,2026-06-23T23:59:59.9970,[clean air act],https://www.usajobs.gov/job/872289900
Air Conditioning Equipment Mechanic,Veterans Health Administration,Department of Veterans Affairs,5306,2026-07-21T08:53:57.0900,2026-08-04T23:59:59.9970,[clean air act],https://www.usajobs.gov/job/877323600
Air Conditioning Equipment Mechanic,Veterans Health Administration,Department of Veterans Affairs,5306,2026-07-29T00:00:00.0000,2026-08-10T23:59:59.9970,[environmental compliance],https://www.usajobs.gov/job/878316100
Air Conditioning Equipment Mechanic,Veterans Health Administration,Department of Veterans Affairs,5306,2026-05-27T13:14:55.6500,2026-06-04T23:59:59.9970,[clean air act],https://www.usajobs.gov/job/870726300
Air Conditioning Equipment Mechanic,Veterans Health Administration,Department of Veterans Affairs,5306,2026-07-02T08:27:47.4830,2026-07-17T23:59:59.9970,[clean air act],https://www.usajobs.gov/job/875189600
Air Conditioning Equipment Mechanic,Veterans Health Administration,Department of Veterans Affairs,5306,2026-07-29T00:00:00.0000,2026-08-10T23:59:59.9970,[environmental compliance],https://www.usajobs.gov/job/878316700
Air Conditioning Equipment Mechanic,Veterans Health Administration,Department of Veterans Affairs,5306,2026-06-15T13:30:59.3670,2026-06-23T23:59:59.9970,[clean air act],https://www.usajobs.gov/job/873098700
Air Conditioning Equipment Mechanic,Veterans Health Administration,Department of Veterans Affairs,5306,2026-06-04T10:30:42.9930,2026-06-12T23:59:59.9970,[clean air act],https://www.usajobs.gov/job/871729300
Air Conditioning Equipment Mechanic,Veterans Health Administration,Department of Veterans Affairs,5306,2026-06-25T16:39:54.1830,2026-07-06T23:59:59.9970,[clean air act],https://www.usajobs.gov/job/874436000
Air Conditioning Equipment Mechanic,Veterans Health Administration,Department of Veterans Affairs,5306,2026-06-03T09:57:25.8100,2026-06-12T23:59:59.9970,[clean air act],https://www.usajobs.gov/job/871526300
Air Conditioning Equipment Operator,Veterans Health Administration,Department of Veterans Affairs,5415,2026-05-22T12:30:58.5630,2026-06-16T23:59:59.9970,[clean air act],https://www.usajobs.gov/job/870436500
Clinical Pharmacy Specialist  - Chief Health Informatics Officer,Veterans Health Administration,Department of Veterans Affairs,0660,2026-07-02T14:06:16.5200,2026-07-10T23:59:59.9970,[environmental assessment],https://www.usajobs.gov/job/875288100
Environmental Care Specialist,Veterans Health Administration,Department of Veterans Affairs,0301,2026-06-18T12:19:07.7930,2026-06-26T23:59:59.9970,[permitting],https://www.usajobs.gov/job/873653000
Environmental Engineer - GEMS Coordinator,Veterans Health Administration,Department of Veterans Affairs,0819,2026-06-04T17:03:56.9300,2026-06-15T23:59:59.9970,[permitting],https://www.usajobs.gov/job/871849600
Environmental Protection Specialist,Veterans Health Administration,Department of Veterans Affairs,0028,2026-07-13T09:05:32.1100,2026-07-24T23:59:59.9970,"[permitting, environmental compliance]",https://www.usajobs.gov/job/876232700
Environmental Protection Specialist,Veterans Health Administration,Department of Veterans Affairs,0028,2026-06-10T12:16:26.7730,2026-06-22T23:59:59.9970,"[nepa, permitting, environmental compliance]",https://www.usajobs.gov/job/872536000
Environmental Protection Specialist,Veterans Health Administration,Department of Veterans Affairs,0028,2026-06-16T00:00:00.0000,2026-06-24T23:59:59.9970,"[nepa, environmental compliance, rcra]",https://www.usajobs.gov/job/873546100
Environmental Protection Specialist,Veterans Health Administration,Department of Veterans Affairs,0028,2026-05-21T13:43:55.9430,2026-05-29T23:59:59.9970,"[safe drinking water act, clean air act, clean water act]",https://www.usajobs.gov/job/870287100
Environmental Protection Specialist,Veterans Health Administration,Department of Veterans Affairs,0028,2026-07-08T14:00:04.9300,2026-07-15T23:59:59.9970,"[safe drinking water act, clean air act, clean water act]",https://www.usajobs.gov/job/875754200
Environmental Protection Specialist,Veterans Health Administration,Department of Veterans Affairs,0028,2026-06-24T00:00:00.0000,2026-07-02T23:59:59.9970,[environmental compliance],https://www.usajobs.gov/job/873999800
Environmental Protection Specialist,Veterans Health Administration,Department of Veterans Affairs,0028,2026-05-19T11:13:14.0970,2026-05-27T23:59:59.9970,[environmental compliance],https://www.usajobs.gov/job/869884900
Environmental Protection Specialist,Veterans Health Administration,Department of Veterans Affairs,0028,2026-06-04T08:45:54.6670,2026-06-08T23:59:59.9970,"[safe drinking water act, clean air act, clean water act]",https://www.usajobs.gov/job/871695900
Environmental Protection Specialist (GEMS),Veterans Health Administration,Department of Veterans Affairs,0028,2026-07-23T15:34:59.5370,2026-07-31T23:59:59.9970,"[safe drinking water act, national environmental policy act, permitting, clean air act, clean water act]",https://www.usajobs.gov/job/877820400
Healthcare Engineer,Veterans Health Administration,Department of Veterans Affairs,0801,2026-06-02T15:06:06.5400,2026-06-11T23:59:59.9970,[permitting],https://www.usajobs.gov/job/871436400
Healthcare Engineer,Veterans Health Administration,Department of Veterans Affairs,0801,2026-07-07T00:00:00.0000,2026-07-17T23:59:59.9970,[environmental compliance],https://www.usajobs.gov/job/875466200
Hospital Housekeeping Officer,Veterans Health Administration,Department of Veterans Affairs,0673,2026-06-03T19:05:19.1670,2026-06-15T23:59:59.9970,[rcra],https://www.usajobs.gov/job/871665500
Industrial Hygienist,Veterans Health Administration,Department of Veterans Affairs,0690,2026-05-12T12:40:17.0930,2026-05-20T23:59:59.9970,[permitting],https://www.usajobs.gov/job/868941800
Industrial Hygienist,Veterans Health Administration,Department of Veterans Affairs,0690,2026-05-27T16:42:27.0900,2026-06-05T23:59:59.9970,[permitting],https://www.usajobs.gov/job/870785500
Industrial Hygienist - GEMS,Veterans Health Administration,Department of Veterans Affairs,0690,2026-07-21T12:49:52.7530,2026-07-29T23:59:59.9970,[environmental compliance],https://www.usajobs.gov/job/877392800
Lead Safety & Occupational Health Specialist,Veterans Health Administration,Department of Veterans Affairs,0018,2026-05-18T00:00:00.0000,2026-05-27T23:59:59.9970,"[environmental compliance, national environmental policy act, safe drinking water act, clean air act, clean water act, rcra]",https://www.usajobs.gov/job/869628000
Lead Transportation Assistant,Veterans Health Administration,Department of Veterans Affairs,2102,2026-06-16T16:19:36.8600,2026-06-23T23:59:59.9970,[permit applications],https://www.usajobs.gov/job/873340000
Maintenance Mechanic Supervisor (HVAC Supervisor),Veterans Health Administration,Department of Veterans Affairs,4749,2026-06-30T06:58:37.1230,2026-07-14T23:59:59.9970,[clean air act],https://www.usajobs.gov/job/874797500
Maintenance Mechanic Supervisor (HVAC Supervisor),Veterans Health Administration,Department of Veterans Affairs,4749,2026-06-30T06:58:44.1900,2026-07-14T23:59:59.9970,[clean air act],https://www.usajobs.gov/job/874797600
Program Analyst (Informatics) (TCF Trainee),Veterans Health Administration,Department of Veterans Affairs,0343,2026-06-23T08:58:56.7570,2026-07-08T23:59:59.9970,[environmental assessment],https://www.usajobs.gov/job/873923500
Program Analyst (Informatics) TCF Trainee,Veterans Health Administration,Department of Veterans Affairs,0343,2026-07-16T15:31:21.9970,2026-07-21T23:59:59.9970,[environmental assessment],https://www.usajobs.gov/job/876886200
Program Specialist,Veterans Health Administration,Department of Veterans Affairs,0301,2026-07-13T16:27:04.5300,2026-07-20T23:59:59.9970,[cercla],https://www.usajobs.gov/job/876341000
Program Specialist,Veterans Health Administration,Department of Veterans Affairs,0301,2026-07-02T16:09:32.5430,2026-07-10T23:59:59.9970,[permitting],https://www.usajobs.gov/job/875317300
Program Support Assistant,Veterans Health Administration,Department of Veterans Affairs,0303,2026-07-08T11:21:40.9770,2026-07-17T23:59:59.9970,[permit applications],https://www.usajobs.gov/job/875710600
Program Support Assistant (OA),Veterans Health Administration,Department of Veterans Affairs,0303,2026-07-29T08:26:37.8730,2026-08-10T23:59:59.9970,[environmental compliance],https://www.usajobs.gov/job/878392800
Program Support Assistant (Office Automation),Veterans Health Administration,Department of Veterans Affairs,0303,2026-06-02T00:00:00.0000,2026-06-09T23:59:59.9970,[environmental compliance],https://www.usajobs.gov/job/871307000
Program Support Asst (OA),Veterans Health Administration,Department of Veterans Affairs,0303,2026-06-22T09:41:23.8100,2026-06-29T23:59:59.9970,[environmental compliance],https://www.usajobs.gov/job/873779000
Program Support Asst (OA),Veterans Health Administration,Department of Veterans Affairs,0303,2026-06-10T13:32:22.0730,2026-06-18T23:59:59.9970,[environmental compliance],https://www.usajobs.gov/job/872560500
Program Support Asst (OA),Veterans Health Administration,Department of Veterans Affairs,0303,2026-07-02T09:16:22.8130,2026-07-09T23:59:59.9970,[environmental compliance],https://www.usajobs.gov/job/875199300
Safety & Occupational Health Manager,Veterans Health Administration,Department of Veterans Affairs,0018,2026-06-05T11:41:21.3700,2026-06-17T23:59:59.9970,[environmental compliance],https://www.usajobs.gov/job/871842500
Safety and Occupational Health Manager,Veterans Health Administration,Department of Veterans Affairs,0018,2026-06-08T08:23:23.2500,2026-06-16T23:59:59.9970,"[licenses and permits, permitting]",https://www.usajobs.gov/job/872062900
Supervisory Environmental Care Specialist,Veterans Health Administration,Department of Veterans Affairs,0301,2026-07-24T08:31:39.5470,2026-08-05T23:59:59.9970,[permitting],https://www.usajobs.gov/job/877881700
Supervisory Safety & Occupational Health Manager,Veterans Health Administration,Department of Veterans Affairs,0018,2026-07-21T14:44:52.6170,2026-07-28T23:59:59.9970,[permits and licenses],https://www.usajobs.gov/job/877429900
Supervisory Safety & Occupational Health Specialist,Veterans Health Administration,Department of Veterans Affairs,0018,2026-06-08T00:00:00.0000,2026-06-12T23:59:59.9970,[environmental compliance],https://www.usajobs.gov/job/872021500
Transportation Assistant,Veterans Health Administration,Department of Veterans Affairs,2102,2026-06-03T08:23:37.0600,2026-06-15T23:59:59.9970,[permit applications],https://www.usajobs.gov/job/871501800
Transportation Assistant,Veterans Health Administration,Department of Veterans Affairs,2102,2026-05-29T00:00:00.0000,2026-06-08T23:59:59.9970,[permit applications],https://www.usajobs.gov/job/870819100
Transportation Assistant,Veterans Health Administration,Department of Veterans Affairs,2102,2026-05-27T15:42:54.1570,2026-06-05T23:59:59.9970,[permit applications],https://www.usajobs.gov/job/870771700
Transportation Assistant,Veterans Health Administration,Department of Veterans Affairs,2102,2026-06-04T00:00:00.0000,2026-06-12T23:59:59.9970,[permit applications],https://www.usajobs.gov/job/871452100
Transportation Assistant,Veterans Health Administration,Department of Veterans Affairs,2102,2026-05-14T08:29:32.6100,2026-05-28T23:59:59.9970,[permit applications],https://www.usajobs.gov/job/869176200
Transportation Assistant,Veterans Health Administration,Department of Veterans Affairs,2102,2026-05-19T09:21:20.6400,2026-05-29T23:59:59.9970,[permit applications],https://www.usajobs.gov/job/869854300
Transportation Assistant,Veterans Health Administration,Department of Veterans Affairs,2102,2026-06-11T16:22:25.6430,2026-06-22T23:59:59.9970,[permit applications],https://www.usajobs.gov/job/872806600
Transportation Assistant,Veterans Health Administration,Department of Veterans Affairs,2102,2026-05-13T14:04:58.3870,2026-05-25T23:59:59.9970,[permit applications],https://www.usajobs.gov/job/869188600
Transportation Assistant,Veterans Health Administration,Department of Veterans Affairs,2102,2026-06-12T09:56:35.7200,2026-06-18T23:59:59.9970,[permit applications],https://www.usajobs.gov/job/872869700
Transportation Asst (OA),Veterans Health Administration,Department of Veterans Affairs,2102,2026-06-24T14:08:55.8000,2026-06-30T23:59:59.9970,[permit applications],https://www.usajobs.gov/job/874207600
Utility Systems Operator,Veterans Health Administration,Department of Veterans Affairs,5406,2026-05-21T00:00:00.0000,2026-05-27T23:59:59.9970,[clean air act],https://www.usajobs.gov/job/870111400
Utility Systems Repairer-Operator,Veterans Health Administration,Department of Veterans Affairs,4742,2026-07-06T13:08:25.2500,2026-07-13T23:59:59.9970,[clean air act],https://www.usajobs.gov/job/875411400
NATURAL RESOURCE MGMT SPECIALIST,Washington Headquarters Services,Department of Defense,0401,2026-06-11T00:00:00.0000,2026-06-15T23:59:59.9970,"[npdes, clean water act]",https://www.usajobs.gov/job/872543500
Realty Specialist,Western Area Power Administration,Department of Energy,1170,2026-05-28T16:00:26.8770,2026-06-11T23:59:59.9970,"[nepa, national environmental policy act]",https://www.usajobs.gov/job/870950700
