month,usajobsControlNumber,title
2017_01,462970000,Supervisory Economist/Supervisory Statistician
2017_01,462698600,Program Analyst
2017_01,462574900,Medical Supply Technician
2017_02,464205300,"Child and Youth Program Assistant, CY-01, CY-02"
2017_02,462256900,SUPERVISORY ENVIRONMENTAL PROTECTION SPECIALIST
2017_02,464667800,Physical Science Technician (Minerals)
2017_02,464791900,Environmental Protection Specialist
2017_02,464775500,"Custodial Worker, NA-02"
2017_02,464298200,"Tractor Operator, NA-06"
2017_02,464484300,"Supervisory Environmental Protection, GS-0028-12, 17-116T"
2017_03,455140600,Physical Science Technician (Minerals)
2017_03,465074300,Environmental Engineer
2017_03,465251200,Biological Science Technician
2017_03,465802300,Interdisciplinary
2017_03,466282100,SUPERVISORY ENVIRONMENTAL PROTECTION SPECIALIST
2017_03,465806400,INTERDISCIPLINARY
2017_03,466213200,"Environmental Engineer, GS-0819-12"
2017_03,466150000,Interdisciplinary- Mechanical / Civil /Environmental / General Physical Science
2017_03,466256800,Supervisory Natural Resources Specialist
2017_03,466213800,"Environmental Engineer, GS-0819-12"
2017_03,466008100,"Environmental Protection Specialist, GS-0028-09"
2017_03,465979400,SUPERVISORY BIOLOGICAL AND PHYSICAL SCIENTIST/ENVIRONMENTAL ENGINEER/GEOLOGIST
2017_03,466181100,Medical Supply Techncian-DH
2017_03,466739300,"Tractor Operator, NA-06"
2017_03,466495900,"Supervisory Program Specialist, GS-0301-11"
2017_03,473648100,"National Bank Examiner/Bank Examiner (Asset Management), NB-0570-V"
2017_04,467167100,SUPERVISORY ENVIRONMENTAL PROTECTION SPECIALIST
2017_04,467072000,Lead Utilities Project Manager
2017_04,467273800,Emergency Management Specialist (Mitigation)
2017_04,467272600,Emergency Management Specialist (Mitigation)
2017_04,467308200,Attorney-Adviser (General)
2017_04,467201200,"Tractor Operator, NA-06"
2017_04,466793300,ENVIRONMENTAL ENGINEER / PHYSICAL SCIENTIST
2017_04,467761600,Interdisciplinary (Regulatory Program Mgr)
2017_04,468185000,Industrial Hygienist (Green Environmental Management System)
2017_04,467533600,Medical Supply Technician (Sterile Processing)
2017_04,467980200,MEDICAL SUPPLY TECHNICIAN
2017_04,467776600,"Tractor Operator, NA-06"
2017_04,468419100,General Enginner
2017_04,468622900,POWERED SUPPORT SYSTEMS MECHANIC
2017_04,468619800,ENVIRONMENTAL PROTECTION SPECIALIST
2017_04,468718000,Financial Management Specialist
2017_04,468666300,ENVIROMENTAL PROTECTION SPECIALIST
2017_04,468621000,POWERED SUPPORT SYSTEMS MECHANIC
2017_04,468467900,REALTY SPECIALIST
2017_04,475252200,"National Bank Examiner/Bank Examiner (Community Reinvestment Act), NB-0570-V"
2017_05,468941800,"Supervisory National Bank Examiner (Assistant Deputy Comptroller), NB-0570-VII"
2017_05,468911100,Clerk of Court
2017_05,469065200,Plant Protection and Quarantine Officer (Plant Health Safeguarding Specialist)
2017_05,469143800,"Motor Carrier Safety Spec.(Border Inspector), ""P"" GS-2123-5/7/9 (Open to US Citizens) HK"
2017_05,469119900,Biological Science Laboratory Technician
2017_05,468989400,POWERED SUPPORT SYSTEMS MECHANIC SUPERVISOR
2017_05,469143200,"Motor Carrier Safety Spec.(Border Inspector),""P"" GS-2123-5/7/9 (Open to Status & VEOA Applicants) HK"
2017_05,469361400,Emergency Management Specialist (Mitigation)
2017_05,468942300,"National Bank Examiner/Bank Examiner (Commercial Credit), NB-0570-VI"
2017_05,469014700,Supervisory Enviornmental Engineer
2017_05,468946400,"Supervisory National Bank Examiner (Risk Officer), NB-0570-VII"
2017_05,468942100,"National Bank Examiner/Bank Examiner (Mortgage Banking), NB-0570-V"
2017_05,469179000,"Motor Carrier Safety Spec.(Border Inspector),""P"" GS-2123-5/7/9 (Open to Status & VEOA Applicants) HK"
2017_05,469179400,"Motor Carrier Safety Spec.(Border Inspector), ""P"" GS-2123-5/7/9 (Open to US Citizens) HK"
2017_05,468699400,Civil Engineer (Recent Graduate)
2017_05,468904100,Student Trainee (Legal) (Internship)
2017_05,469052900,POWERED SUPPORT SYSTEMS MECHANIC
2017_05,469101200,Plant Protection and Quarantine Officer (Plant Health Safeguarding Specialist)
2017_05,468966300,Smuggling Interdiction and Trade Compliance Officer
2017_05,468841700,"Smuggling, Interdiction and Trade Compliance (SITC) Officer"
2017_05,469145000,Plant Protection and Quarantine Officer (Plant Health Safeguarding Specialist)
2017_05,469361500,Emergency Management Specialist (Mitigation)
2017_05,469535200,National Bank Examiner/Bank Examiner (Bank Information Technology)
2017_05,469922900,"National Bank Examiner (Director for International Banking Supervision), NB-570-VII"
2017_05,470107600,Natural Resources Specialist
2017_05,469548300,POWERED SUPPORT SYSTEMS MECHANIC
2017_05,469468200,PLANT PROTCTN & QUAR OFFCR
2017_05,469936800,"REALTY SPECIALIST (CONTRACTS MANAGEMENT), GS-1170-11"
2017_05,470328300,Lead Telehealth Clinical Technician
2017_05,469538400,"National Bank Examiner (Field Examiner)/Bank Examiner (Field Examiner-FTR), NB-0570-V Step 2"
2017_05,470247900,Environmental Protection Specialist
2017_05,470006300,Industrial Hygienist/ GEMS Specialist
2017_05,470212500,Supervisory National Bank Examiner (Chief Risk Officer-NB-570-VIII)
2017_05,470164900,Administrative Support Assistant (OA)
2017_05,470207400,Environmental Protection Specialist
2017_05,469451000,Plant Protection and Quarantine Officer (Plant Health Safeguarding Specialist)
2017_05,469541400,"National Bank Examiner (Field Examiner)/Bank Examiner-FTR, NB-0570-VI"
2017_05,469952800,Interdisciplinary (Recent Graduate)
2017_05,470776000,"REALTY SPECIALIST (GENERALIST), GS-1170-9/11"
2017_05,470534200,"Associate Deputy Comptroller, NB-0570-VII Step 2"
2017_05,470649600,"Supervisory Park Ranger (P), GS-0025-11/12"
2017_05,470534000,"Associate Deputy Comptroller, NB-0570-VII Step 2"
2017_05,470872400,Executive Assistant
2017_05,470963400,Environmental Engineer
2017_05,470556600,"General Engineer, AST, Experimental Facility Development"
2017_05,470753500,"National Bank Examiner/Bank Examiner (Analyst to the Deputy Comptroller), NB-0570-VI.2"
2017_05,470616900,"National Bank Examiner/Bank Examiner (Risk and Operations Officer Analyst), NB-0570-V Step 2"
2017_05,470751900,"National Bank Examiner/Bank Examiner (Risk Officer Analyst), NB-0570-V Step 2"
2017_05,470577600,ENVIRONMENTAL PROTECTION SPECIALIST
2017_05,470963700,Environmental Engineer
2017_06,466819000,ARLDP Management and Program Analyst
2017_06,471121700,Environmental Protection Specialist
2017_06,471367000,POWERED SUPPORT SYSTEMS MECHANIC
2017_06,471081500,Environmental Protection Specialist
2017_06,471373800,Interdisciplinary
2017_06,471700400,"Environmental Protection Specialist, ZA-0028-03/04 (DE/CR)"
2017_06,472102500,Alcohol and Tobacco Specialist
2017_06,471798300,Environmental Protection Specialist 11/12T13
2017_06,471633300,"Supervisory National Bank Examiner (Assistant Deputy Comptroller), NB-0570-VII"
2017_06,471423900,"Recreation Boating Safety Oversight, GS-0301-13"
2017_06,471610900,Utilities Project Manager
2017_06,471447000,"National Bank Examiner/Bank Examiner (Problem Bank Specialist), NB-0570-VI"
2017_06,471541900,INTERDISCIPLINARY (PHYSICAL SCIENTIST/ENVIRONMENTAL ENGINEER/BIOLOGICAL SCIENTIST)
2017_06,471698600,"Environmental Protection Specialist, ZA-0028-03/04 (MAP)"
2017_06,471619700,ENVIRONMENTAL PROTECTION SPECIALIST
2017_06,473375200,"National Bank Examiner/Bank Examiner (Asset Management Lead Expert), NB-0570-VI.2"
2017_06,472694100,Realty Specialist
2017_06,473176900,Utilities Project Manager
2017_06,472900400,Plant Protection Technician
2017_06,472819200,CLINICAL COUNSELOR NTE 30 SEPTEMBER 2018
2017_06,472570200,Attorney Examiner
2017_06,473397700,Supervisory Environmental Engineer
2017_06,472627400,"REALTY SPECIALIST (CONTRACTS MANAGEMENT), GS-1170-9/11"
2017_06,472850600,Supervisory Health Technician (Telehealth)
2017_06,472855300,Medical Supply Techncian-DH
2017_06,472457100,Realty Specialist
2017_06,472592800,ASAP Specialist (PC/RRP/SPPM)
2017_06,473317300,"National Bank Examiner/Bank Examiner (Analyst to the Deputy Comptroller), NB-0570-VI Step 2"
2017_06,472901300,"RANGELAND MANAGEMENT SPECIALIST, GS-0454-9/11"
2017_06,472545500,Interdisciplinary General /Civil Engineer
2017_06,472754400,Environmental Protection Specialist
2017_06,472900300,"RANGELAND MANAGEMENT SPECIALIST, GS-0454-9/11"
2017_06,473452400,"Examination Technician, NB-0503-III"
2017_06,473458400,"Examination Technician, NB-0503-III"
2017_06,473480200,"Supervisory National Bank Examiner (EIC-London), NB-570-VII (Temporary Appointment NTE 1 Year)"
2017_06,473412600,Park Ranger (River Patrol)
2017_06,475252300,"National Bank Examiner/Bank Examiner (Retail Credit), NB-570-VI"
2017_06,475252400,"National Bank Examiner/Bank Examiner (MBS Enterprise Governance & Operational Risk), NB-570-VI"
2017_07,475399300,"National Bank Examiner/Bank Examiner (Compliance Training & Tools Specialist), NB-0570-VI"
2017_07,474740200,Emergency Management Specialist (Mitigation)
2017_07,473685600,"Administrative Assistant (Office Automation), NB-0303-III"
2017_07,473744200,Supervisory Environmental Engineer/Physical Scientist (Interdisciplinary)
2017_07,474372900,Exhibition Aide
2017_07,473852000,SUPERVISORY ENVIRONMENTAL PROTECTION SPECIALIST
2017_07,473965800,Technical Information Specialist
2017_07,474275200,FRONTLINE LEADERSHIP READINESS PROGRAM (FLRP) - TAS
2017_07,473729300,"National Bank Examiner/Bank Examiner (Compliance), NB-0570-V"
2017_07,473656600,Supervisory Human Resources Specialist (Human Resources Development)
2017_07,473826500,"Senior Accountant, NB-510-V.2"
2017_07,474231400,"Secretary (O/A), NB-0318-IV"
2017_07,474006700,"National Bank Examiner/Bank Examiner (MCBS Liaison), NB-0570-VII"
2017_07,474309100,"Supv NBE/BE (EXCEL I Team Leader) emphasis in Commercial Credit, NB-570-VII (Temporary NTE 2 years)"
2017_07,473941400,"General Engineer, GS-0801-13"
2017_07,473647600,"National Bank Examiner/Bank Examiner (Capital Markets), NB-0570-V"
2017_07,473618200,Supervisory Veterinary Medical Officer
2017_07,473712700,"Administrative Assistant (Office Automation), NB-0303-III"
2017_07,474191800,Environmental Protection Specialist
2017_07,473698800,Agriculturist
2017_07,474013900,"National Bank Examiner/Bank Examiner (Compliance), NB-0570-V Step 2"
2017_07,473427600,"National Bank Examiner/Bank Examiner (BIT Analyst), NB-0570-VI"
2017_07,474304300,"National Bank Examiner/Bank Examiner (LB Field Examiner) w/Commercial Credit, NB-570-V/V.2"
2017_07,473431900,"National Bank Examiner/Bank Examiner (BIT), NB-0570-V"
2017_07,474307700,"Supv NBE/BE (EXCEL I Team Leader) w/ emphasis in Capital Markets, NB-570-VII (Temporary NTE 2 years)"
2017_07,474251900,Biological Science Technician
2017_07,473817100,"Program Specialist, NB-301-V"
2017_07,474265900,FRONTLINE LEADERSHIP READINESS PROGRAM (FLRP) - TAS
2017_07,474207500,Environmental Protection Specialist
2017_07,473728800,"Administrative Assistant (Office Automation), NB-0303-III"
2017_07,474184900,"Waterways Management Specialist, GS-2101-12"
2017_07,473702300,POWERED SUPPORT SYSTEMS MECHANIC SUPERVISOR
2017_07,473586600,Regulatory Project Manager (Interdisciplinary)
2017_07,474759100,"Fish Biologist, GS-0482-09/11 (DEU)(ES)"
2017_07,474776100,"National Bank Examiner/Bank Examiner (Capital Markets Lead Expert), NB-0570-VI"
2017_07,474424900,Exhibition Aide
2017_07,474450600,"Secretary (O/A), NB-0318-IV"
2017_07,474735200,Emergency Management Specialist (Recovery)
2017_07,474468900,"National Bank Examiner/Bank Examiner (Financial Analysis) (Temporary NTE one year), NB-0570-VI"
2017_07,474737600,Emergency Management Specialist (Mitigation)
2017_07,474736400,FRONTLINE LEADERSHIP READINESS PROGRAM (FLRP) - TAS
2017_07,475252100,"National Bank Examiner/Bank Examiner (CRA), NB-0570-VI"
2017_07,475253300,"National Bank Examiner/Bank Examiner (Compliance), NB-0570-VI"
2017_07,474790700,"REALTY SPECIALIST (CONTRACTS MANAGEMENT), GS-1170-7/9/11"
2017_07,475103700,"National Bank Examiner/Bank Examiner (Financial Analyst Support), NB-0570-V"
2017_07,475193800,National Bank Examiner/Bank Examiner (Commercial Credit Lead Expert Support)
2017_07,475184900,National Bank Examiner/Bank Examiner (Bank Information Technology)
2017_07,475252900,"Supervisory National Bank Examiner (Midsize Examiner-In-Charge), NB-0570-VI.2"
2017_07,474551800,Alcohol and Tobacco Specialist (Program Manager)
2017_07,475252500,"National Bank Examiner/Bank Examiner (Community Reinvestment Act), NB-0570-V"
2017_07,475218600,"National Bank Examiner (Analyst to ADC), NB-0570-V Step 2"
2017_07,475252700,"National Bank Examiner/Bank Examiner (Commercial Credit), NB-0570-VI"
2017_07,474503500,Natural Resource Specialist
2017_07,474501100,Natural Resource Specialist
2017_07,474819300,Supervisory IT Specialist (APPSW)
2017_07,474602500,Environmental Protection Specialist
2017_07,474757100,"Fish Biologist, GS-0482-09/11 (MPP)(ES)"
2017_07,474970800,National Bank Examiner/Bank Examiner (Credit Lead Expert)
2017_07,475253000,"Supervisory National Bank Examiner (Midsize Examiner-In-Charge), NB-0570-VI.2"
2017_07,474497200,"Supervisory Human Resources Specialist, NB-0201-VII"
2017_07,475253200,"National Bank Examiner/Bank Examiner (Compliance), NB-0570-VI"
2017_07,475295500,"National Bank Examiner/Bank Examiner (Capital Markets Lead Expert Support), NB-0570-V Step 2"
2017_07,475252800,"National Bank Examiner/Bank Examiner (MBS Enterprise Governance & Operational Risk), NB-570-VI"
2017_07,475295100,"National Bank Examiner/Bank Examiner (Compliance), NB-0570-VI"
2017_07,474506100,Attorney-Adviser (Contract)
2017_07,475296500,"National Bank Examiner/Bank Examiner (Compliance), NB-0570-VI"
2017_07,474611700,"Supervisory Human Resources Specialist, NB-0201-VII"
2017_07,475294100,Biologist
2017_07,474736300,FRONTLINE LEADERSHIP READINESS PROGRAM (FLRP) - TAS
2017_07,475252600,"National Bank Examiner/Bank Examiner (Retail Credit), NB-570-VI"
2017_07,474933100,"Supervisory Trial Attorney (Chief, ESU)"
2017_07,475481300,"National Bank Examiner/Bank Examiner (Consumer Compliance Policy Specialist), NB-0570-VI"
2017_07,475490300,"National Bank Examiner/Bank Examiner (Team Leader), NB-0570-VI"
2017_07,475480500,"National Bank Examiner/Bank Examiner (CRA/FL Compliance Policy Specialist), NB-0570-VI"
2017_07,475609700,Project Manager (DEU-NW)
2017_07,475615200,POWERED SUPPORT SYSTEMS MECHANIC
2017_07,475647800,Supervisory IT Specialist (APPSW)
2017_07,475519700,"National Bank Examiner/Bank Examiner (BIT Lead Expert Support), NB-570-V Step 2"
2017_07,475755800,Supv. Public Affairs Spec.(Manager for Press Relations)-NB-1035-6
2017_07,475568900,"National Bank Examiner/Bank Examiner (Bank Information Technology), NB-570-V Step 2"
2017_07,475759900,ENVIRONMENTAL ENGINEER
2017_07,475752100,Supv. Public Affairs Spec.(Manager for Internal Communications)-NB-1035-6
2017_07,475611800,Project Manager (MPP-NW)
2017_07,475480800,"National Bank Examiner/Bank Examiner (BSA/AML Compliance Policy Specialist), NB-0570-VI"
2017_08,480874000,"INDIVIDUAL TAX ADVISORY SPECIALIST *MSP, NTE* FLITE PROGRAM *EXTENDED*"
2017_08,478240300,Fish and Wildlife Biologist
2017_08,474279900,Secretary (OA)
2017_08,475241100,"Administrative Assistant (Office Automation), NB-0303-III"
2017_08,475935400,"Supervisory Financial Economist, NB-0110-VII (Deputy Director)"
2017_08,476379700,"INDIVIDUAL TAXPAYER ADVISORY SPECIALIST *MSP, NTE, TRAINEE* (FLITE PROGRAM)"
2017_08,476286500,National Bank Examiner/Bank Examiner (Retail Credit Lead Expert Support)
2017_08,476386300,"INDIVIDUAL TAXPAYER ADVISORY SPECIALIST *MSP, NTE, TRAINEE* (FLITE PROGRAM)"
2017_08,476156600,"INDIVIDUAL TAXPAYER ADVISORY SPECIALIST *MSP, NTE, TRAINEE* (FLITE PROGRAM)"
2017_08,476220600,Administrative Officer (0341)
2017_08,476016500,Personnel Security Specialist
2017_08,476382600,"INDIVIDUAL TAXPAYER ADVISORY SPECIALIST *MSP, NTE, TRAINEE* (FLITE PROGRAM)"
2017_08,476222400,Supervisory IT Specialist (APPSW)
2017_08,476154400,"SUPERVISORY INDIVIDUAL TAX ADVISORY SPECIALIST *MSP, NTE* FLITE PROGRAM"
2017_08,475439700,Industrial Hygienist
2017_08,476267800,"Financial Economist, NB-0110-6"
2017_08,476036000,"Emergency Transportation Specialist, GS-2101-11/12/13/14 ""P"" (Open to Status and VEOA)  HK"
2017_08,476383200,"INDIVIDUAL TAXPAYER ADVISORY SPECIALIST *MSP,NTE,TRAINEE*(FLITE PROGRAM) *AMENDED TO ADD PODS*"
2017_08,476233800,"Financial Economist, NB-0110-6"
2017_08,476385800,"INDIVIDUAL TAXPAYER ADVISORY SPECIALIST *MSP, NTE, TRAINEE* (FLITE PROGRAM)"
2017_08,476252700,"Financial Economist, NB-0110-6"
2017_08,476387000,"INDIVIDUAL TAXPAYER ADVISORY SPECIALIST *MSP, NTE, TRAINEE* (FLITE PROGRAM)"
2017_08,476161900,Information Management Specialist
2017_08,476035300,"Emergency Transportation Specialist, GS-2101-11/12/13/14 ""P"" (Open to All U.S. Citizens)  HK"
2017_08,476190200,"Supervisory National Bank Examiner (Examiner-In-Charge), NB-0570-VII"
2017_08,476384800,"INDIVIDUAL TAXPAYER ADVISORY SPECIALIST *MSP,NTE,TRAINEE* (FLITE PROGRAM) *AMENDED TO ADD PODS*"
2017_08,476017600,"Lead Records and Information Management Specialist, NB-308-VI"
2017_08,476114200,REALTY SPECIALIST
2017_08,476155700,"INDIVIDUAL TAXPAYER ADVISORY SPECIALIST *MSP, NTE, TRAINEE* (FLITE PROGRAM)"
2017_08,476220100,Administrative Officer (0341)
2017_08,476199800,National Bank Examiner/Bank Examiner (Asset Management)
2017_08,476385000,"INDIVIDUAL TAXPAYER ADVISORY SPECIALIST *MSP, NTE, TRAINEE* (FLITE PROGRAM)"
2017_08,475796000,National Bank Examiner/Bank Examiner (Problem Bank Analyst)
2017_08,476052200,Program Manager
2017_08,476883400,Business Procurement Analyst
2017_08,476465600,"Secretary (O/A), NB-0318-IV"
2017_08,477226800,Smuggling Interdiction and Trade Compliance Officer
2017_08,477140400,"National Bank Examiner/Bank Examiner (Compliance), NB-0570-VI"
2017_08,477123200,INTERDISCIPLINARY
2017_08,476998000,Industrial Hygienist (GEMS)
2017_08,476969900,"Supervisory NBE (Deputy EIC for Supervision & Opns), NB-570-VII"
2017_08,476694400,Project Manager
2017_08,477182000,"Deputy Comptroller for Human Capital, NB-0201-VIII"
2017_08,476949400,Special Park and Land Use Specialist
2017_08,477025500,"Attorney Advisor, GS-0905-13"
2017_08,476995900,"AST, Experimental Facility Development"
2017_08,476565400,Attorney Examiner (Civil Rights)
2017_08,477182200,"Deputy Comptroller for Human Capital, NB-0201-VIII"
2017_08,477085500,"Supervisory National Bank Examiner (Assistant Deputy Comptroller), NB-0570-VII"
2017_08,476862900,"Realty Specialist, GS-1170-13"
2017_08,477317900,Biological Scientist
2017_08,477087100,"National Bank Examiner (Analyst to ADC), NB-0570-V Step 2"
2017_08,477140200,"National Bank Examiner/Bank Examiner (MBS Enterprise Governance & Operational Risk), NB-570-VI"
2017_08,477377400,Biologist
2017_08,477090900,"NATIONAL BANK EXAMINER/BANK EXAMINER, NB-570-VI (Governance and Operational Risk Policy Analyst)"
2017_08,477140700,"National Bank Examiner/Bank Examiner (Commercial Credit), NB-0570-VI"
2017_08,476784900,Park Ranger (Special Park Use Permit Coordinator)
2017_08,476694300,Legal Assistant
2017_08,476441300,"Executive Director, Operations and Sustainment"
2017_08,477265400,Organizational Development Specialist (Engagement)
2017_08,477291800,"INDIVIDUAL TAX ADVISORY SPECIALIST *MSP, NTE* FLITE PROGRAM"
2017_08,476690600,Social Scientist/Biological Scientist
2017_08,476520100,Environmental Protection Specialist
2017_08,477140500,"Supervisory National Bank Examiner (Midsize Examiner-In-Charge), NB-0570-VI.2"
2017_08,476445200,ATTORNEY EXAMINER (CIVIL RIGHTS)
2017_08,477342800,Plant Protection and Quarantine Officer (Plant Health Safeguarding Specialist)
2017_08,477139900,"NBE/BE(Enterprise Governance & Operational Risk Lead Expert), NB-0570-VI.2"
2017_08,477140100,"National Bank Examiner/Bank Examiner (Retail Credit), NB-0570-V"
2017_08,476460600,Program Support Assistant (Office Automation)
2017_08,476925800,"National Bank Examiner (Analyst to Director for IBS),  NB-570-V/V.2"
2017_08,476756100,Biological Scientist/Physical Scientist
2017_08,476966900,"National Bank Examiner (Analyst to Director for IBS),  NB-570-V/V.2"
2017_08,477389600,Wildlife Biologist
2017_08,478277500,Program Support Assistant
2017_08,477644500,"INDIVIDUAL TAXPAYER ADVISORY SPECIALIST *MSP, NTE, TRAINEE* (FLITE PROGRAM)"
2017_08,477541900,"Examination Technician, NB-0503-III"
2017_08,478128800,Environmental Engineer
2017_08,478240100,Fish and Wildlife Biologist
2017_08,477643200,"INDIVIDUAL TAXPAYER ADVISORY SPECIALIST *MSP, NTE, TRAINEE* (FLITE PROGRAM) **EXTENDED**"
2017_08,478011500,"Deputy Comptroller for Supervision Risk Management, NB-570-VIII"
2017_08,477426200,Financial Management Specialist
2017_08,477581900,Environmental Engineer
2017_08,477984800,Research Ecologist ZP-0408-03/04 (DE/CR)
2017_08,477482700,Supervisory Project Engineer
2017_08,477643500,"INDIVIDUAL TAXPAYER ADVISORY SPECIALIST **MSP TRAINEE, NTE**  (FLITE PROGRAM)"
2017_08,477930600,"National Bank Examiner (QA Bank Supervision Team Lead), NB-570-VI"
2017_08,478139900,PHYSICAL SCIENTIST (ENVIRONMENTAL PLANNING/POLICY ANALYSIS)
2017_08,477901700,"National Bank Examiner/Bank Examiner (Bank Information Technology), NB-0570-VI.2"
2017_08,477733500,Executive Assistant
2017_08,478188900,SUPERVISORY ENVIRONMENTAL PROTECTION SPECIALIST
2017_08,477642500,"INDIVIDUAL TAXPAYER ADVISORY SPECIALIST *MSP, NTE, TRAINEE* (FLITE PROGRAM) **EXTENDED**"
2017_08,478130700,Environmental Engineer
2017_08,477483200,Supervisory Project Engineer
2017_08,478395300,Industrial Hygienist
2017_08,478364600,"RANGELAND MANAGEMENT SPECIALIST, GS-0454-9/11"
2017_08,477984700,Research Ecologist ZP-0408-03/04 (MAP)
2017_08,478141500,Attorney Examiner (Civil Rights)
2017_08,478412100,"Supervisory IT Specialist (OS/SYSADMIN), NB-2210-VII"
2017_08,477892000,"National Bank Examiner/Bank Examiner (Bank Information Technology), NB-0570-VI.2"
2017_08,477793300,"REALTY SPECIALIST (GENERALIST), GS-1170-5/7/9"
2017_08,478285300,Program Support Assistant
2017_08,477915400,Biotechnologist
2017_08,478445400,"National Bank Examiner/Bank Examiner (LB Field Examiner) with emphasis in Retail Credit, NB-570-VI"
2017_08,478476400,Project Manager
2017_09,479762100,Supervisory Health Technician (Telehealth)
2017_09,479416100,Examination Technician
2017_09,479534000,"Financial Economist, NB-0110-6"
2017_09,479968900,Enviromental Protection Specialist
2017_09,479401100,"Financial Economist, NB-0110-6"
2017_09,471507500,STERILE PROCESSING & SUPPLY -  Medical Supply Technician
2017_09,480544900,GENERAL ENGINEER
2017_09,480661800,"Supervisory Natural Resources Specialist, GS-0401-14"
2017_09,480530400,Industrial Hygienist/GEMS Manager
2017_09,480900900,"Associate Deputy Comptroller, NB-0570-VII Step 2"
2017_09,480603000,"REALTY SPECIALIST (CONTRACTS MANAGEMENT), GS-1170-7/9/11"
2017_09,480511300,"Contact Representative Management Trainee LDP *MSP, Temporary NTE 5 Years*"
2017_09,480468400,"Supervisory NBE/BE with emphasis in Shared National Credit, NB-570-VII"
2017_09,480830500,"Supervisory NBE/BE (Supervisory Information), NB-0570-VI.2 (Temporary NTE 180 days)"
2017_09,480489300,Contact Representative Frontline Management Trainee LDP *MSP* *Temporary NTE 5 Years*
2017_09,480654500,"Supervisory National Bank Examiner (Examiner-In-Charge), NB-570-VII.2"
2017_09,480453900,"NBE/BE (Supervision Analyst), NB-0570-06"
2017_09,480830100,Supervisory National Bank Examiner/Bank Examiner (Supervisory Information) NB-0570-VI.2
2017_09,480298500,Industrial Hygienist/GEMS Manager
2017_09,478693500,"National Bank Examiner/Bank Examiner (Asset Management Lead Expert Support), NB-570-V Step 2"
2017_09,478914900,"National Bank Examiner/Bank Examiner (Capital Markets Lead Expert), NB-0570-VI"
2017_09,479238200,Environmental Manager
2017_09,478494600,Historian/Archaeologist
2017_09,479279700,"General Engineer, GS-0801-13"
2017_09,479256900,Supervisory Life Scientist/Environmental Engineer/Physical Scientist
2017_09,479016300,Plant Protection and Quarantine Officer (Plant Health Safeguarding Specialist)
2017_09,479038100,"Supervisory Financial Economist, NB-0110-VII (Deputy Director)"
2017_09,479112200,CRIMINAL INVESTIGATION FRONTLINE LEADERSHIP READINESS PROGRAM (FLRP) - MSP
2017_09,478983500,Assistant National Bank Examiner
2017_09,479031100,"Supervisory NBE/BE (Director for Licensing Activities), NB-570-VII"
2017_09,479243400,Human Resources Specialist (ICTAP and VEOA Eligibles)
2017_09,479240200,"Accountant/Senior Accounting Policy Advisor, NB-0510-VI.2"
2017_09,479238800,ENVIRONMENTAL MANAGER
2017_09,479238600,"Accountant/Accounting Policy Advisor, NB-0510-VI"
2017_09,479346900,GENERAL ENGINEER
2017_09,479407800,"Financial Economist, NB-0110-5.2"
2017_09,479410900,"Financial Economist, NB-0110-5.2"
2017_09,479400000,"Financial Economist, NB-0110-6"
2017_09,478579100,"National Bank Examiner/Bank Examiner (Commercial Credit Lead Expert Support), NB-0570-VI"
2017_09,478715100,"National Bank Examiner/Bank Examiner (LB Field Examiner) w/Analyst Responsibilities, NB-570-V/V.2"
2017_09,478591400,Geologist
2017_09,478597900,Geologist
2017_09,479226000,Outdoor Recreation Planner
2017_09,478760200,"Compliance Research Analyst, NB-0301-V"
2017_09,479368800,"Financial Economist, NB-0110-5.2"
2017_09,479031400,"Supervisory NBE/BE (Director for District Licensing), NB-570-VII"
2017_09,478554300,Environmental Engineer
2017_09,478867600,Assistant National Bank Examiner
2017_09,478925100,Plant Protection and Quarantine Officer (Plant Health Safeguarding Specialist)
2017_09,479366700,"Financial Economist, NB-0110-5.2"
2017_09,478652900,"ENVIRONMENTAL PROTECTION SPECIALIST, GS-0028-7/9/11"
2017_09,478507000,EXPLOSIVES SAFETY SPECIALIST
2017_09,478573300,Recreation Assistant NF-02
2017_09,480087700,Ranger Activities Specialist
2017_09,479720900,Fish Biologist ZP-0482-02 (MAP)
2017_09,479658500,"Manager, Livermore Field Office"
2017_09,480378800,SAFETY AND OCCUPATIONAL HEALTH MANAGER
2017_09,479496300,"Financial Economist, NB-0110-6"
2017_09,480409800,Industrial Hygienist
2017_09,480100100,"National Bank Examiner/Bank Examiner (Financial Analysis) (Temporary NTE one year), NB-0570-VI"
2017_09,479676900,Civil Engineer
2017_09,479818700,Plant Protection and Quarantine Officer (PHSS)
2017_09,479721500,Fish Biologist ZP-0482-02 (DE/CR)
2017_09,479908900,Clerk of Court
2017_09,480388900,"Supervisory National Bank Examiner (Midsize Examiner-In-Charge), NB-0570-VI.2"
2017_09,480276900,Environmental Protection Specialist
2017_09,479798300,"National Bank Examiner/Bank Examiner (Compliance), NB-0570-VI"
2017_09,479693100,Environmental Biologist
2017_09,480388700,National Bank Examiner/Bank Examiner (Supervisory Information Analyst) NB-0570-V
2017_09,479497700,"Financial Economist, NB-0110-6"
2017_09,480427500,"Contact Representative Management Trainee LDP *MSP, Temporary NTE 5 Years*"
2017_09,479964900,"Environmental Protection Specialist, GS-0028-12"
2017_09,479926600,SUPERVISORY INTERDISCIPLINARY ENGINEER/ARCHITECT
2017_09,480276800,Environmental Protection Specialist
2017_09,479876700,ENVIRONMENTAL ENGINEER
2017_09,480388800,National Bank Examiner/Bank Examiner (Senior Supervisory Information Analyst) NB-0570-VI
2017_09,480425900,"Contact Representative Management Trainee LDP *MSP, Temporary NTE 5 Years* (Bilingual-Spanish)"
2017_09,480413500,Tax Examining Technician Management Trainee LDP *MSP* *Temporary NTE 5 Years*
2017_10,482977000,Senior Management and Program Analyst (Chief of Staff)
2017_10,482055800,Environmental Engineer (GEMS Coordinator)
2017_10,482360500,POWERED SUPPORT SYSTEMS MECHANIC LEADER
2017_10,482865000,"Supervisory NBE/BE (ERM/Governance Lead Expert), NB-570-VII"
2017_10,482990400,Lead Medical Supply Technician
2017_10,482692900,National Bank Examiner/Bank Examiner (Asset Management Lead Expert)
2017_10,482238200,"Support Services Specialist, NB-0342-IV"
2017_10,482615500,ADVANCED DIAGNOSTIC RADIOLOGIC TECHNOLOGIST
2017_10,482327700,"Staff Accountant, NB-510-V"
2017_10,482604700,POWERED SUPPORT SYSTEMS MECHANIC SUPERVISOR
2017_10,482897900,"Supervisory National Bank Examiner (Examiner-In-Charge), NB-570-VII"
2017_10,482125200,Maintenance Mechanic
2017_10,483128300,"Program Analyst, NB-0343-5"
2017_10,482293300,"Submission Processing Leadership Development Program (LDP) *NTE, MSP*"
2017_10,483211900,POWERED SUPPORT SYSTEMS MECHANIC LEADER
2017_10,483106300,Executive Assistant
2017_10,482509000,"National Bank Examiner/ Bank Examiner (LB Asset Management),  NB-570-VI"
2017_10,482055300,Plant Protection and Quarantine Officer (Plant Health and Trade Compliance Officer)
2017_10,482936000,"Supv NBE/BE (Large Bank Team Lead) w/emphasis in Retail Credit, NB-570-VII"
2017_10,482967500,"Supervisory NBE/BE (BIT Expert), NB-570-VII (Temporary Assignment NTE one year)"
2017_10,482685700,Lead Medical Supply Technician
2017_10,482949700,"National Bank Examiner/Bank Examiner (Lead Expert Risk Team Analyst), NB-0570-V/V.2"
2017_10,482993900,Medical Supply Techncian
2017_10,481526600,"Realty Specialist, GS-1170-13"
2017_10,481895000,Environmental Policy Specialist
2017_10,481798600,"AST, Engineer Project Management"
2017_10,480995900,Visitor Services Associate
2017_10,481754500,Natural Resource Specialist
2017_10,481479600,INTERDISCIPLINARY SOCIAL SCIENTIST/BIOLOGICAL SCIENTIST/LANDSCAPE ARCHITECT
2017_10,481049600,"Supervisory NBE/BE (Asset Management Expert), NB-570-VII"
2017_10,480513500,"National Bank Examiner (Analyst to ADC), NB-0570-V Step 2"
2017_10,481840700,"National Bank Examiner/Bank Examiner (Large Bank BIT Examiner), NB-0570-VI"
2017_10,481376900,Plant Protection and Quarantine Officer (Plant Health Safeguarding Specialist/Pest Identification)
2017_10,481626500,"Web Content Specialist, NB-0301-V"
2017_10,481540500,Environmental Policy Specialist
2017_10,481525800,"Realty Specialist, GS-1170-13"
2017_10,481790000,Plant Protection and Quarantine Officer (Plant Health Safeguarding Specialist/Pest Identification)
2017_10,481871800,Supervisory Management Support Specialist (MPP-JS)
2017_10,481183800,Plant Protection and Quarantine Officer (Plant Health and Trade Compliance Officer)
2017_10,481420200,Plant Protection and Quarantine Officer (Plant Health Safeguarding Specialist/Pest Identification)
2017_10,481564800,"NBE/BE (Senior Advisor to the SDC for LBS), NB-570-VII"
2017_10,481424900,Plant Protection and Quarantine Officer (Plant Health Safeguarding Specialist/Pest Identification)
2017_10,481791700,"Supervisory Financial Economist, NB-0110-VIII (Deputy Comptroller)"
2017_10,481475000,"Financial Economist, NB-0110-5.2"
2017_10,481941800,Supervisory Resource Management Specialist
2017_10,481266600,Supervisory Contract Specialist
2017_10,481462700,Strategic Planning & Program Specialist (Term Appointment)
2017_10,481782700,"National Bank Examiner/Bank Examiner (Large Bank BIT Examiner), NB-0570-V/V.2"
2017_10,481082300,Environmental Protection Specialist
2017_10,481674900,"National Bank Examiner/Bank Examiner (Team Leader), NB-0570-VI"
2017_10,481851400,"National Bank Examiner/Bank Examiner (Large Bank BIT Examiner), NB-0570-VI"
2017_10,481756400,"Supervisory National Bank Examiner (Midsize Examiner-In-Charge), NB-0570-VI.2"
2017_10,481181300,"Director, Enterprise Workforce Planning"
2017_10,481750900,"National Bank Examiner/Bank Examiner (Team Leader), NB-0570-VI"
2017_10,481073400,"Supervisory NBE/BE (Asset Management Expert), NB-570-VII"
2017_10,482892500,NATURAL RESOURCES MANAGER
2017_10,482449700,SUPERVISORY ENVIRONMENTAL PROTECTION SPECIALIST
2017_10,482550600,Supervisory Interdisciplinary
2017_10,482550700,Supervisory Interdisciplinary
2017_10,482175300,Interdisciplinary
2017_10,482237000,Interdisciplinary
2017_10,482634700,Civil Engineer
2017_10,481990800,Supervisory Environmental Engineer
2017_10,480608300,Supervisory Natural Resource Specialist
2017_11,485253200,Utilities Project Manager
2017_11,485372900,"National Bank Examiner/Bank Examiner (LB Field Examiner) w/emphasis Retail Credit, NB-570-V/V.2"
2017_11,484495400,Enviromental Protection Specialist
2017_11,484689000,"National Bank Examiner/Bank Examiner (Capital Markets Lead Expert), NB-0570-VI"
2017_11,485285500,"Legal Instruments Examiner, GS-0963-06 (DE/CR)"
2017_11,484603900,"NBE/BE (Bank Information Technology), NB-0570-VI.2"
2017_11,485261900,Attorney-Examiner (CR)
2017_11,484629000,Supervisory Forensic Scientist
2017_11,485167300,Civil Engineer
2017_11,484434800,National Bank Examiner/Bank Examiner (Problem Bank Specialist) NB-0570-VI
2017_11,485374400,"National Bank Examiner/Bank Examiner (LB Asset Management), NB-570-V/V.2"
2017_11,484405500,"Supervisory Contract Specialist, NB-1102-VI"
2017_11,484414700,"National Bank Examiner/Bank Examiner (LE Capital Markets Risk Specialist), NB-0570-VI.2"
2017_11,485373500,"Supv NBE/BE (EXCEL I Team Leader) w/emphasis in Retail Credit, NB-570-VII (Temporary NTE 2 years)"
2017_11,484047100,"Director, Enterprise Workforce Planning"
2017_11,485276200,Contact Representative Management Trainee (Bilingual-Spanish) *MSP* **LDP Temporary NTE 1 Year**
2017_11,485021500,"NBE/BE (Senior Advisor to the SDC for LBS), NB-570-VII"
2017_11,484603300,"NBE/BE (Large Banks Compliance), NB-0570-VI.2"
2017_11,484428900,"General Engineer/Architecture, GS-0801/0808-12 (Interdisciplinary)"
2017_11,484654900,Information Technology Specialist
2017_11,485313500,Environmental Protection Specialist
2017_11,484783800,"Deputy Comptroller, External Governance & Ombudsman, NB-570-VIII"
2017_11,485253600,Attorney-Examiner (CR)
2017_11,484786100,Environmental Engineer
2017_11,483910200,Information Technology Specialist (INFOSEC)
2017_11,485281600,"Technical Assistant, NB-0303-IV"
2017_11,485570700,Attorney-Examiner (CR)
2017_11,484830300,Senior Compliance Specialist
2017_11,485344100,Attorney-Examiner (CR)
2017_11,485167500,Civil Engineer
2017_11,484326700,"Supervisory Natural Resources Specialist, GS-0401-14"
2017_11,485285400,"Legal Instruments Examiner, GS-0963-06 (MAP)"
2017_11,483870500,Information Technology Specialist (INFOSEC)
2017_11,484576200,"Program Analyst, ZA-0343-02/03 (MAP)"
2017_11,485410000,"NBE/BE Director For Critical Infrastructure Policy, NB-0570-VII"
2017_11,484485900,"National Bank Examiner/Bank Examiner (LB Field Examiner),  NB-0570-VI"
2017_11,485546200,"National Bank Examiner/Bank Examiner (LB ERM/Governance),  NB-570-VI.2"
2017_11,484669400,"Program Analyst, NB-0343-VI"
2017_11,485351300,Plant Protection and Quarantine Officer (Plant Health Safeguarding Specialist)
2017_11,485215900,Plant Protection and Quarantine Officer (PHSS/Predeparture Operations)
2017_11,484418300,Supervisory Veterinary Medical Officer (Import/Export)
2017_11,484623100,"Director, Water Division"
2017_11,485320900,Attorney-Examiner (CR)
2017_11,485219400,Attorney-Examiner (CR)
2017_11,484305800,Human Resources Specialist (Accountability Team Lead)
2017_11,484557900,"Pathways Student Trainee (Policy Analyst), GS-0199-3/4/5/7/9 (Open to U.S. citizens) HK"
2017_11,485593500,"NBE/BE Director For Critical Infrastructure Policy, NB-0570-VII"
2017_11,484576400,"Program Analyst, ZA-0343-02/03 (DE/CR)"
2017_11,485478000,Attorney-Examiner (CR)
2017_11,485330100,"Environmental Protection Specialist, GS-0028-11"
2017_11,485273600,Plant Protection & Quarantine Officer (PHSS/Pest Identification)
2017_11,483919100,National Bank Examiner/Bank Examiner (Commercial Credit Lead Expert Support)
2017_11,485606400,"Deputy Comptroller, External Governance & Ombudsman, NB-570-VIII"
2017_11,483950800,"National Bank Examiner/Bank Examiner (LE Asset Management Risk Specialist), NB-570-VI.2"
2017_11,483951600,"National Bank Examiner/Bank Examiner (LE Capital Markets Risk Specialist), NB-0570-VI.2"
2017_11,485266100,Contact Representative Management Trainee *MSP* **LDP Temporary NTE 1 Year**
2017_11,484553000,"Administrative Assistant (Office Automation), NB-0303-III"
2017_11,484678000,Plant Protection and Quarantine Officer (PHSS/Predeparture Operations)
2017_11,484429400,"General Engineer/Architecture, GS-0801/0808-12 (Interdisciplinary)"
2017_11,485373200,"Supv NBE/BE (EXCEL I Team Leader) w/emphasis in Asset Management, NB-570-VII (Temporary NTE 2 years)"
2017_11,483680800,"Supervisory NBE/BE (ERM/Governance Lead Expert), NB-570-VII"
2017_11,483490900,Project Manager (Engineering)
2017_11,483493100,Project Manager (Engineering)
2017_11,483807300,Student Trainee (Administration)
2017_11,483698800,"Accountant/Accounting Policy Advisor, NB-0510-VI"
2017_11,483377500,"National Bank Examiner/Bank Examiner (Large Banks Compliance), NB-0570-V/V.2"
2017_11,483649200,"Accountant / Sr. Policy Accountant, NB-0510-VI"
2017_11,483675400,Administrative Support Assistant
2017_11,483680600,Human Resources Specialist (Accountability Team Lead)
2017_11,483467500,"National Bank Examiner/Bank Examiner (LB Field Examiner), NB-0570-V/V.2"
2017_11,483467900,"National Bank Examiner/Bank Examiner (LB Field Examiner), NB-570-V/V.2"
2017_11,483373600,Environmental Engineer (GEMS Coordinator)
2017_11,483492700,Project Manager (Engineering)
2017_11,483589900,Human Resources Assistant (Human Resources Development)
2017_11,483702300,Organizational Development Specialist (Engagement)
2017_11,483696100,"Lead Records and Information Management Specialist, NB-308-VI"
2017_11,483639200,"National Bank Examiner/Bank Examiner (LB Field Examiner) w/Capital Markets,  NB-570-VI"
2017_11,483648800,"FINANCIAL ECONOMIST, NB-0110-6"
2017_11,483687100,Human Resources Specialist (Classification)
2017_11,483639000,"National Bank Examiner/Bank Examiner (LB Field Examiner) w/Capital Markets,  NB-570-VI"
2017_11,483152800,Archaeologist
2017_11,483550300,STERILE PROCESSING & SUPPLY -  Medical Supply Technician
2017_11,483679700,Human Resources Specialist (Accountability Team Lead)
2017_11,483633600,"Accountant/Senior Accounting Policy Advisor, NB-0510-VI.2"
2017_11,483647900,"FINANCIAL ECONOMIST, NB-0110-6"
2017_11,483650400,"FINANCIAL ECONOMIST, NB-0110-6"
2017_11,483569900,Senior Management and Program Analyst
2017_11,483674900,Administrative Support Assistant
2017_11,483631500,POWERED SUPPORT SYSTEMS MECHANIC LEADER
2017_11,483647200,"FINANCIAL ECONOMIST, NB-0110-6"
2017_11,483587900,Program Analyst (Workforce Planning)
2017_11,483553800,"Supervisory National Bank Examiner (Examiner-In-Charge), NB-570-VII"
2017_11,483492400,Project Manager (Engineering)
2017_11,483230200,"Realty Specialist, GS-1170-12"
2017_11,483649500,"Accountant / Sr. Policy Accountant, NB-0510-VI"
2017_11,483613500,Supervisory Environmentalist
2017_11,483872700,SAFETY AND OCCUPATIONAL HEALTH SPECIALIST
2017_11,483713700,Field Manager - MP
2017_11,483830700,Physical Scientist (Environmental)
2017_11,484628700,Tribal Liaison
2017_11,484171500,Project Manager
2017_11,484628100,Tribal Liaison
2017_11,483991800,ENVIRONMENTAL ENGINEER
2017_11,484146500,PROGRAM ANALYST
2017_12,459724900,Plant Protection and Quarantine Officer (Plant Health Safeguarding Specialist)
2017_12,467867600,"Field Manager, GS-0340-13 (MP)"
2017_12,486973600,"Special Counsel (WEDO), NB-905-VI.2"
2017_12,486107000,Project Manager (MPP-NW)
2017_12,486259100,"National Bank Examiner/Bank Examiner (MBS Enterprise Governance & Operational Risk), NB-570-VI"
2017_12,486472400,"Financial Economist, NB-0110-5.2"
2017_12,486144100,IT Specialist (INFOSEC)
2017_12,486491500,"Financial Economist, NB-0110-5.2"
2017_12,487007700,Plant Protection and Quarantine Officer (PHSS)
2017_12,487550800,POWERED SUPPORT SYSTEMS MECHANIC
2017_12,486804700,Plant Protection Technician (Domestic)
2017_12,486473800,"Financial Economist, NB-0110-5.2"
2017_12,486108100,Project Manager (DEU-NW)
2017_12,486093000,Environmental Protection Specialist ZA 0028-03/04 (DE/CR)
2017_12,486497800,"Financial Economist, NB-0110-VI"
2017_12,486974900,"Special Counsel, (E&C) - NB-905-VI.2"
2017_12,485956700,"Community Affairs Officer, NB-0301-VI"
2017_12,486971400,"Special Counsel (NEDCO), NB-905-VI.2"
2017_12,486833100,"Program Specialist, NB-301-V (Amended to extend the closing date.)"
2017_12,486177000,"National Bank Examiner (Analyst to ADC), NB-0570-V Step 2"
2017_12,486173700,"National Bank Examiner (Analyst to ADC), NB-0570-V Step 2"
2017_12,486532100,"Financial Economist, NB-0110-5.2"
2017_12,486156100,"National Bank Examiner/Bank Examiner (Large Bank Asset Management), NB-570-V/V.2"
2017_12,486998800,"Supervisory Natural Resource Management Specialist/Fish Biologist, ZP-0401/0482-4 (MAP)"
2017_12,486618600,"Deputy Director, Office of Ground Water and Drinking Water"
2017_12,486213100,"National Bank Examiner/ Bank Examiner (Compliance),  NB-0570-VI"
2017_12,486263700,"National Bank Examiner/Bank Examiner (Field Examiner) w/emphasis in Commercial Credit, NB-0570-VI"
2017_12,487566500,Grants and Contracts Oversight Specialist
2017_12,486507000,"Financial Economist, NB-0110-6"
2017_12,486297700,National Bank Examiner/Bank Examiner (CCA Information Systems Director) NB-0570-VII
2017_12,487123400,"Community Affairs Officer, NB-0301-VI"
2017_12,486472700,"Financial Economist, NB-0110-6"
2017_12,487007600,Plant Protection and Quarantine Officer (PHSS)
2017_12,486972300,"Special Counsel, (LRA) - NB-905-VI.2"
2017_12,486046800,National Bank Examiner/Bank Examiner (Market Risk Specialist)
2017_12,486259600,"National Bank Examiner/Bank Examiner (Mortgage Banking), NB-0570-V"
2017_12,486914400,Plant Protection and Quarantine Officer (PHSS - Pest Identification)
2017_12,486969700,"Special Counsel (AIL), - NB-905-VI.2"
2017_12,486999000,"Supervisory Natural Resource Management Specialist/Fish Biologist, ZP-0401/0482-4 (DE/CR)"
2017_12,486131900,"Administrative Assistant (Office Automation), NB-0303-III"
2017_12,486092900,Environmental Protection Specialist ZA 0028-03/04 (MAP)
2017_12,485772600,Senior Analyst
2017_12,485613600,Plant Protection and Quarantine Officer (Plant Health Safeguarding Specialist)
2017_12,485884700,"Supervisory Trial Attorney (Deputy Chief of Policy, ESU)"
2017_12,485273900,"Supervisory National Bank Examiner (Assistant Deputy Comptroller), NB-0570-VII"
2017_12,485533700,Plant Protection and Quarantine Officer (Plant Health Safeguarding Specialist)
2017_12,485466300,Plant Protection and Quarantine Officer (Plant Health Safeguarding Specialist)
2017_12,486157000,Supervisory Realty Specialist
2017_12,487639100,Supervisory Permit Program Specialist (Backcountry/AIS)
2017_12,487315600,Visitor Service Assistant
2017_12,487488000,Visitor Services Assistant (Backcountry Permits/AIS)
2017_12,486708700,SUPERVISORY ENVIRONMENTAL PROTECTION SPECIALIST
2017_12,486369100,Park Ranger (Permit Coordinator)
2017_12,487115100,Interdisciplinary
2017_12,487488300,Lead Visitor Services Assistant (Backcountry Permits/AIS)
2017_12,487031300,Park Ranger (Permit Coordinator)
2018_01,452369100,Architect
2018_01,467477400,Government Information Specialist (FOIA/PA)
2018_01,488557300,Interdisciplinary(Env Bio/Arch/Gen Eng/Chem Eng /Env Eng/Geol/Phy Sci/Ecologist) (401/193/801/893/819/1350/1301/408)
2018_01,489176100,Interdisciplinary - Biologist/Ecologist/Physical Scientist
2018_01,489322400,"General Engineer (LNG), GS-0801-14 (Open to All U.S. Citizens)"
2018_01,489275400,"Executive Liaison - 401 (K) Oversight, NB-0301-VII"
2018_01,490020900,"Director for Banking Relations, NB-570-VII"
2018_01,488189700,"National Bank Examiner/Bank Examiner (Credit Card), NB-0570-V"
2018_01,488189500,"National Bank Examiner/Bank Examiner (Mortgage Banking), NB-0570-V"
2018_01,488134200,"Program Analyst, NB-0343-VI"
2018_01,487448000,IT Project  Manager (APPSW)
2018_01,487181100,Plant Protection and Quarantine Officer (Plant Health Safeguarding Specialist)
2018_01,487854300,Management Analyst
2018_01,488215800,Park Ranger (River Patrol)
2018_01,488307200,"Administrative Assistant (Office Automation), NB-0303-III"
2018_01,488120100,Assistant Hospital Housekeeping Officer
2018_01,488031700,Interdisciplinary- Supervisory Environmental Engineer/Life Scientist/Physical Scientist
2018_01,488245500,"Program Analyst,GS-0343-12/13"
2018_01,488189300,"National Bank Examiner/Bank Examiner (Enterprise Governance & Operational Risk), NB-0570-V"
2018_01,488189600,"National Bank Examiner/Bank Examiner (Credit Card), NB-570-VI"
2018_01,488341300,"Director, Water Protection Division"
2018_01,487782400,Information Technology Specialist
2018_01,488189400,"National Bank Examiner/Bank Examiner (MBS Mortgage Banking Team Member), NB-570-VI"
2018_01,488378800,Program Analyst
2018_01,488189000,"NBE/BE (MBS Enterprise Governance & Operational Risk Lead Expert Support), NB-570-VI"
2018_01,487807700,DETAIL - Supervisory Physical Scientist
2018_01,488189200,"National Bank Examiner/Bank Examiner (MBS Enterprise Governance & Operational Risk), NB-570-VI"
2018_01,488183800,"National Bank Examiner/Bank Examiner (Team Leader), NB-0570-VI"
2018_01,488430700,CLINICAL COUNSELOR COMMUNITY COUNSELING PROGRAM
2018_01,488462800,"Research Analyst (Financial Economist), NB-0110-IV"
2018_01,488763100,Student Trainee (Biological Science)
2018_01,488557400,Environmental Protection Specialist
2018_01,488838100,Examination Technician
2018_01,489254700,Project Manager
2018_01,488529300,"Supervisory NBE/BE (BIT Team Lead), NB-0570-VII"
2018_01,488512400,MAINTENANCE MECHANIC SUPERVISOR
2018_01,489245100,Supervisory IT Specialist (INFOSEC)
2018_01,488886400,Writer-Editor
2018_01,488890700,"National Bank Examiner/Bank Examiner (Analyst to the Deputy Comptroller), NB-0570-VI Step 2"
2018_01,488558100,"National Bank Examiner/ Bank Examiner (Asset Management),  NB-570-VI"
2018_01,489452200,Park Ranger (Permit Coordinator)
2018_01,488659800,Natural Resource Specialist
2018_01,488559100,"Human Resources Specialist (Human Resources Development), NB-0201-VI"
2018_01,489174900,"Associate Deputy Comptroller, NB-0570-VII Step 2"
2018_01,489101400,"Biologist, ZP-0401-3 (DE/CR)"
2018_01,489255300,Project Manager
2018_01,489278700,"Executive Liaison - 401 (K) Oversight, NB-0301-VII"
2018_01,489630100,"Budget Analyst, NB-560-IV/V"
2018_01,488936500,"National Bank Examiner/Bank Examiner (Commercial Credit Lead Expert Support), NB-0570-VI"
2018_01,489219800,"Supervisory National Bank Examiner (Assistant Deputy Comptroller), NB-0570-VII"
2018_01,489164000,"Deputy Comptroller for Human Capital, NB-0201-VIII"
2018_01,489036500,"NBE/BE (Payments Risk Analyst), NB-0570-06"
2018_01,488529000,"Supervisory NBE/BE (Shared National Credit Program Manager), NB-0570-VII"
2018_01,489437800,Case Management Administrator-NB-301-V
2018_01,489041000,"NBE/BE (LB Field Examiner) w/Analyst Responsibilities,  NB-570-VI"
2018_01,488904000,Assistant National Bank Examiner
2018_01,489675800,"Human Resources Specialist (Human Resources Development), NB-201-V"
2018_01,489021600,"Executive Assistant to the SDC for Management/CFO, NB-0301-VI"
2018_01,489283300,"Executive Liaison - 401 (K) Oversight, NB-0301-VII"
2018_01,490127100,"Supervisory National Bank Examiner (Assistant Deputy Comptroller-National Trust Banks), NB-0570-VII"
2018_01,488558000,"National Bank Examiner/Bank Examiner (Asset Management), NB-0570-VI"
2018_01,489322300,"General Engineer (LNG), GS-0801-14 (Open to Status & VEOA Applicants)"
2018_01,488891800,"National Bank Examiner (Analyst to ADC), NB-0570-V Step 2"
2018_01,489169100,Senior Project Manager (Construction)
2018_01,489704000,Interdisciplinary Supervisory Life Scientist/Enviornmental Engineer/Physical Scientist
2018_01,489715200,Attorney-Examiner (CR)
2018_01,490083400,POWERED SUPPORT SYSTEMS MECHANIC SUPERVISOR
2018_01,489141200,"NBE/Significant Service Provider/Cpc), NB-0570-VI.2"
2018_01,488513100,"Executive Liaison - 401 (K) Oversight, NB-0301-VII"
2018_01,489676400,"Supervisory NBE (Examiner-In-Charge-Wells Fargo), NB-570-VIII"
2018_01,489101900,"Biologist, ZP-0401-3 (MAP)"
2018_01,489407200,Concessions Management Specialist
2018_01,489703000,Environmental Protection Specialist
2018_01,487945400,Botanist
2018_01,488351200,Supervisory Park Ranger (P)
2018_01,487943600,Botanist
2018_01,488704800,BIOLOGIST
2018_01,486149600,Environmental Protection Specialist
2018_02,490244800,"National Bank Examiner/Bank Examiner (Team Leader), NB-0570-VI"
2018_02,490346100,"Supervisory NBE/BE (LB Compliance Team Lead),  NB-570-VII"
2018_02,490276800,Supervisory Information Technology Specialist (INFOSEC)
2018_02,490231000,National Bank Examiner/Bank Examiner (Retail Credit Lead Expert)
2018_02,490345100,"Supervisory NBE/BE (Risk Team Lead - Credit Risk), NB-0570-VII.2"
2018_02,490150900,Assistant National Bank Examiner
2018_02,490270100,Emergency Management Specialist (Mitigation)
2018_02,490446100,Program Development Oversight Specialist
2018_02,490272500,Emergency Management Specialist (Mitigation)
2018_02,490380400,"Logistical Services Manager, NB-0342-VI"
2018_02,490089600,Emergency Management Specialist (Mitigation)
2018_02,490152000,"National Bank Examiner/Bank Examiner (Analyst to the SDC), NB-0570-VI.2"
2018_02,490089200,Emergency Management Specialist (Mitigation)
2018_02,490572800,National Bank Examiner/Bank Examiner (Capital Markets Lead Expert Support)
2018_02,490822300,Fish and Wildlife Biologist
2018_02,490572400,National Bank Examiner/Bank Examiner (Commercial Credit Lead Expert Support)
2018_02,490545600,Plant Protection and Quarantine Officer (Plant Health Safeguarding Specialist)
2018_02,490526600,"Administrative Assistant (Office Automation), NB-0303-III"
2018_02,490543700,Plant Protection and Quarantine Officer (Plant Health Safeguarding Specialist)
2018_02,490152600,Assistant National Bank Examiner
2018_02,490481100,Interdisciplinary - Environmental Engineer/Life Scientist/Physical Scientist
2018_02,490573400,"National Bank Examiner/Bank Examiner (Risk and Operations Officer Analyst), NB-0570-V Step 2"
2018_02,490128400,"Supervisory National Bank Examiner (Assistant Deputy Comptroller-National Trust Banks), NB-0570-VII"
2018_02,490928100,SUPERVISORY MANAGEMENT AND PROGRAM ANALYST (RAAS) *FLRP*
2018_02,491443700,"Logistical Services Manager, NB-0342-VI"
2018_02,492215400,"Supervisory Training Specialist, NB-1712-VI (Instructional Development)"
2018_02,491544000,"National Bank Examiner/Bank Examiner (LB Commercial Credit), NB-570-VI.2"
2018_02,491632000,Environmental Protection Specialist
2018_02,492014900,Program Development and Oversight Specialist
2018_02,490964400,Public Affairs Specialist
2018_02,492179000,"National Bank Examiner/Bank Examiner (Retail Credit), NB-570-VI"
2018_02,491620200,"National Bank Examiner (Analyst to ADC), NB-0570-V Step 2"
2018_02,491509600,"National Bank Examiner (Analyst to Director for IBS), NB-0570-V/V.2"
2018_02,492178600,"Supervisory National Bank Examiner (Midsize Examiner-In-Charge), NB-0570-VI.2"
2018_02,491755900,"Supervisory Training Specialist, NB-1712-VI (Instructional Development)"
2018_02,492067300,Park Ranger (River Patrol)
2018_02,491830700,"Supervisory Trial Attorney (Deputy Chief, ESU)"
2018_02,491467700,Park Ranger (River Patrol)
2018_02,491010100,"Supervisory NBE/BE (Risk Team Lead - Credit Risk), NB-0570-VII.2"
2018_02,491632100,Environmental Protection Specialist
2018_02,491568700,Student Trainee (Legal)
2018_02,491376400,Program Manager
2018_02,491811300,"National Bank Examiner/Bank Examiner (BIT Lead Expert Support), NB-570-V Step 2"
2018_02,492533100,"Program Analyst,GS-0343-12/13"
2018_02,492474300,"Supervisory Human Resources Specialist, HR Development (Learning Center Manager)"
2018_02,492537000,"Program Analyst,GS-0343-12/13"
2018_02,492178700,"Supervisory National Bank Examiner/Bank Examiner (Midsize Examiner-In-Charge), NB-0570-VI.2"
2018_02,491208100,Programs and Events Operations Assistant
2018_02,491198500,"Supervisory National Bank Examiner (Risk & Operations Officer), NB-0570-VII"
2018_02,492635100,Legal Technician-NB-986-III
2018_02,492178900,"National Bank Examiner/Bank Examiner (Capital Markets), NB-570-VI"
2018_02,491045200,Biological Scientist
2018_02,491576500,Fish and Wildlife Biologist (Private Lands)
2018_02,490384800,SUPERVISORY ENVIRONMENTAL PROTECTION SPECIALIST
2018_02,490458500,Lead Medical Supply Technician
2018_02,490530400,Chemist
2018_02,492199400,HR Spec (Classification/Recruitment & Placement)
2018_02,490198900,Visitor Use Assistant
2018_02,489680900,Biologist
2018_03,465608100,Electrical Engineer
2018_03,465608900,Electrical Engineer
2018_03,495020900,Air Traffic Control Specialist (Terminal-Instructor)
2018_03,493675200,"Administrative Assistant (Office Automation), NB-0303-III"
2018_03,492751700,"Innovation Technician, NB-0303-IV"
2018_03,492992200,Natural Resource Specialist
2018_03,493133600,POWERED SUPPORT SYSTEMS MECHANIC SUPERVISOR
2018_03,493240400,"Social Scientist (Environmental Data Analyst), GS-101-11/12 (Open to Status & VEOA Applicants)"
2018_03,492634100,Physical Science Technician (Minerals)
2018_03,493241000,"Social Scientist (Environmental Data Analyst), GS-101-11/12 (Open to All U.S. Citizens)"
2018_03,493404000,"National Bank Examiner/Bank Examiner (LB Supervisory Strategy & Resource Analyst), NB-570-VI"
2018_03,492993100,Natural Resource Specialist
2018_03,493434300,"National Bank Examiner/Bank Examiner (LB Field Examiner) w/Analyst Responsibilities,  NB-570-VI"
2018_03,492952500,Legal Assistant
2018_03,494676200,Fish Biologist ZP-0482-02 (DE/CR)
2018_03,495278300,Supervisory Life Scientist/Environmental Engineer/Physical Scientist
2018_03,495387100,Mining Engineer/Geologist
2018_03,496258700,"Social Scientist (Environmental Data Analyst), GS-101-11/12 (Open to All U.S. Citizens)"
2018_03,495180300,National Project Manager
2018_03,494906900,"Realty Specialist, GS-1170-12"
2018_03,494974500,Emergency Management Specialist (Mitigation)
2018_03,494947400,Environmental Engineer
2018_03,494668500,"National Bank Examiner (Analyst to ADC), NB-0570-V Step 2"
2018_03,494387800,"Financial Analyst, NB-1160-V"
2018_03,494351300,Real Property Services Projects Manager
2018_03,495501500,Gallery Aide (Museum Aid)
2018_03,495214400,"Director, Resource Conservation and Restoration Division"
2018_03,494910000,Engineering Technician (Civil)
2018_03,494161300,"Supervisory Procurement Analyst, NB-1102-VI"
2018_03,494273000,Emergency Management Specialist (Mitigation)
2018_03,495491200,Gallery Aide (Museum Aid)
2018_03,494362100,"Senior Counsel (NEDCO), NB-905-VII"
2018_03,494875200,Hydrologist
2018_03,494509300,"Supervisory NBE/BE (Director for District Licensing), NB-570-VII"
2018_03,494973700,Emergency Management Specialist (Mitigation)
2018_03,496257700,"Social Scientist (Environmental Data Analyst), GS-101-11/12 (Open to Status & VEOA Applicants)"
2018_03,494906800,"Realty Specialist, GS-1170-12"
2018_03,495297400,"Supervisory NBE (Examiner-In-Charge-London Office), NB-570-VII"
2018_03,494272900,Emergency Management Specialist (Mitigation)
2018_03,495304700,"Supervisory Repayment Specialist, GS-1101-13 (MPP) (FR)"
2018_03,494385900,"Supervisory NBE (Examiner-In-Charge), NB-570-VII.2"
2018_03,494081900,Natural Resources Specialist
2018_03,494086400,Natural Resources Specialist
2018_03,495388900,Legal Assistant
2018_03,494946700,Environmental Protection Specialist
2018_03,494908100,Engineering Technician (Civil)
2018_03,494766100,Civil Engineer (MAP)
2018_03,495257600,Recreation Management Specialist
2018_03,493852000,"Supervisory National Bank Examiner (Assistant Deputy Comptroller), NB-0570-VII"
2018_03,494171200,"Supervisory Procurement Analyst, NB-1102-VI"
2018_03,494388800,"Financial Analyst, NB-1160-V"
2018_03,493924100,Supervisory Resource Management Specialist
2018_03,495276200,Physician (Cardio Fellow)
2018_03,494251500,Fish Biologist
2018_03,494872600,NATURAL RESOURCES SPECIALIST
2018_03,493023600,Revenue and Fee Business Manager
2018_03,494462900,MEDICAL SUPPLY TECH (STERILE PROCESSING QA)
2018_03,494595500,Environmental Protection Specialist
2018_03,495004100,Environmental Engineer
2018_03,495307100,ENVIRONMENTAL PROTECTION SPECIALIST
2018_03,492686900,ARLDP Management and Program Analyst
2018_03,493021300,Revenue and Fee Business Manager
2018_03,493542400,Realty Specialist
2018_03,493349900,Realty Specialist (Contracts Management)
2018_03,494685700,Administrative Officer
2018_03,494228600,Industrial Hygienist
2018_03,494688100,Administrative Officer
2018_03,493487800,ENVIRONMENTAL PROTECTION SPECIALIST
2018_04,497145600,Life Scientist/Environmental Engineer/Physical Scientist (Permit Specialist)
2018_04,495985500,"Supervisory Financial Economist (Director of IABC), NB-0110-VII"
2018_04,495788100,Lead UAS Project Engineer
2018_04,496396600,"Program Specialist, NB-301-V"
2018_04,496421300,Mining Engineer/Geologist
2018_04,495643700,SUPERVISORY MANAGEMENT AND PROGRAM ANALYST **FMSS FLRP** (FRONTLINE LEADER READINESS PROGRAM - TRAINING)
2018_04,495644800,SUPERVISORY INFORMATION TECHNOLOGY (IT) SPECIALIST ** IT FLRP** (FRONTLINE LEADER READINESS PROGRAM – TRAINING)
2018_04,495854300,"NBE/BE (Large Banks Compliance),  NB-0570-VI.2"
2018_04,495750500,SUPERVISORY INFORMATION TECHNOLOGY (IT) SPECIALIST **IT FLRP** (FRONTLINE LEADER READINESS PROGRAM- TRAINING)
2018_04,496316300,Geographer - GS-0150-12 - (DEU-PERM-JJ)
2018_04,495843400,"National Bank Examiner/Bank Examiner (Analyst to AsDC), NB-0570-VI"
2018_04,495620100,"Supervisory Human Resources Specialist (Manager, HC Resources & Solutions)"
2018_04,495645000,SUPERVISORY INFORMATION TECHNOLOGY (IT) SPECIALIST **IT FLRP** (FRONTLINE LEADER READINESS PROGRAM- TRAINING)
2018_04,494865200,Attorney-Adviser (GENERAL)
2018_04,496349200,Social Scientist (Environmental Data Analyst)
2018_04,495644500,SUPERVISORY CONTRACT SPECIALIST **PROCUREMENT FLRP** (FRONTLINE LEADER READINESS PROGRAM - TRAINING)
2018_04,495643400,SUPERVISORY MANAGEMENT AND PROGRAM ANALYST ** PGLD FLRP** (FRONTLINE LEADER READINESS PROGRAM - TRAINING)
2018_04,495619100,Doyle Drive Program Manager
2018_04,496034200,"Associate Deputy Comptroller, NB-0570-VII Step 2"
2018_04,495644300,SUPERVISORY BUSINESS OPERATIONS SPECIALIST (SECTION CHIEF) ** PROCUREMENT FLRP TRAINING** (FRONTLINE LEADER READINESS PROGRAM - TRAINING)
2018_04,496332400,Interdisciplinary Social Scientist/Biological Scientist
2018_04,495685900,POWERED SUPPORT SYSTEMS MECHANIC LEADER
2018_04,497303300,"NBE/BE (Analyst to Deputy Comptroller - Large Banks), NB-0570-VI.2"
2018_04,496660700,"Student Trainee (Computer Science), NB-1599-III"
2018_04,496965900,"Legal Technician, NB-986-IV"
2018_04,496606600,Environmental Protection Specialist
2018_04,497677300,"National Bank Examiner/Bank Examiner (Team Leader), NB-0570-VI"
2018_04,496953900,Program Analyst and Federal Highway Administration Liaison
2018_04,497157800,"Financial Economist (Lead Modeling Expert), NB-0110-VI.2"
2018_04,497936900,"National Bank Examiner/Bank Examiner (Compliance), NB-0570-VI"
2018_04,497310100,Information Technology Specialist
2018_04,496921700,Environmental Protection Specialist
2018_04,496606400,Environmental Protection Specialist
2018_04,496754100,"Contract Specialist, NB-1102-IV/V"
2018_04,497077600,"Deputy Comptroller & Chief Accountant, NB-0510-VIII"
2018_04,496921200,Environmental Protection Specialist
2018_04,497578000,"NBE/BE (LE Commercial Credit Risk Specialist), NB-0570-VI.2"
2018_04,496656800,"NBE/BE (Senior Advisor to the SDC for LBS), NB-570-VII"
2018_04,497468800,"NBE/BE (LE Commercial Credit Risk Specialist), NB-0570-VI.2"
2018_04,497181600,Program Analyst
2018_04,496586700,Plant Protection and Quarantine Officer (Plant Health Safeguarding Specialist/Pest Identification)
2018_04,496659700,"Student Trainee (Computer Science), NB-1599-II"
2018_04,496687200,"NBE/BE (Analyst to Deputy Comptroller - Large Banks), NB-0570-VI.2"
2018_04,498081200,National Bank Examiner (Ombudsman Analyst)
2018_04,497936600,National Bank Examiner/Bank Examiner (Bank Information Technology)
2018_04,497601700,"Manager for Business Solutions, NB-0501-VI"
2018_04,497821300,"National Bank Examiner/Bank Examiner (Analyst to Associate Deputy Comptroller), NB-0570-VI"
2018_04,497936800,National Bank Examiner/Bank Examiner (Bank Information Technology)Temporary NTE 1 year
2018_04,496696600,Rangeland Management Specialist
2018_04,498141600,Supervisory Medical Support Assistant (MSA) Trainer/Auditor
2018_04,496687100,Medical Supply Technician
2018_04,497676000,Industrial Hygienist
2018_04,496154600,Medical Supply Technician
2018_04,495892700,ADMINISTRATIVE/TECHNICAL SPECIALIST
2018_04,496918500,Environmental Protection Specialist
2018_04,498099400,Park Ranger (I)  Wilderness
2018_05,499252000,"National Bank Examiner/Bank Examiner (LB Field Examiner) w/Capital Markets,  NB-570-VI"
2018_05,499280000,Supervisory Budget Analyst (W&I) *FLRP*
2018_05,499845500,"National Bank Examiner/ Bank Examiner (LB Asset Management),  NB-570-VI"
2018_05,499443000,"Biologist (Endangered Species), ZP-0401-4 (DE/CR)"
2018_05,500588700,Emergency Management Specialist (Mitigation)
2018_05,499433600,"Program Specialist, NB-301-V"
2018_05,500837800,Director for Compensation and Benefits - NB-0201-VII
2018_05,501003200,"National Bank Examiner/Bank Examiner (LB Field Examiner), NB-570-V/V.2"
2018_05,500016800,General Engineer
2018_05,499442800,"Biologist (Endangered Species), ZP-0401-4 (MAP)"
2018_05,499435100,Chief U.S. Probation Officer -- Re-Post
2018_05,499518300,"Information Security Specialist, NB-0080-V"
2018_05,500844000,"National Bank Examiner/Bank Examiner (Analyst to Large Bank EIC), NB-570-VI"
2018_05,499280100,Supervisory Education and Services Specialist (W&I) *FLRP*
2018_05,499279600,Supervisory Educational Services Specialist (W&I) *FLRP*
2018_05,499315300,Supervisory Interdisciplinary General Engineer/Physical Scientist
2018_05,499914500,Deputy Manager Livermore Field Office
2018_05,499902600,Lead Civil Engineer (Hydraulics)
2018_05,500590200,Emergency Management Specialist (Mitigation)
2018_05,499246200,Supervisory Financial Management Analyst (CFO) *FLRP*
2018_05,500051100,"Geophysicist, GS-1313-12 (Temp-CTAP/ICTAP-AT)"
2018_05,498340300,"National Bank Examiner/Bank Examiner (LB Field Examiner) w/Analyst Responsibilities, NB-570-V/V.2"
2018_05,499226900,"Supervisory National Bank Examiner (Midsize Examiner-In-Charge), NB-0570-VI.2"
2018_05,499081500,Supervisory Financial Management Analyst (CFO) *FLRP*
2018_05,498427800,Accountant
2018_05,499227000,"Supervisory National Bank Examiner/Bank Examiner (Midsize Examiner-In-Charge), NB-0570-VI.2"
2018_05,498532000,CIVIL ENGINEER (Water Wastewater)
2018_05,498982000,Supervisory Equal Employment Specialist (NHQ) *FLRP*
2018_05,498512500,"National Bank Examiner/Bank Examiner (LB Field Examiner) w/Capital Markets,  NB-570-VI"
2018_05,498583400,Life Scientist/Environmental Engineer/Physical Scientist
2018_05,499162100,Project Manager (Engineering or Natural Resources)
2018_05,498980800,Supervisory Life Scientist/Environmental Engineer/Physical Scientist
2018_05,498445300,Attorney-Examiner (CR)
2018_05,498880400,"National Bank Examiner/Bank Examiner (LB Field Examiner) w/Capital Markets,  NB-570-VI"
2018_05,498969700,"Program Specialist, NB-0301-V"
2018_05,498951600,Supervisory Management and Program Analyst (HQ) *FLRP*
2018_05,497271100,Plant Protection and Quarantine Officer (Plant Health Safeguarding Specialist)
2018_05,499141900,Plant Protection and Quarantine Officer (Plant Health Safeguarding Specialist)
2018_05,498473800,"Supervisory National Bank Examiner (Assistant Deputy Comptroller), NB-0570-VII"
2018_05,498657100,Plant Pathologist (Staff Officer)
2018_05,498315900,Supervisory Economist/Supervisory Statistician
2018_05,498427600,Public Affairs Specialist
2018_05,498346400,Attorney-Examiner (CR)
2018_05,498396400,Mining Engineer/Geologist
2018_05,499163800,Project Manager (Engineering or Natural Resources)
2018_05,498562400,Resource Management Coordinator (CTAP/ICTAP)
2018_05,499082500,Supervisory Staff Accountant (CFO) *FLRP*
2018_05,500459000,"NBE/BE (LB BIT Examiner),  NB-570-VI"
2018_05,499822700,Civil Engineer
2018_05,500454100,"NBE/BE (LB Field Examiner) with emphasis in Commercial Credit, NB-0570-VI"
2018_05,500539300,"Supervisory NBE (Deputy EIC for Supervision & Opns), NB-570-VII"
2018_05,500476700,"NBE/BE (LB BIT Examiner),  NB-570-VI"
2018_05,499902900,Lead Civil Engineer (Hydraulics)
2018_05,500322700,SUPERVISORY ENVIRONMENTAL PROTECTION SPECIALIST
2018_05,501060800,ENVIRONMENTAL PROTECTION SPECIALIST
2018_05,499524300,Diagnostic Radiologic Technologist
2018_05,500708300,Realty Specialist (Generalist)
2018_05,498800900,HR Spec (Classification/Recruitment & Placement)
2018_05,498831800,Industrial Hygienist - Green Environmental Management System (GEMS Coordinator)
2018_05,500154000,MANAGEMENT ASSISTANT (OA)
2018_05,498906000,Industrial Hygienist
2018_05,499017600,INTERDISCIPLINARY
2018_05,499039600,INTERDISCIPLINARY
2018_05,498759400,Fish and Wildlife Administrator
2018_05,501125000,Realty Specialist
2018_05,498970200,INTERDISCIPLINARY ENVIRONMENTAL ENGINEER/PHYSICAL SCIENTIST
2018_05,500958200,ADMINISTRATIVE/TECHNICAL SPECIALIST
2018_05,499347200,ENVIRONMENTAL PROTECTION SPECIALIST
2018_06,503863300,"Financial Analyst, NB-1160-V"
2018_06,502062700,"National Bank Examiner/Bank Examiner (LB Field Examiner), NB-570-V/V.2"
2018_06,502088600,Executive Assistant To The Comptroller-NB-301-VI
2018_06,503055400,"National Bank Examiner/Bank Examiner (LB Operational Risk), NB-570-VI.2"
2018_06,502511200,POWERED SUPPORT SYSTEMS MECHANIC LEADER
2018_06,502997800,"Associate Deputy Comptroller, NB-0570-VII Step 2"
2018_06,503372100,NATURAL RESOURCE SPECIALIST
2018_06,503538600,"Financial Economist (Lead Modeling Expert), NB-0110-VI.2"
2018_06,502254000,"Human Resources Specialist (Classification), NB-201-V"
2018_06,503086000,Capital Program Branch Manager
2018_06,502801400,"Physical Scientist, Life Scientist, Environmental Engineer (Permit Specialist)"
2018_06,502923900,Deputy Regional Administrator
2018_06,503554900,Land Law Examiner
2018_06,502304300,Lead Civil Engineer - Hydraulics
2018_06,503845700,National Bank Examiner/Bank Examiner (Bank Information Technology)
2018_06,503561600,"National Bank Examiner/Bank Examiner (Consumer Compliance Policy Specialist),  NB-0570-VI"
2018_06,502714900,"Supervisory Accountant, NB-0510-VI"
2018_06,502723900,"Supervisory National Bank Examiner (Assistant Deputy Comptroller), NB-0570-VII"
2018_06,502690900,Capital Program Branch Manager
2018_06,502443600,Environmental Engineer/Physical Scientist/Life Scientist (Enforcement Inspector)
2018_06,502695000,Capital Program Branch Manager
2018_06,502586100,Environmental Engineer/Physical Scientist/Life Scientist
2018_06,503469000,"Director, Water Division"
2018_06,502896500,Attorney-Adviser (General)
2018_06,503201000,Plant Protection and Quarantine Officer (Plant Health Safeguarding Specialist)
2018_06,502560100,Human Resources Specialist/Benefits Analyst - NB-201-V
2018_06,503506900,"National Bank Examiner/Bank Examiner (LB Asset Management), NB-570-V/V.2"
2018_06,502079600,"National Bank Examiner (IBS Field Examiner), NB-570-V/V.2"
2018_06,502165900,NATURAL RESOURCE PROGRAM MANAGER
2018_06,503057700,Capital Program Branch Manager
2018_06,503266700,CIVIL ENGINEER
2018_06,502871100,Attorney-Adviser (General)
2018_06,503222700,"Technical Assistant, NB-0303-IV"
2018_06,502303300,Lead Civil Engineer - Hydraulics
2018_06,501470900,"National Bank Examiner/Bank Examiner (Analyst to the Deputy Comptroller), NB-0570-VI Step 2"
2018_06,501454300,Plant Protection Technician (Domestic)
2018_06,501460300,"Supervisory NBE (Examiner-In-Charge), NB-570-VII.2"
2018_06,502035900,Natural Resource Specialist
2018_06,501714900,Administrative Support Assistant
2018_06,501849100,"Financial Economist (Lead Modeling Expert), NB-0110-VI.2"
2018_06,501166000,"Associate Deputy Comptroller, NB-0570-VII Step 2"
2018_06,500988000,General Engineer/Physical Scientist
2018_06,501322500,Auditor
2018_06,501380300,Veterinary Medical Officer (Import/Export)
2018_06,501268000,POWERED SUPPORT SYSTEMS MECHANIC
2018_06,502035800,Natural Resource Specialist
2018_06,501847400,"Supervisory Financial Economist (Deputy Director), NB-0110-VII"
2018_06,501460000,"Examination Technician, NB-503-III/IV"
2018_06,501716000,Administrative Support Assistant
2018_06,501828100,"Supervisory Financial Economist (Deputy Director), NB-0110-VII"
2018_06,501221100,Public Affairs Specialist
2018_06,501342700,"National Bank Examiner/Bank Examiner (LB Commercial Credit), NB-570-VI.2"
2018_06,501483500,POWERED SUPPORT SYSTEMS MECHANIC SUPERVISOR
2018_06,501936500,Petroleum Engineer
2018_06,503561400,"National Bank Examiner/Bank Examiner (Consumer Compliance Policy Specialist), NB-0570-VI"
2018_06,502437900,"Environmental Engineer, Physical Scientist, Life Scientist"
2018_06,501686700,Realty Specialist (Generalist)
2018_06,503567700,Lead Civil Engineer (Geotechnical)
2018_06,503000500,ENVIRONMENTAL ENGINEER
2018_06,502636700,Fish and Wildlife Biologist
2018_06,501370700,Concessions Management Specialist
2018_06,501364400,Program Support Assistant
2018_06,503275900,Deputy Regional Realty Officer
2018_06,501299900,Interdisciplinary (Recent Graduate)
2018_06,501085600,Supervisory Interdisciplinary
2018_06,501366300,Program Support Assistant
2018_06,502584900,Fish and Wildlife Biologist
2018_06,503755000,Industrial Hygienist-Green Environmental Management System (GEMS) Coordinator
2018_06,503854700,Medical Supply Technician
2018_06,502509700,Realty Specialist (Generalist)
2018_07,506123500,Civil Engineer (Project Manager)
2018_07,505932700,Intergovernmental Affairs Specialist
2018_07,506126200,Pacific Regional Director
2018_07,506092300,Contact Representative Management Trainee *MSP * **LDP** *Temporary NTE 1 Year*
2018_07,506125800,Pacific Regional Director
2018_07,506260900,"Biologist, Environmental Engineer, Physical Scientist"
2018_07,504761400,POWERED SUPPORT SYSTEMS MECHANIC LEADER
2018_07,505797300,"National Bank Examiner/Bank Examiner (Bank Information Technology), NB-0570-V/V.2"
2018_07,505805900,"Supervisory IT Specialist (Applications Software), ZP-2210-4 (MAP)"
2018_07,505407700,Park Ranger (River Patrol)
2018_07,506619200,"Supervisory National Bank Examiner (Examiner-In-Charge-London Office), NB-570-VII"
2018_07,505799200,"National Bank Examiner/Bank Examiner (Bank Information Technology), NB-0570-V/V.2"
2018_07,505911800,"Program Analyst, ZA-0343-2/3 (DE/CR)"
2018_07,505515900,POWERED SUPPORT SYSTEMS MECHANIC SUPERVISOR
2018_07,505912000,"Program Analyst, ZA-0343-2/3 (DE/CR)"
2018_07,505995200,Supervisory Life Scientist/Environmental Engineer/Physical Scientist
2018_07,505224200,Electronics Engineer
2018_07,505806800,"Supervisory IT Specialist (Applications Software), ZP-2210-4 (MAP)"
2018_07,505475000,"NBE/BE (Field Examiner) with emphasis in Commercial Credit, NB-0570-V/V.2"
2018_07,505076900,POWERED SUPPORT SYSTEMS MECHANIC LEADER
2018_07,506091600,Tax Examining Technician Management Trainee *MSP* *LDP* *Temporary NTE 1 Year*
2018_07,505141100,POWERED SUPPORT SYSTEMS MECHANIC
2018_07,505899600,Visitor Services Associate
2018_07,506026900,Supervisory Motor Carrier Safety Specialist-Border Inspector
2018_07,506075000,"National Bank Examiner/Bank Examiner (Analyst to Associate Deputy Comptroller), NB-0570-VI"
2018_07,505604100,"National Bank Examiner/Bank Examiner (Bank Information Technology), NB-0570-V/V.2"
2018_07,505603000,"National Bank Examiner/Bank Examiner (LB BIT Examiner), NB-570-VI"
2018_07,505147800,"Lead Natural Resources Specialist, GS-0401-13"
2018_07,504921500,"NBE/BE (Senior International Advisor), NB-570-VI"
2018_07,505999800,Supervisory Physical Scientist/Environmental Engineer/Life Scientist
2018_07,505314400,Outdoor Recreation Planner
2018_07,506027100,Supervisory Motor Carrier Safety Specialist-Border Inspector
2018_07,504197400,Administrative Support Assistant
2018_07,504088100,POWERED SUPPORT SYSTEMS MECHANIC LEADER
2018_07,504668800,"National Bank Examiner/ Bank Examiner (BSA/AML Compliance Policy Specialist),  NB-0570-VI"
2018_07,504168000,"National Bank Examiner/Bank Examiner (Financial Analysis), NB-0570-V"
2018_07,504533000,"National Bank Examiner/Bank Examiner (BSA/AML Compliance Policy Specialist), NB-0570-VI"
2018_07,504244100,"National Bank Examiner/Bank Examiner (Analyst to Deputy Comptroller - Large Banks), NB-0570-VI.2"
2018_07,504196800,Administrative Support Assistant
2018_07,504243600,"National Bank Examiner/Bank Examiner (Compliance), NB-0570-VI"
2018_07,504617900,"Supervisory Fish and Wildlife Administrator, ZP-0480-5 (MAP)"
2018_07,504184800,"Research Biologist (Aquaculture), ZP-0401-5 (MAP)"
2018_07,504566600,"National Bank Examiner/Bank Examiner (Program Manager), NB-570-VI"
2018_07,504618400,"Supervisory Fish and Wildlife Administrator, ZP-0480-5 (DE/CR)"
2018_07,504376400,"Computer Engineer, NB-0854-V"
2018_07,504376800,"Computer Engineer, NB-0854-V"
2018_07,504434600,"Biological Science Technician (Wildlife), GS-0404-07 (TERM-MTL)"
2018_07,504027300,"Accountant /Accounting Policy Advisor, NB-0510-VI"
2018_07,504027100,"Accountant/Accounting Policy Advisor, NB-0510-VI"
2018_07,503298700,"Realty Specialist, GS-1170-13"
2018_07,504019300,"Accountant / Sr. Policy Accountant, NB-0510-VI"
2018_07,504669500,"National Bank Examiner/Bank Examiner (BSA/AML Compliance Policy Specialist), NB-0570-VI"
2018_07,504024300,"Accountant / Sr. Policy Accountant, NB-0510-VI"
2018_07,504533700,"National Bank Examiner/ Bank Examiner (BSA/AML Compliance Policy Specialist),  NB-0570-VI"
2018_07,504654900,"National Bank Examiner/ Bank Examiner (BSA/AML Compliance Policy Specialist),  NB-0570-VI"
2018_07,504656100,"National Bank Examiner/ Bank Examiner (BSA/AML Compliance Policy Specialist),  NB-0570-VI"
2018_07,504524400,Environmental Engineer/Physical Scientist/Life Scientist (Enforcement Inspector)
2018_07,503744500,Emergency Management Specialist (Mitigation)
2018_07,504081400,"NBE (Significant Service Provider/CPC), NB-0570-VI.2"
2018_07,503742600,Emergency Management Specialist (Mitigation)
2018_07,503885200,Physical Science Technician (Minerals)
2018_07,504566700,"National Bank Examiner/Bank Examiner (LB Field Examiner) w/emphasis Retail Credit, NB-570-V/V.2"
2018_07,504231300,Biological Scientist
2018_07,504076800,"Financial Analyst, NB-1160-V"
2018_07,505911700,"Program Analyst, ZA-0343-2/3 (MAP)"
2018_07,505477300,"National Bank Examiner/Bank Examiner (Compliance), NB-0570-V/V.2"
2018_07,505807100,"Supervisory IT Specialist (Applications Software), ZP-2210-4 (DE/CR)"
2018_07,502263400,Project Manager
2018_07,506525700,Environmental Protection Specialist
2018_07,504957300,Realty Specialist (Generalist)
2018_07,505745800,Concessions Management Specialist
2018_07,505391800,Interdisciplinary (Recent Graduate)
2018_07,505750600,Supervisory Interdisciplinary
2018_07,504366800,Environmental Protection Specialist
2018_07,506409700,INTERDISCIPLINARY
2018_07,505569300,Management Analyst
2018_07,504648100,Environmental Protection Specialist
2018_07,505683300,Archeologist
2018_07,505270900,Assistant Hospital Housekeeping Officer
2018_08,507640000,"National Bank Examiner (Analyst to ADC), NB-0570-V Step 2"
2018_08,508651400,Plant Protection and Quarantine Officer (Plant Health Safeguarding Specialist)
2018_08,509299200,Plant Protection and Quarantine Officer (Plant Health Safeguarding Specialist)
2018_08,509330400,"Environmental Engineer, Physical Scientist, Life Scientist"
2018_08,508069700,Life Scientist/Environmental Engineer/Physical Scientist (Pathways Recent Graduates)
2018_08,508045100,NATURAL RESOURCE SPECIALIST/PHYSICAL SCIENTIST
2018_08,509021100,"Management and Program Analyst, NB-0343-VI"
2018_08,508018100,Environmental Engineer
2018_08,508201000,"Supervisory Computer Scientist, NB-1550-VI"
2018_08,508327800,"Computer Scientist, NB-1550-V"
2018_08,508379200,"National Bank Examiner/Bank Examiner (LB Field Examiner),  NB-0570-VI"
2018_08,508201200,"Supervisory Computer Scientist, NB-1550-VI"
2018_08,508327400,"Computer Scientist, NB-1550-V"
2018_08,507593700,Life Scientist / Environmental Engineer / Physical Scientist
2018_08,508049600,"Director for Midsize Community Bank Supervision Operations and Administration, NB-301-VII"
2018_08,508817500,"Environmental Protection Specialist, GS-0028-09/11"
2018_08,509363700,Environmental Engineer/Scientist
2018_08,508565100,Supervisory Contract Specialist - NB-1102-VII
2018_08,508696700,"National Bank Examiner/Bank Examiner (Analyst to the Deputy Comptroller), NB-0570-VI Step 2"
2018_08,508036500,Administrative Support Assistant
2018_08,509482200,Supervisory National Bank Examiner (Assistant Deputy Comptroller)
2018_08,508091800,Life Scientist/Environmental Engineer/Physical Scientist
2018_08,508544000,"Computer Scientist, NB-1550-VI (Senior Computer Scientist)"
2018_08,509059300,Assistant Director for Human Capital - NB-0201-VII.2
2018_08,508382700,ENGINEERING TECH / NF3
2018_08,509723500,"National Bank Examiner/Bank Examiner (LB Field Examiner) w/emphasis Retail Credit, NB-570-V/V.2"
2018_08,508290000,Program Analyst
2018_08,509690000,"DEPUTY COMPTROLLER FOR ECONOMICS (Risk Analysis), NB-0110-VIII"
2018_08,509481300,"National Bank Examiner (Analyst to ADC), NB-0570-V Step 2"
2018_08,508083500,Supervisory Environmental Engineer/Physical Scientist
2018_08,509300400,Plant Protection Technician (Domestic)
2018_08,509168300,"Computer Scientist, NB-1550-V"
2018_08,509403200,Plant Protection and Quarantine Officer (Plant Health Safeguarding Specialist)
2018_08,508279100,"National Bank Examiner/Bank Examiner (Analyst to the ADC/SSP), NB-0570-V.2"
2018_08,509631400,POWERED SUPPORT SYSTEMS MECHANIC LEADER
2018_08,509295000,Environmental Engineer/Physical Scientist/Life Scientist
2018_08,507928000,"NBE/BE (Senior International Advisor), NB-570-VI"
2018_08,509685300,"Recreational Boating Safety Specialist, GS-0301-13"
2018_08,509021400,"Supervisory Human Resources Specialist, NB-0201-VII"
2018_08,508696800,"National Bank Examiner/Bank Examiner (Analyst to the Deputy Comptroller), NB-0570-VI Step 2"
2018_08,509168900,"Computer Scientist, NB-1550-V"
2018_08,509065400,"Supervisory NBE/BE (LB Team Lead) w/ emphasis in Commercial Credit,  NB-570-VII"
2018_08,508544300,"Computer Scientist, NB-1550-VI (Senior Computer Scientist)"
2018_08,508481800,Economist/Statistician
2018_08,508817200,"Environmental Protection Specialist, GS-0028-09/11"
2018_08,506815600,Contact Representative Management Trainee *MSP * **LDP** *Temporary NTE 5 Years*
2018_08,506835500,Contact Representative Management Trainee *MSP * **LDP** *Temporary NTE 5 Years*
2018_08,507098200,Environmental Engineer/Physical Scientist
2018_08,507289300,"Supervisory National Bank Examiner (Assistant Deputy Comptroller), NB-0570-VII"
2018_08,506808000,"National Bank Examiner/Bank Examiner (Asset Management Lead Expert Support), NB-570-V Step 2"
2018_08,507257300,Tax Examining Technician Management Trainee *LDP* *Temporary NTE 1 Year*
2018_08,506841300,"National Bank Examiner/Bank Examiner (Compliance), NB-0570-VI"
2018_08,507338600,RECREATION MANAGEMENT SPECIALIST (WINTER SPORTS ADMINISTRATOR)
2018_08,508294700,"AST, Experimental Facility Development"
2018_08,508978600,ELECTRONICS TECHNICIAN
2018_08,509577800,SECURITY ASSISTANT
2018_08,508711900,Administrative Officer
2018_08,508606600,Supervisory Civil Engineer
2018_08,508606500,Supervisory Civil Engineer
2018_08,509218500,Environmental Protection Specialist
2018_08,507931600,Supervisory Park Ranger (I)
2018_08,499582400,Realty Specialist (Contracts Management)
2018_08,508042900,NATURAL RESOURCES SPECIALIST
2018_08,509259300,Environmental Protection Specialist
2018_08,508431300,Supervisory Interdisciplinary
2018_08,509143500,Interdisciplinary (Plan Formulation)
2018_08,507024500,INTERDISCIPLINARY NATURAL RESOURCES MANAGER/SUPERVISORY ENVIRONMENTAL ENGINEER
2018_08,508030900,INTERDISCIPLINARY ENGINEER/ARCHITECT
2018_08,507719200,Realty Specialist (Generalist)
2018_08,507071400,Advanced Medical Support Assistant
2018_08,507640400,ARCHEOLOGIST
2018_08,507204500,Supervisory Environmental Care Specialist
2018_08,506868600,SUPERVISORY NATURAL RESOURCES SPECIALIST / PHYSICAL SCIENTIST (MP)
2018_09,510892000,Motor Carrier Safety Specialist - Border Inspector
2018_09,511293700,Life Scientist/Physical Scientist
2018_09,510086600,"Administrative Assistant (Office Automation), NB-0303-III"
2018_09,510966700,Plant Protection Technician (Domestic)
2018_09,510858900,"National Bank Examiner/Bank Examiner (LB Field Examiner), NB-570-V/V.2"
2018_09,510021000,POWERED SUPPORT SYSTEMS MECHANIC SUPERVISOR
2018_09,509933000,"National Bank Examiner/Bank Examiner (LE Governance/ERM Risk Specialist), NB-0570-VI.2"
2018_09,509931800,"National Bank Examiner/Bank Examiner (Analyst to LB Examiner-In-Charge), NB-570-VI"
2018_09,509973900,"National Bank Examiner/Bank Examiner (LB Field Examiner) w/Capital Markets,  NB-570-VI"
2018_09,509968600,"National Bank Examiner/Bank Examiner (LB Field Examiner) w/Capital Markets,  NB-570-V/V.2"
2018_09,509299500,Assistant National Bank Examiner
2018_09,509931700,"National Bank Examiner/ Bank Examiner (LB Asset Management),  NB-570-VI"
2018_09,509865100,Land Law Examiner
2018_09,509932100,"National Bank Examiner/Bank Examiner (LB Commercial Credit), NB-570-VI.2"
2018_09,510874100,Outdoor Recreation Planner
2018_09,510042800,"Associate Deputy Comptroller, NB-0570-VII Step 2"
2018_09,510889100,Motor Carrier Safety Specialist - Border Inspector
2018_09,512424400,Program Analyst (Workforce Planning)
2018_09,510890300,Motor Carrier Safety Specialist - Border Inspector
2018_09,510586400,Human Resources Assistant (Employee Benefits)
2018_09,511282400,Physical Science Technician (Minerals)
2018_09,511354500,"Environmental Engineer, Physical Scientist, Life Scientist"
2018_09,512115400,"National Bank Examiner/ Bank Examiner (LB Asset Management),  NB-0570-VI"
2018_09,510892300,Motor Carrier Safety Specialist - Border Inspector
2018_09,512201800,Wildlife Biologist
2018_09,511941800,Supervisory Resource Management Specialist
2018_09,511233800,Plant Protection and Quarantine Officer (Plant Health Safeguarding Specialist)
2018_09,510893300,Motor Carrier Safety Specialist - Border Inspector
2018_09,510056700,"Associate Deputy Comptroller, NB-0570-VII Step 2 (Temporary NTE 6 months)"
2018_09,511335400,Social Scientist - Environmental Data Analyst
2018_09,511566700,General Attorney
2018_09,510417400,"Environmental Protection Specialist, GS-0028-09/11"
2018_09,511618500,"National Bank Examiner/Bank Examiner (LB Field Examiner) w /emphasis in Retail Credit, NB-570-VI"
2018_09,512078400,"National Bank Examiner (Analyst to ADC), NB-0570-V Step 2"
2018_09,510891000,Motor Carrier Safety Specialist - Border Inspector
2018_09,510893400,Motor Carrier Safety Specialist - Border Inspector
2018_09,510418500,"Environmental Protection Specialist, GS-0028-09/11"
2018_09,511553700,"Appraiser (Real Estate Specialist), NB-1171-VI"
2018_09,512006500,POWERED SUPPORT SYSTEMS MECHANIC LEADER
2018_09,510056800,"Supervisory NBE/BE (Supervisory Information), NB-0570-VI.2 (Temporary NTE 6 months)"
2018_09,511335200,Social Scientist - Environmental Data Analyst
2018_09,511967900,"Supervisory NBE/BE (LB Team Lead) w/ emphasis in Credit Risk,  NB-570-VII"
2018_09,510889600,Motor Carrier Safety Specialist - Border Inspector
2018_09,510670800,Supervisory National Bank Examiner/Bank Examiner (LB Team Lead)  NB-570-VII
2018_09,510983800,"AST, Experimental Facility Development"
2018_09,510095800,"NBE/BE (LB Field Examiner) with emphasis in Commercial Credit, NB-0570-VI"
2018_09,512587000,Program Analyst (Workforce Planning)
2018_09,510335600,Supervisory Fish and Wildlife Biologist
2018_09,512389500,Safety & Occupational Health Manager (GEMS Program Manager)
2018_09,512066300,"Personnel Psychologist, NB-180-V"
2018_09,512213100,Biological Science Technician
2018_09,509891200,Realty Specialist (Generalist)
2018_09,510909500,Construction Control Representative
2018_09,512067100,"Personnel Psychologist, NB-180-V"
2018_09,511833700,ELECTRICAL ENGINEER
2018_09,511716200,Realty Assistant
2018_09,509767600,Supv Security Specialist
2018_09,511018700,Interdisciplinary (Regulatory Project Manager)
2018_09,512411600,Interdisciplinary (Plan Formulation)
2018_09,511747900,Supervisory Biologist
2018_09,510767400,Budget Analyst
2018_09,510730700,PHYSICAL SCIENCE TECHNICIAN
2018_09,511303600,MANAGEMENT ASSISTANT (OA)
2018_09,511654400,Environmental Protection Specialist
2018_09,510674800,Fish Biologist
2018_09,511153200,Environmental Engineer
2018_10,515413200,Environmental Engineer
2018_10,513248700,Plant Protection and Quarantine Officer (Plant Health Safeguarding Specialist)
2018_10,513731100,"Human Resources Specialist (Labor Management and Employee Relations), NB-201-V"
2018_10,513722100,Social Scientist/Biological Scientist (NEPA)
2018_10,512835200,Life Scientist/Environmental Engineer/Physical Scientist (Permit Specialist)
2018_10,513446500,Contact Representative Management Trainee *MSP LDP CADRE* (Bilingual-Spanish)
2018_10,514781300,Branch Out Program GS-09
2018_10,514571500,General Engineer
2018_10,513477600,Contact Representative Management Trainee *MSP LDP CADRE* (Bilingual-Spanish)
2018_10,512545800,Program Manager (Community Development Financial Institutions Fund)
2018_10,513447500,Contact Representative Management Trainee *MSP LDP CADRE*
2018_10,513342800,"National Bank Examiner/Bank Examiner (Analyst to the ADC/SSP), NB-0570-V.2"
2018_10,514541800,Contact Representative Management Trainee *MSP LDP CADRE* **TEMP NTE 1 YEAR**
2018_10,513353600,Physical Science Technician
2018_10,513329000,"National Bank Examiner (Analyst to ADC), NB-0570-V Step 2"
2018_10,513123700,Plant Protection and Quarantine Officer (Plant Health Safeguarding Specialist)
2018_10,513877800,"National Bank Examiner/Bank Examiner (Community Assistant BSA/AML Compliance Officer), NB-0570-V.2"
2018_10,513353200,Physical Science Technician
2018_10,512975500,Supervisory Environmental Engineer/Physical Scientist/Life Scientist
2018_10,514763800,"National Bank Examiner/Bank Examiner (Analyst to Associate Deputy Comptroller), NB-0570-VI"
2018_10,514391800,Plant Protection and Quarantine Officer (Plant Health Safeguarding Specialist)
2018_10,514710600,Branch Out Program GS-12
2018_10,514782100,Branch Out Program GS-13
2018_10,513052900,"National Bank Examiner/Bank Examiner (Midsize Assistant BSA/AML Compliance Officer), NB-0570-VI"
2018_10,513047900,"National Bank Examiner/Bank Examiner (Community Consumer Compliance Officer), NB-0570-VI"
2018_10,514786300,Branch Out Program GS-14
2018_10,513607000,"National Bank Examiner/Bank Examiner (LBS Operational Risk), NB-570-VI"
2018_10,514542100,Contact Representative Management Trainee *MSP LDP CADRE* (Bilingual-Spanish) Temp NTE 1 Year**
2018_10,514883900,General Engineer/Physical Scientist
2018_10,512567200,Plant Protection and Quarantine Officer (Plant Health Safeguarding Specialist)
2018_10,513165600,"Investigative Analyst, ZA-1805-2/3 (DE/CR)"
2018_10,514867900,Tax Examining Technician Management Trainee *MSP* **LDP** *Temporary NTE*
2018_10,514781000,Branch Out Program GS-07
2018_10,514076200,Interdisciplinary Geologist/Geophysicist
2018_10,512546300,Program Manager (Community Development Financial Institutions Fund)
2018_10,514059600,Interdisciplinary Geologist/Geophysicist
2018_10,514173900,Interdisciplinary Geologist/Geophysicist
2018_10,513624300,Environmental Policy Analyst
2018_10,514042200,Plant Protection and Quarantine Officer (Plant Health Safeguarding Specialist)
2018_10,513385400,Life Scientist/Environmental Engineer/Physical Scientist (Permit Specialist)
2018_10,513348700,"National Bank Examiner (Analyst to ADC), NB-0570-V Step 2"
2018_10,513299700,Plant Protection Technician (Domestic)
2018_10,513136300,"Supervisory National Bank Examiner (Director for Consumer Complaint Operations), NB-570-VII"
2018_10,514572400,General Engineer
2018_10,514990100,"Licensing Specialist, NB-0301-IV"
2018_10,512556900,Supervisory Social Scientist/Biological Scientist
2018_10,513348900,"National Bank Examiner/Bank Examiner (Analyst to the ADC/SSP), NB-0570-V.2"
2018_10,513328100,"National Bank Examiner (Analyst to ADC), NB-0570-V Step 2"
2018_10,514354800,Plant Protection and Quarantine Officer (Plant Health Safeguarding Specialist)
2018_10,513120200,Student Trainee (Accounting/Auditing)
2018_10,514781600,Branch Out Program GS-11
2018_10,513202200,Plant Protection and Quarantine Officer (Plant Health Safeguarding Specialist)
2018_10,513164200,"Investigative Analyst, ZA-1805-2/3 (MAP)"
2018_10,513167800,"CHEMIST, GS-1320-13 (MP-PERM-CNS)"
2018_10,515523900,"Director, Commercial Credit, NB-0570-VII"
2018_10,515083000,Student Trainee - Policy Analyst
2018_10,515035300,LOCKSMITH
2018_10,515485200,"Assistant Field Manager, Minerals and Lands"
2018_10,515286200,Physical Science Technician
2018_10,515067800,"Director for Enterprise Governance and Ombudsman Operations and Administration, NB-301-VII"
2018_10,515199800,"Biological Science Technician (Wildlife), GS-0404-07 (TERM-MTL)"
2018_10,515099700,"Supervisory National Bank Examiner (Assistant Deputy Comptroller), NB-0570-VII"
2018_10,515437900,Supervisory Natural Resource Specialist
2018_10,515078000,"National Bank Examiner/Bank Examiner (LB Field Examiner), NB-570-V/V2"
2018_10,515592000,"National Bank Examiner/Bank Examiner (LB Field Examiner), NB-570-V/V2"
2018_10,515217200,"Conference Management Specialist, NB-301-V"
2018_10,515391600,Environmental Engineer
2018_10,513989800,Realty Specialist (Generalist)
2018_10,513285100,TECHNOLOGY TRANSFER SPECIALIST
2018_10,513097000,Permits Biologist
2018_10,513787600,Fish and Wildlife Biologist
2018_10,515048700,Environmental Protection Specialist
2018_10,512510500,Park Ranger (Wilderness Office)
2018_10,515440600,Program Analyst
2018_10,514199600,Emergency Management Specialist (Mitigation)
2018_10,512695000,ENVIRONMENTAL PROTECTION SPECIALIST
2018_10,513011500,Environmental Protection Specialist (Open to Status and VEOA Applicants)
2018_10,513360900,Concessions Management Assistant
2018_10,514379000,Industrial Hygienist
2018_10,513712600,Environmental Protection Specialist
2018_10,512148400,INTERDISCIPLINARY
2018_10,512729500,Supervisory Interdisciplinary (Regulatory Program Manager)
2018_10,515364800,Supervisory Life Scientist / Environmental Engineer / Physical Scientist
2018_10,512726200,Supervisory Interdisciplinary (Regulatory Program Manager)
2018_10,514197000,Emergency Management Specialist (Mitigation)
2018_10,514363500,Program Analyst
2018_10,514009500,"Communications Specialist, NB-0301-III"
2018_10,513666500,CIVIL ENGINEER
2018_10,512616200,"Administrative Assistant (Office Automation), NB-0303-III"
2018_10,513667000,CIVIL ENGINEER
2018_10,513331400,Legal Instruments Examiner
2018_10,514959700,INTERDISCIPLINARY
2018_10,513059300,Concessions Management Specialist
2018_10,515013700,Secretary
2018_11,517722800,"National Bank Examiner/Bank Examiner (LB Field Examiner) w/Capital Markets,  NB-570-V/V.2"
2018_11,515676300,Security Specialist
2018_11,517205000,Lead Visitor Services Assistant (BackcountryPermits/AIS)
2018_11,516961600,"Supervisory NBE/BE (LB Team Lead) w/ emphasis in Retail Credit,  NB-570-VII"
2018_11,515535400,Landscape Architect
2018_11,516024400,Plant Potection & Quarantine Officer (Plant Health Safeguarding Specialist)
2018_11,515596000,"Sanctuary Research Coordinator, ZP-0401-3 (DE/CR)"
2018_11,515676200,Security Specialist
2018_11,516072600,Project Manager
2018_11,516073800,Project Manager
2018_11,515676600,Security Specialist
2018_11,517518200,"HR Specialist (Policy and Accountability), NB-201-V.2 (Temp Promotion/Detail NTE 1 Year)"
2018_11,516358400,"Assistant Director - Federal Permitting, Licensing, and Assistance"
2018_11,516776500,"CHEMIST, GS-1320-12/13 (CNS-PERM-MP)"
2018_11,516841400,Supervisory HR Spec. (Manager for Compensation); NB-201-VI
2018_11,516982000,Firearms and Explosives Services Specialist
2018_11,515637100,"Supervisory NBE/BE (LB Team Lead) w/ emphasis in Retail Credit,  NB-570-VII"
2018_11,515595700,"Sanctuary Research Coordinator, ZP-0401-3 (MAP)"
2018_11,516846000,Special Park Uses Assistant
2018_11,517468700,Deputy Associate Administrator
2018_11,516853900,"National Bank Examiner/Bank Examiner (Capital Markets Lead Expert), NB-0570-VI"
2018_11,515794800,ENVIRONMENTAL PROTECTION SPECIALIST
2018_11,517330800,"Attorney Advisor, GS-0905-13"
2018_11,517507400,Administrative Officer
2018_11,517002800,Marine Information Specialist
2018_11,516348100,Management Analyst
2018_11,517352000,"General Engineer, GS-0801-12"
2018_11,515866000,Natural Resources Specialist
2018_11,516383900,Wildlife Biologist
2018_11,517519100,"Human Resources Specialist (Policy and Accountability), NB-201-V.2"
2018_11,516493300,"CHEMIST, GS-1320-12/13 (CNS-PERM-DIRECT HIRE)"
2018_11,516821100,"National Bank Examiner/Bank Examiner (Analyst to LB Examiner-In-Charge), NB-570-VI"
2018_11,517351800,"General Engineer, GS-0801-12"
2018_11,518166800,"National Bank Examiner/Bank Examiner (LB Field Examiner),  NB-0570-VI"
2018_11,517721600,"National Bank Examiner/Bank Examiner (LB Field Examiner) w/emphasis in OPS Risk, NB-570-V/V.2"
2018_11,517795100,"Realty Specialist, GS-1170-13"
2018_11,517669500,CCI INTAKE ADVOCATE LEADERSHIP DEVELOPMENT PROGRAM (LDP) *MSP*Amended
2018_11,518177400,"National Bank Examiner/Bank Examiner (LBS Operational Risk), NB-570-VI.2"
2018_11,518217700,Interdisciplinary Environmental Engineer/Physical Scientist
2018_11,518013500,"National Bank Examiner/Bank Examiner (LB Field Examiner) w/Capital Markets,  NB-570-VI"
2018_11,517794900,Visitor Use Assistant
2018_11,517662700,"National Bank Examiner (Analyst to ADC), NB-0570-V Step 2"
2018_11,518106600,Plant Protection and Quarantine Officer (Plant Health Safeguarding Specialist)
2018_11,517722400,"National Bank Examiner/Bank Examiner (LB Field Examiner) w/Commercial Credit, NB-0570-V/V.2"
2018_11,517641500,Plant Protection and Quarantine Officer (Plant Health Safeguarding Specialist/Pest Identification)
2018_11,518016700,"National Bank Examiner/Bank Examiner (LB Field Examiner) w/emphasis Retail Credit, NB-570-V/V.2"
2018_11,518193700,"National Bank Examiner/Bank Examiner ( Field Examiner), NB-570-V/V2"
2018_11,518193500,"NBE/BE (LB Field Examiner) with emphasis in Commercial Credit, NB-0570-VI"
2018_11,518148900,"Human Resources Specialist (Classification), NB-201-V (Temporary Promotion/Detail NTE 1 Year)"
2018_11,518100000,"Supervisory NBE/BE (LB Team Lead) w/ emphasis in Credit Risk,  NB-570-VII"
2018_11,517669600,INTAKE ADVOCATE LEADERSHIP DEVELOPMENT PROGRAM (LDP) *MSP*Amended
2018_11,517763600,"National Bank Examiner/Bank Examiner (LB Compliance), NB-0570-V/V.2"
2018_11,518213900,Outdoor Recreation Planner
2018_11,517653900,Plant Protection and Quarantine Officer (Plant Health Safeguarding Specialist)
2018_11,518156200,"National Bank Examiner/Bank Examiner (LB Field Examiner) w /emphasis in Retail Credit, NB-570-VI"
2018_11,518019000,"National Bank Examiner/ Bank Examiner (LB Asset Management),  NB-570-VI"
2018_11,518045200,Budget Analyst
2018_11,515633300,Environmental Protection Specialist
2018_11,517058700,Environmental Protection Specialist
2018_11,516484000,Environmental Protection Specialist
2018_11,516100100,Fish and WIldlife Biologist
2018_11,515860100,Supervisory Park Ranger
2018_11,517318900,"Administrative Assistant (Office Automation), NB-0303-III"
2018_11,517727900,Secretary
2018_11,516204300,Medical Supply Technician - Sterile Processing
2018_11,516249400,Supervisory Interdisciplinary
2018_11,517409700,ENVIRONMENTAL PROTECTION SPECIALIST (NEPA)
2018_11,516099400,Fish and WIldlife Biologist
2018_11,517711100,Rangeland Management Specialist
2018_11,516802200,LEAD CIVIL ENGINEER
2018_11,516109200,ADMINISTRATIVE SUPPORT ASSISTANT (DE)
2018_11,517217200,Physician (Advanced Cardiac Fellowship)
2018_11,515624100,Environmental Protection Specialist
2018_12,520498600,Life Scientist / Environmental Engineer / Physical Scientist
2018_12,518454500,"AST, Experimental Facility Development"
2018_12,519906600,"National Bank Examiner/Bank Examiner (Community CRA/FL Compliance Officer), NB-0570-VI"
2018_12,518454600,"AST, Experimental Facility Development"
2018_12,519057000,Plant Protection and Quarantine Officer (Plant Health Safeguarding Specialist)
2018_12,518714600,Plant Protection Technician - Domestic
2018_12,519858400,"National Bank Examiner/Bank Examiner (LB BIT), NB-570-VI"
2018_12,519872100,"National Bank Examiner/Bank Examiner (LB BIT), NB-570-VI"
2018_12,518938500,"Biological Science Technician (Fisheries), GS-0404-09 (TERM-MTL)"
2018_12,519045600,"National Bank Examiner/Bank Examiner (Large Bank ERM/Governance), NB-0570-VI.2"
2018_12,519081100,"National Bank Examiner/Bank Examiner (Team Leader), NB-0570-VI"
2018_12,518653000,"National Bank Examiner/Bank Examiner (Capital Markets Lead Expert), NB-0570-VI"
2018_12,519916000,Environmental Engineer
2018_12,518678900,"National Bank Examiner/Bank Examiner (Commercial Credit Lead Expert Support), NB-0570-VI"
2018_12,518534000,"National Bank Examiner/Bank Examiner (Large Bank BIT), NB-0570-V/V.2"
2018_12,518692100,Plant Protection and Quarantine Officer (Plant Health Safeguarding Specialist)
2018_12,518685000,Lead Life Scientist/Environmental Engineer/Physical Scientist
2018_12,518564200,Project Manager (DEU-JRS)
2018_12,519852100,"Supervisory National Bank Examiner (Deputy EIC for Supervision & Opns), NB-570-VII"
2018_12,518566800,Project Manager (MPP-JRS)
2018_12,518996500,"Supervisory NBE (ADC), NB-0570-VII"
2018_12,518569700,Project Manager (MPP-JRS)
2018_12,519253900,"National Bank Examiner/Bank Examiner (Bank Information Technology), NB-0570-V/V.2"
2018_12,518679000,"National Bank Examiner/Bank Examiner (Problem Bank Specialist), NB-0570-VI"
2018_12,519388700,Civil Engineer (DE/CR)
2018_12,519269800,"National Bank Examiner/Bank Examiner (Compliance), NB-0570-VI"
2018_12,519252300,"National Bank Examiner/Bank Examiner (Bank Information Technology), NB-0570-V/V.2"
2018_12,518268500,Wildlife Biologist
2018_12,519181800,"National Bank Examiner/Bank Examiner (Large Bank ERM/Governance), NB-0570-VI.2"
2018_12,520095100,POWERED SUPPORT EQUIPMENT REPAIRER
2018_12,520208100,Senior Policy Analyst
2018_12,520103200,"National Bank Examiner/Bank Examiner (Large Banks Compliance), NB-0570-V/V.2"
2018_12,520172600,"National Bank Examiner/Bank Examiner (Midsize Assistant Consumer Compliance Officer), NB-0570-VI"
2018_12,519292300,REALTY SPECIALIST (CONTRACTS MANAGEMENT)
2018_12,519306100,GEOLOGIST (MP)
2018_12,519545900,FIRE PROTECTION SPECIALIST
2018_12,519761100,Marine Traffic Controller
2018_12,519295600,SUPERVISORY ENVIRONMENTAL PROTECTION SPECIALIST
2018_12,520334200,Environmental Engineer
2018_12,519760700,Marine Traffic Controller
2018_12,519487800,REALTY SPECIALIST (GENERALIST)
2018_12,518746100,Marine Traffic Controller
2018_12,518954100,REALTY SPECIALIST (GENERALIST)
2018_12,519306200,GEOLOGIST (DE)
2018_12,520350100,SUPERVISORY ENVIRONMENTAL PROTECTION SPECIALIST (D0964000)
2018_12,519639700,Environmental Protection Specialist
2018_12,519581100,Outdoor Recreation Planner
2019_01,523590500,Transportation Specialist
2019_01,523583800,Transportation Specialist
2019_01,521988700,"Interdisciplinary (Biologist, Ecologist, Civ Engineer, Env Engineer, Gen Phys Scientist, Geologist)"
2019_01,522133100,Administrative Officer
2019_01,522746100,Examination Technician
2019_01,521605500,Permitting Administrator
2019_01,521650900,Transportation Specialist
2019_01,522610700,"Secretary (OA), NB-318-IV"
2019_01,522217700,"Supervisory National Bank Examiner (Examiner-In-Charge), NB-570-VII"
2019_01,522969400,"Community Relations and Minority Affairs Specialist, NB-0301-V"
2019_01,521653000,Transportation Specialist
2019_01,521829900,"National Bank Examiner/Bank Examiner (Large Bank ERM/Governance), NB-0570-VI.2"
2019_01,522750300,"National Bank Examiner (Analyst to ADC), NB-0570-V Step 2"
2019_01,521125900,"Project Coordination Specialist, GS-1101-07/09 Target GS-11 (MPP)(CS)"
2019_01,522898400,"NBE/BE (Large Banks Compliance),  NB-0570-VI.2"
2019_01,522968900,"Community Relations and Minority Affairs Specialist , NB-0301-V"
2019_01,522467600,POWERED SUPPORT SYSTEMS MECHANIC
2019_01,522781100,Supervisory Financial Economist (Director for Compliance RAD)
2019_01,521690900,Environmental Protection Specialist
2019_01,521480100,ENVIRONMENTAL PROTECTION SPECIALIST
2019_01,520826400,MANAGEMENT ASSISTANT (OA)
2019_01,521787700,INTERDISCIPLINARY ENGINEER/ARCHITECT
2019_01,521004500,Assistant Hospital Housekeeping Officer
2019_01,522132400,INTERDISCIPLINARY ENVIRONMENTAL ENGINEER/PHYSICAL SCIENTIST
2019_01,521622600,Chemist
2019_02,524558700,Motor Carrier Safety Specialist - Border Inspector
2019_02,524583700,Transportation Specialist
2019_02,525118000,"Human Resources Specialist (Human Resources Development), NB-201-V"
2019_02,525314800,"Supervisory Fish and Wildlife Administrator/Ecologist, ZP-0480/0408-5 (MAP)"
2019_02,524556800,Motor Carrier Safety Specialist - Border Inspector
2019_02,523720400,Lead Civil Engineer (Geotechnical)
2019_02,523576300,Life Scientist / Environmental Engineer / Physical Scientist
2019_02,523204700,"GEOPHYSICIST, GS-1313-09/11 (DEU-TERM-DG)"
2019_02,523570000,Life Scientist / Environmental Engineer / Physical Scientist
2019_02,524697900,Park Ranger (Backcountry/Wilderness Mgmt)
2019_02,524734900,"National Bank Examiner (Analyst to ADC), NB-0570-V Step 2"
2019_02,524753000,Park Ranger
2019_02,524554400,Motor Carrier Safety Specialist - Border Inspector
2019_02,524791400,"Supervisory NBE/BE (Quality Assurance Program Manager), NB-570-VI.2"
2019_02,524553500,Motor Carrier Safety Specialist - Border Inspector
2019_02,524328700,"Supervisory National Bank Examiner (Examiner-In-Charge), NB-570-VII.2"
2019_02,524583300,Transportation Specialist
2019_02,523504900,"National Bank Examiner (Analyst to ADC), NB-0570-V Step 2"
2019_02,524569200,Motor Carrier Safety Specialist - Border Inspector
2019_02,523616300,Life Scientist/Environmental Engineer/Physical Scientist (Permit Specialist)
2019_02,525082200,"Financial Management Analyst, NB-501-V"
2019_02,524552000,Motor Carrier Safety Specialist - Border Inspector
2019_02,524145200,Assistant Director - International Affairs
2019_02,523377000,"Supervisory National Bank Examiner (Assistant Deputy Comptroller), NB-0570-VII"
2019_02,525342300,Assistant Field Manager (Minerals and Lands)
2019_02,523063200,"Sanctuary Research Coordinator, ZP-0401-3 (DE/CR)"
2019_02,523414400,"National Bank Examiner/Bank Examiner (Problem Bank Specialist), NB-0570-VI"
2019_02,524565000,Motor Carrier Safety Specialist - Border Inspector
2019_02,524569500,Motor Carrier Safety Specialist - Border Inspector
2019_02,524550600,Motor Carrier Safety Specialist - Border Inspector
2019_02,523926700,Examination Technician
2019_02,523059300,Supervisory Human Resources Specialist - NB-0201-VI
2019_02,523625000,"Associate Deputy Comptroller, NB-0570-VII Step 2"
2019_02,524550200,Motor Carrier Safety Specialist - Border Inspector
2019_02,524557100,Motor Carrier Safety Specialist - Border Inspector
2019_02,524863500,"SUPERVISORY LIFE SCIENTIST, PHYSICAL SCIENTIST, ENVIRONMENTAL ENGINEER (Branch Chief)"
2019_02,525315300,"Supervisory Fish and Wildlife Administrator/Ecologist, ZP-0480/0408-5  (DE/CR)"
2019_02,524559000,Motor Carrier Safety Specialist - Border Inspector
2019_02,523062600,"Sanctuary Research Coordinator, ZP-0401-3 (MAP)"
2019_02,524778000,"National Bank Examiner/Bank Examiner (Compliance), NB-0570-VI"
2019_02,522552600,ARLDP Management and Program Analyst
2019_02,522351000,OCC  Internship Program (Economics)
2019_02,524561300,Motor Carrier Safety Specialist - Border Inspector
2019_02,524781300,"AST, Experimental Facility Development"
2019_02,524812700,"NBE/BE Technical Expert - Commercial Credit Risk, NB-0570-VII"
2019_02,523791200,"National Bank Examiner (Large Branch EIC-Bank of China), NB-570-VI.2"
2019_02,525180700,Pharmacy Technician - Telephone Care (Temp/Intermittent)
2019_02,524664000,Budget Analyst
2019_02,523977300,"Communications Specialist, NB-0301-III"
2019_02,524551100,Motor Carrier Safety Specialist - Border Inspector
2019_02,525273200,Realty Specialist (Generalist)
2019_02,523801000,Concessions Management Specialist
2019_02,524798400,Business Management Specialist
2019_02,525897400,"Administrative Assistant (Office Automation), NB-0303-III"
2019_02,523278600,Unexploded Ordinance Quality Assurance Representative
2019_02,525396300,Physical Scientist
2019_02,524886400,Supervisory Life Scientist/Physical Scientist/Environmental Engineer
2019_02,525080500,Supervisory Interdisciplinary
2019_02,525592500,Supervisory Inderdisciplinary
2019_02,523564500,Supervisory Life Scientist/Physical Scientist/Environmental Engineer
2019_02,523173900,Environmental Protection Specialist
2019_02,523304200,Environmental Engineer
2019_02,525168300,Supervisory Biologist
2019_02,524767000,PHARMACY TECHNICIAN (LEAD)-TELEPHONE CARE
2019_02,523489900,INTERDISCIPLINARY ENVIRONMENTAL ENGINEER/PHYSICAL SCIENTIST
2019_02,524814300,ENGINEERING TECHNICIAN (MICRO GRID)
2019_03,528469100,"National Bank Examiner/Bank Examiner (Bank Information Technology), NB-0570-V/V.2"
2019_03,528372900,Human Resources Specialist
2019_03,528469200,"National Bank Examiner/Bank Examiner (Compliance), NB-0570-VI"
2019_03,528285600,"Environmental Engineer, Physical Scientist"
2019_03,526014600,Legal Assistant
2019_03,526796500,Landscape Architect
2019_03,527468700,Natural Resources Specialist (Range)
2019_03,526607200,Emergency Management Specialist (Mitigation)
2019_03,526648600,Outpatient Clinical Pharmacist (Temp/Intermittent)
2019_03,526511800,Program Analyst
2019_03,527766300,"National Bank Examiner/Bank Examiner (Commercial Credit Risk Specialist), NB-0570-VI, 50/50"
2019_03,527362700,"National Bank Examiner (Field Examiner), NB-0570-VI"
2019_03,527856900,Senior Policy Analyst
2019_03,528057400,"National Bank Examiner (QA Bank Supervision Team Lead), NB-570-VI"
2019_03,527469300,"National Bank Examiner/Bank Examiner (Retail Credit Risk Specialist), NB-0570-VI"
2019_03,527107300,Supervisory Electricity Policy Analyst
2019_03,527111000,General Engineer
2019_03,527766700,"National Bank Examiner/Bank Examiner (Commercial Credit Risk Specialist), NB-0570-VI"
2019_03,527105900,"National Bank Examiner/Bank Examiner (Asset Management), NB-0570-VI"
2019_03,526842300,Outdoor Recreation Planner
2019_03,526687500,Landscape Architect
2019_03,526456700,Hazardous Material/Waste Coordinator
2019_03,526616100,"Contract Specialist, NB-1102-V.2"
2019_03,526687000,Landscape Architect
2019_03,527926000,"Legal Technician, NB-0986-III"
2019_03,527620200,"Supervisory Contract Specialist, NB-1102-VI"
2019_03,526317600,Program Analyst
2019_03,526784000,"Supervisory Program Analyst, ZA-0343-5 (MAP)"
2019_03,527362400,"National Bank Examiner (Field Examiner), NB-0570-V, Step 2"
2019_03,527710900,National Bank Examiner/Bank Examiner (Commercial Credit Lead Expert Support)
2019_03,526290000,Geologist (Senior Minerals Specialist)
2019_03,527709900,National Bank Examiner/Bank Examiner (Capital Markets Lead Expert Support)
2019_03,527111900,General Engineer
2019_03,526797000,Landscape Architect
2019_03,526503900,"Assistant Field Manager, Minerals and Lands"
2019_03,526783900,"Supervisory Program Analyst, ZA-0343-5 (DE/CR)"
2019_03,528007000,"Environmental Protection Specialist, GS-0028-12"
2019_03,525473200,PHARMACY TECHNICIAN (INPATIENT) TEMP/INTERMITTEN
2019_03,527471000,"National Bank Examiner/Bank Examiner (Retail Credit Risk Specialist), NB-0570-VI, 50/50"
2019_03,526808000,Supervisory Permit Program Specialist (Backcountry/AIS)
2019_03,528240100,Deputy Regional Director
2019_03,528918800,"National Bank Examiner/Bank Examiner (LB Commercial Credit), NB-570-VI.2"
2019_03,528284500,"Environmental Engineer, Physical Scientist"
2019_03,528456500,"National Bank Examiner/Bank Examiner (Analyst to DC for Thrift and Special Supervision), NB-0570-VI"
2019_03,528468700,"National Bank Examiner/Bank Examiner (LB Supervisory Strategy & Resource Analyst), NB-570-VI"
2019_03,529062900,"National Bank Examiner/Bank Examiner (LB Field Examiner),  NB-0570-VI"
2019_03,528382800,Outdoor Recreation Planner
2019_03,529006800,"National Bank Examiner/Bank Examiner (LB Field Examiner) w/Capital Markets,  NB-570-VI"
2019_03,526036100,Outdoor Recreation Planner
2019_03,527685100,ASSOCIATE CHIEF of PHARMACY
2019_03,525997700,"Environmental Protection Specialist, GS-0028-12"
2019_03,526912800,Landscape Architect
2019_03,526349400,NATURAL RESOURCES SPECIALIST (Compliance) (DE)
2019_03,527561800,Plant Protection and Quarantine Officer (Plant Health Safeguarding Specialist)
2019_03,526379200,HEALTH TECHNICIAN (OPHTHALMOLOGY)
2019_03,526914800,Medical Instrument Technician (Diagnostic Ultrasound)
2019_03,526607400,Emergency Management Specialist (Mitigation)
2019_03,527604000,DIAGNOSTIC RADIOLOGIC TECHNOLOGIST (ULTRASOUND)
2019_03,526058200,INDUSTRIAL SECURITY SPECIALIST
2019_03,526347400,NATURAL RESOURCES SPECIALIST (Compliance) (MP)
2019_03,528487900,Environmental Protection Specialist
2019_03,524892100,Park Ranger (P) - Emergency Services Program Manager
2019_03,528407700,"Environmental Engineer, Green Environmental Management System (GEMS) Coordinator"
2019_03,524601000,PHYSICIAN ASSISTANT (RADIOLOGY)
2019_03,526243500,Supervisory interdisciplinary
2019_03,525810200,"Supervisory Life Scientist, Physical Scientist, Environmental Engineer"
2019_03,527573900,REALTY SPECIALIST (CONTRACTS MANAGEMENT)
2019_03,526491000,HEALTH TECHNICIAN (OPHTHALMOLOGY)
2019_03,528093400,Environmental Protection Specialist
2019_03,525014500,NUCLEAR MEDICINE TECHNOLOGIST
2019_03,527152500,ENVIRONMENTAL ENGINEER
2019_03,527177100,REALTY SPECIALIST (CONTRACTS MANAGEMENT)
2019_03,526459000,HEALTH TECHNICIAN (OPHTHALMOLOGY) INTERMITTENT
2019_03,526163100,Blind Rehabilitation Specialist (Instructor) Low Vision Therapist
2019_03,527734700,Plant Protection and Quarantine Officer (Plant Health Safeguarding Specialist)
2019_03,525995900,"Environmental Protection Specialist, GS-0028-12"
2019_03,528326000,Environmental Engineer
2019_03,526608200,Emergency Management Specialist (Mitigation)
2019_03,526954500,DIAGNOSTIC RADIOLOGIC TECHNOLOGIST
2019_03,527780700,CLINICAL PHARMACIST (HBPC)
2019_03,527598500,Fish and Wildlife Biologist - Oil and Gas Spec.
2019_03,527642400,DIAGNOSTIC RADIOLOGIC TECHNOLOGIST (QUALITY MANAGEMENT TECHNOLOGIST)
2019_04,531473500,"Computer Scientist, NB-1550-V"
2019_04,531867000,"Attorney Advisor, GS-0905-13"
2019_04,530900700,"Supervisory National Bank Examiner (Examiner-In-Charge), NB-570-VII"
2019_04,531098200,"General Engineer, GS-0801-12"
2019_04,530010900,Agriculturist (National Policy Manager/Permitting Process Business Manager)
2019_04,530176800,"National Bank Examiner/Bank Examiner (LB Field Examiner), NB-0570-V/V.2"
2019_04,529420900,"Supervisory National Bank Examiner (Midsize Examiner-In-Charge), NB-0570-VI.2"
2019_04,529664200,Supervisory General Engineer/ Physical Scientist
2019_04,530012000,"National Bank Examiner/Bank Examiner (Analyst to LB Examiner-In-Charge), NB-570-VI"
2019_04,530525700,Natural Resources Specialist
2019_04,530662400,Executive Assistant
2019_04,529903900,Plant Protection and Quarantine Officer (Plant Health Safeguarding Specialist)
2019_04,529289200,"NBE/BE (LB Field Examiner) with emphasis in Commercial Credit, NB-0570-V/V.2"
2019_04,529360300,Pipefitter
2019_04,529274200,"NBE/BE (LB Field Examiner) with emphasis in Commercial Credit, NB-0570-VI"
2019_04,530482400,CLINICAL PHARMACY SPECIALIST (TEMP/INTERMITTENT)
2019_04,529404600,"National Bank Examiner (IBS Field Examiner), NB-570-V/V.2"
2019_04,530011200,"National Bank Examiner/Bank Examiner (LB BIT Examiner), NB-570-VI"
2019_04,530603400,"Civil Engineer, GS-0810-13"
2019_04,529421000,"Supervisory National Bank Examiner/Bank Examiner (Midsize Examiner-In-Charge), NB-0570-VI.2"
2019_04,529273100,"National Bank Examiner/Bank Examiner (LB Field Examiner) w /emphasis in Retail Credit, NB-570-VI"
2019_04,529420800,"Supervisory National Bank Examiner (Midsize Examiner-In-Charge), NB-0570-VI.2"
2019_04,529275800,"NBE/BE (LB Field Examiner) with emphasis in Commercial Credit, NB-0570-VI"
2019_04,529180100,Interdisciplinary: Supervisory Landscape Architect/Supervisory Architect/Supervisory Civil Engineer
2019_04,529724400,Environmental Engineer/Physical Scientist
2019_04,529389000,Environmental Engineer/Physical Scientist/Life Scientist
2019_04,529930800,"Realty Specialist, GS-1170-12"
2019_04,529494300,Interdisciplinary Supervisory Geologist/Geophysicist
2019_04,529349400,"National Bank Examiner/Bank Examiner (Large Bank Compliance), NB-0570-V/V.2"
2019_04,529242600,Marine Information Specialist
2019_04,529892800,Life Scientist/Environmental Engineer/Physical Scientist
2019_04,529383800,"National Bank Examiner (International Banking Supervision Field Examiner),  NB-0570-VI"
2019_04,530513700,Natural Resources Specialist
2019_04,529421100,"Supervisory National Bank Examiner (Midsize Examiner-In-Charge), NB-0570-VI.2"
2019_04,529297000,"Supv NBE/BE (EXCEL I Team Leader) emphasis in Commercial Credit, NB-570-VII (Temporary NTE 2 years)"
2019_04,529694500,"Supervisory National Bank Examiner (Assistant Deputy Comptroller), NB-0570-VII"
2019_04,529068900,"Biological Science Technician (Wildlife), GS-0404-07 (TEMP-MTL)"
2019_04,530494600,"Financial Management Specialist, NB-501-IV"
2019_04,529365900,Environmental Engineer/Physical Scientist
2019_04,529861000,PHARMACY TECHNICIAN (INPATIENT) TEMP/INTERMITTENT
2019_04,529803200,Outpatient Pharmacy Technician (Temp/Intermittent)
2019_04,529350100,"National Bank Examiner/Bank Examiner (Large Banks Compliance), NB-0570-V/V.2"
2019_04,529998700,"National Bank Examiner (Analyst to ADC), NB-0570-V Step 2"
2019_04,530603300,"Civil Engineer, GS-0810-13"
2019_04,529902200,Pharmacy Technician - Telephone Care (Temp/Intermittent)
2019_04,530378800,"Environmental Protection Specialist, GS-0028-13"
2019_04,530175200,"National Bank Examiner/Bank Examiner (LB Field Examiner), NB-0570-V/V.2"
2019_04,529390300,"National Bank Examiner/Bank Examiner (LB Field Examiner), NB-0570-V/V.2"
2019_04,531845400,Supervisory Contract Specialist
2019_04,532120300,"DEPUTY COMPTROLLER (District Deputy Comptroller), NB-0570-VIII"
2019_04,532134800,Physical Scientist / Environmental Engineer
2019_04,532017500,"National Bank Examiner/Bank Examiner (Market Risk Specialist), NB-0570-VI"
2019_04,531838500,Student Trainee (Information Technology) (Pathways Intern Not-To-Exceed - 09/30/2019)
2019_04,532068200,"DEPUTY COMPTROLLER (Deputy Comptroller for Large Banks), NB-0570-VIII"
2019_04,532039300,Natural Resources Specialist (DHA-STEM)
2019_04,531773400,"National Bank Examiner/Bank Examiner (MCBS Resource Coordinator), NB-0570-VI"
2019_04,531097200,"General Engineer, GS-0801-12"
2019_04,531452000,"National Bank Examiner/Bank Examiner (Large Bank BIT), NB-0570-V/V.2"
2019_04,531470300,"Computer Scientist, NB-1550-V"
2019_04,531629900,"Physical Scientist, Life Scientist, Environmental Engineer"
2019_04,531134400,"National Bank Examiner/Bank Examiner (Innovation Officer), NB-0570-VI"
2019_04,533106500,"National Bank Examiner (Ombudsman Analyst), NB-570-VI"
2019_04,532068500,"DEPUTY COMPTROLLER (Deputy Comptroller for Large Banks), NB-0570-VIII"
2019_04,531011400,"National Bank Examiner/Bank Examiner (LB Operational Risk), NB-570-VI.2"
2019_04,530206400,PHARMACY TECHNICIAN (OUTPATIENT)
2019_04,531428400,COMMUNICATIONS-COMPUTER SYSTEMS SPEC
2019_04,529670900,INDUSTRIAL SECURITY SPECIALIST
2019_04,531085500,Supervisory Natural Resources Specialist
2019_04,530743300,Plant Protection and Quarantine Officer (Plant Health Safeguarding Specialist)
2019_04,530955800,Plant Protection and Quarantine Officer (Plant Health Safeguarding Specialist)
2019_04,528558600,ENVIRONMENTAL ENGINEER
2019_04,532191800,Medical Supply Technician
2019_04,531644700,Business Management Specialist
2019_04,531379800,Industrial Hygienist
2019_04,530224800,Plant Protection and Quarantine Officer (Plant Health Safeguarding Specialist)
2019_04,529985600,Supervisory Park Ranger
2019_04,529646800,Supervisory General Engineer
2019_04,529322500,PHYSICIAN ASSISTANT (RADIOLOGY)
2019_04,530270700,PHARMACY TECHNICIAN (INPATIENT)
2019_04,530436700,Supervisory Natural Resources Specialist
2019_04,529216700,SUPERVISORY CIVIL ENGINEER
2019_04,529800800,Supervisory Park Ranger
2019_04,529715200,Plant Protection and Quarantine Officer (PHSS/Predeparture Operations)
2019_04,529217800,SUPERVISORY CIVIL ENGINEER
2019_04,530751000,Plant Protection and Quarantine Officer (Plant Health Safeguarding Specialist)
2019_04,529947500,Biologist
2019_04,534338400,Environmental Engineer - Green Environmental Management Systems (GEMS)
2019_04,531906000,"Security Assistant, GS-0086-5, Office of the Director"
2019_04,532191900,Medical Supply Technician
2019_04,529765600,Anticoagulation Clinical Pharmacy Specialist
2019_04,531180300,Plant Protection and Quarantine Officer (Plant Health Safeguarding Specialist)
2019_04,531158200,Life Scientist/Environmental Engineer/Physical Scientist (Permit Specialist)
2019_04,529847000,INTERDISCIPLINARY ENGINEER/ARCHITECT
2019_04,531211000,Plant Protection and Quarantine Officer (Plant Health Safeguarding Specialist)
2019_04,531610100,Plant Protection and Quarantine Officer (Plant Health Safeguarding Specialist)
2019_04,531474400,Supervisory Visitor Use Assistant (Fee Collection)
2019_04,529734300,Sterile Preparations Pharmacy Program Manager
2019_04,531055200,Fish and WIldlife Biologist
2019_04,531055100,Fish and WIldlife Biologist
2019_04,529544000,PHARMACY PROCUREMENT TECHNICIAN (OUTPATIENT)
2019_04,531094100,Plant Protection and Quarantine Officer (Plant Health Safeguarding Specialist)
2019_04,530186100,PHARMACY TECHNICIAN (OUTPATIENT)
2019_04,529631500,ENVIRONMENTAL PROTECTION SPECIALIST
2019_04,531210600,Plant Protection and Quarantine Officer (Plant Health Safeguarding Specialist)
2019_04,530431000,Supervisory Natural Resources Specialist
2019_04,532134300,INTERDISCIPLINARY ENVIRONMENTAL ENGINEER/SCIENTIST
2019_04,531699200,Civil Engineer
2019_05,534234100,"National Bank Examiner/Bank Examiner (LB Field Examiner), NB-0570-V/V.2"
2019_05,534537100,FRONTLINE LEADERSHIP READINESS PROGRAM
2019_05,534302300,"CARTOGRAPHIC TECHNICIAN (GIS), GS-1371-07 (FPL GS-09)"
2019_05,534301900,"CARTOGRAPHIC TECHNICIAN (GIS), GS-1371-07 (FPL GS-09)"
2019_05,532424900,"Realty Specialist, GS-1170-12"
2019_05,532958000,Administrative Support Assistant
2019_05,526722500,Senior Policy Analyst
2019_05,533232300,"Director, Water Permits Division"
2019_05,532957100,Administrative Support Assistant
2019_05,532410400,"Examination Technician, NB-0503-III"
2019_05,532512600,"Biologist, ZP-0401-3 (Direct Hire)"
2019_05,533161600,Supervisory Environmental Engineer/Physical Scientist
2019_05,532463400,General Engineer
2019_05,533107500,"National Bank Examiner (Ombudsman Analyst), NB-570-VI"
2019_05,532609100,"National Bank Examiner/Bank Examiner (Compliance), NB-0570-VI"
2019_05,532424400,"Realty Specialist, GS-1170-12"
2019_05,533581100,"Technical Expert - Supervision Risk, NB-0570-VII"
2019_05,535288200,Supervisory Life Scientist/Environmental Engineer/Physical Scientist
2019_05,533466100,National Bank Examiner/Bank Examiner (Asset Management Lead Expert Support)
2019_05,534997000,"National Bank Examiner/Bank Examiner (Asset Management), NB-0570-VI"
2019_05,533885800,Landscape Architect
2019_05,535325100,"Management and Program Analyst, NB-343-VI"
2019_05,533419400,Natural Resources Specialist
2019_05,534657700,"Supervisory Life Scientist, Physical Scientist, Environmental Engineer"
2019_05,534206900,Marine Information Specialist
2019_05,534966300,"CARTOGRAPHIC TECHNICIAN (GIS), GS-1371-07 (FPL GS-09)"
2019_05,534142200,Natural Resource Specialist
2019_05,534218800,"Physical Scientist, Life Scientist, Environmental Engineer"
2019_05,534997400,"Supervisory National Bank Examiner/Bank Examiner (MBS Resource Team Manager), NB-0570-VI.2"
2019_05,534431700,OUTPATIENT CLINICAL PHARMACIST (TEMP/INTERMITTENT)
2019_05,534036900,"National Bank Examiner/Bank Examiner (Problem Bank Specialist), NB-0570-VI"
2019_05,534997100,"Supervisory National Bank Examiner/Bank Examiner (MBS Resource Team Manager), NB-0570-VI.2"
2019_05,533760400,Administrative Support Assistant
2019_05,534794000,CRIMINAL INVESTIGATION FRONTLINE LEADERSHIP READINESS PROGRAM (FLRP) - MSP
2019_05,535012700,"Instructional Systems Specialist, NB-1750-V"
2019_05,535011100,"Instructional Systems Specialist, NB-1750-V"
2019_05,534037000,"National Bank Examiner/Bank Examiner (Problem Bank Specialist), NB-0570-VI"
2019_05,534039900,"Supervisory National Bank Examiner (Examiner-In-Charge), NB-570-VII.2"
2019_05,533737800,Supervisory Physical Scientist
2019_05,534991400,Environmental Engineer/Physical Scientist
2019_05,534996900,"National Bank Examiner/Bank Examiner (Asset Management), NB-0570-VI"
2019_05,535275700,Student Trainee (Economist)
2019_05,534201700,Agriculturist
2019_05,533419300,Natural Resources Specialist
2019_05,535222100,"Director, Air Quality Policy Division"
2019_05,534235300,"National Bank Examiner/Bank Examiner (LB Field Examiner), NB-0570-V/V.2"
2019_05,533327500,"National Bank Examiner/Bank Examiner (Large Bank BIT Examiner), NB-570-VI"
2019_05,534209500,Marine Information Specialist
2019_05,532926400,Planning and Environmental Specialist
2019_05,533347400,DIAGNOSTIC RADIOLOGIC TECHNOLOGIST (ULTRASOUND)
2019_05,532577100,"Supervisory Financial Economist, NB-0110-VII (Deputy Director)"
2019_05,533960000,"Marine Resource Management Specialist, ZP-0401-3/4"
2019_05,532829100,ADVANCED MEDICAL SUPPORT ASSISTANT
2019_05,533073200,Biologist (Natural Resources Program Manager)
2019_05,533349600,Engineering Technician (Civil)
2019_05,533306000,"Administrative Assistant (Office Automation), NB-0303-III"
2019_05,532975400,THERAPEUTIC RADIOLOGIC TECHNOLOGIST
2019_05,530109500,Plant Protection and Quarantine Officer (PHSS/Predeparture Operations)
2019_05,534738500,Natural Resource Specialist
2019_05,533075000,Fish and Wildlife Biologist
2019_05,533522100,ENVIRONMENTAL PROTECTION SPECIALIST
2019_05,533960100,"Marine Resource Management Specialist, ZP-0401-3/4 (MAP)"
2019_05,534464300,Supervisory Facilities Specialist NF-03
2019_05,534264400,Emergency Management Specialist (Mitigation)
2019_05,532756900,MEDICAL INSTRUMENT TECHNICIAN (DIAGNOSTIC ULTRASOUND)
2019_05,533235900,Plant Protection and Quarantine Officer (Plant Health Safeguarding Specialist)
2019_05,533073800,Fish and Wildlife Biologist
2019_05,532751100,Project Manager
2019_05,532715200,Plant Protection and Quarantine Officer (Plant Health Safeguarding Specialist)
2019_05,533469800,Geologist
2019_05,534263100,Emergency Management Specialist (Mitigation)
2019_05,535030700,Environmental Protection Specialist
2019_05,533471700,Geologist
2019_05,533655300,Deputy Project Leader
2019_05,534447600,SAFETY & OCCUPATIONAL HEALTH MANAGER
2019_06,538805100,Chief Interdisciplinary (General Engineer/Landscape Architect/Architect)
2019_06,538803500,Chief Interdisciplinary (General Engineer/Landscape Architect/Architect)
2019_06,537856000,"Environmental Branch Manager, GS-0819/0401/1301-13 (Supervisory Interdisciplinary Engineer)"
2019_06,538121000,"National Bank Examiner/Bank Examiner (Compliance), NB-0570-VI"
2019_06,537355600,Marine Information Specialist
2019_06,538120800,"National Bank Examiner/Bank Examiner (Compliance), NB-0570-V Step 2"
2019_06,536289400,"National Bank Examiner/Bank Examiner (Analyst to the Deputy Comptroller), NB-0570-VI.2"
2019_06,536752600,Legal Instruments Examiner
2019_06,535504600,Outdoor Recreation Planner
2019_06,535882800,"National Bank Examiner/Bank Examiner (Asset Management), NB-0570-VI"
2019_06,535851300,Conservation Biologist
2019_06,535850300,"Financial Management Analyst, NB-501-V"
2019_06,535883500,"National Bank Examiner/Bank Examiner (Asset Management), NB-0570-VI"
2019_06,535903000,"National Bank Examiner/Bank Examiner (Compliance), NB-0570-VI"
2019_06,535836200,"Director, Land, Chemicals and Redevelopment Division"
2019_06,536617800,"CIVIL ENGINEER, GS-0810-12 - DIRECT HIRE"
2019_06,536677000,LIFE SCIENTIST/ENVIRONMENTAL ENGINEER/PHYSICAL SCIENTIST
2019_06,536428900,"National Bank Examiner/Bank Examiner (LB Field Examiner),  NB-0570-VI"
2019_06,536391100,Environmental Protection Specialist
2019_06,536476300,General Attorney
2019_06,538071800,"National Bank Examiner/Bank Examiner (Compliance), NB-0570-V Step 2"
2019_06,536630600,Life Scientist/Environmental Engineer/Physical Scientist
2019_06,536127100,"National Bank Examiner (Analyst to ADC), NB-0570-V Step 2"
2019_06,537818100,Senior Policy Analyst
2019_06,536591100,"National Bank Examiner/Bank Examiner (Asset Management), NB-0570-V Step 2"
2019_06,537618200,"National Bank Examiner/Bank Examiner (CRA/FL Compliance Policy Specialist), NB-0570-VI"
2019_06,536935800,"National Bank Examiner/Bank Examiner (BIT), NB-570-V"
2019_06,536157100,Supervisory Natural Resource Specialist
2019_06,538121300,"National Bank Examiner/Bank Examiner (Compliance), NB-0570-V Step 2"
2019_06,536215900,"Biologist, ZP-0401-3 (Direct Hire)"
2019_06,538238600,"Program Analyst, GS-0343-9/11/12 (DEU-CL)"
2019_06,537356300,Marine Information Specialist
2019_06,537670600,"National Bank Examiner/Bank Examiner (Compliance), NB-0570-VI"
2019_06,536319400,"National Bank Examiner/ Bank Examiner (Team Leader), NB-0570-VI"
2019_06,536700700,ENVIRONMENTAL ENGINEER
2019_06,536630200,Life Scientist/Environmental Engineer/Physical Scientist
2019_06,538121100,"National Bank Examiner/Bank Examiner (Compliance), NB-0570-V Step 2"
2019_06,537698300,"National Bank Examiner/Bank Examiner (Bank Information Technology), NB-570-VI"
2019_06,537702500,Physical Scientist
2019_06,538121400,"National Bank Examiner/Bank Examiner (Compliance), NB-0570-VI"
2019_06,536398000,Attorney-Advisor (General)
2019_06,537975700,Environmental Engineer/Physical Scientist
2019_06,538238300,"Program Analyst, GS-0343-9/11/12 (MPP-CL)"
2019_06,537296400,"National Bank Examiner/ Bank Examiner (Asset Management),  NB-570-VI"
2019_06,537680800,"National Bank Examiner/Bank Examiner (BIT), NB-0570-V Step 2"
2019_06,537697500,"National Bank Examiner/Bank Examiner (Bank Information Technology), NB-0570-V Step 2"
2019_06,538079500,"National Bank Examiner/Bank Examiner (BSA/AML), NB-0570-VI"
2019_06,537295000,"National Bank Examiner/Bank Examiner (Asset Management), NB-0570-VI"
2019_06,537861400,Secretary (Office Automation); NB-0318-IV
2019_06,538085700,"Director For Asset Management, NB-0570-VII"
2019_06,536591400,"National Bank Examiner/Bank Examiner (Asset Management), NB-0570-V Step 2"
2019_06,537692600,Interdisciplinary
2019_06,537620200,"National Bank Examiner/Bank Examiner (BSA/AML Compliance Policy Specialist), NB-0570-VI"
2019_06,537679900,National Bank Examiner/Bank Examiner (Bank Information Technology)NB-570-VI
2019_06,536631300,Life Scientist/Environmental Engineer/Physical Scientist
2019_06,537316900,"National Bank Examiner/Bank Examiner (LB Field Examiner) w/Capital Markets,  NB-570-VI"
2019_06,537834000,Life Scientist/Environmental Engineer/Physical Scientist
2019_06,537785300,Emergency Management Specialist (Mitigation)
2019_06,536370200,Environmental Protection Specialist (GEMS Coordinator)
2019_06,536564300,Plant Protection and Quarantine Officer (Plant Health Safeguarding Specialist)
2019_06,536025400,Plant Protection Technician (Domestic)
2019_06,537827300,Chief Permitting Officer (Enivronment & Infrastructure)
2019_06,536110700,CLINICAL PHARMACIST (HBPC)
2019_06,537006600,Plant Protection and Quarantine Officer (Plant Health Safeguarding Specialist)
2019_06,535349200,PHARMACY TECHNICIAN (TELEPHONE CARE)
2019_06,536104800,Supervisory Environmental Protection Specialist
2019_06,535843600,Plant Protection and Quarantine Officer (Plant Health Safeguarding Specialist)
2019_06,535524500,Rangeland Management Specialist
2019_06,537315900,Plant Protection and Quarantine Officer (Plant Health Safeguarding Specialist)
2019_06,537752100,Industrial Hygienist (GEMS)
2019_06,536783700,Supervisory Fish and Wildlife Biologist
2019_06,536980500,Supervisory Civil Engineer (Levees & Channels Branch Chief)
2019_06,536831200,Interdisciplinary (Employee Assistance Program Specialist)
2019_06,536254100,Plant Protection and Quarantine Officer (Plant Health Safeguarding Specialist)
2019_06,535378200,COMMUNICATIONS SECURITY SPECIALIST
2019_06,538139400,Supervisory Life Scientist / Physical Scientist / Environmental Engineer
2019_06,535864600,INTERDISCIPLINARY ENVIRONMENTAL PWD MEDIA MANAGER
2019_06,535432400,Civil Engineer/Environmental Engineer
2019_06,537551100,Civil Engineer/Environmental Engineer
2019_06,535620300,Physical Science Technician
2019_06,537785500,Emergency Management Specialist (Mitigation)
2019_06,537380000,Concessions Management Specialist
2019_06,537641000,Plant Protection and Quarantine Officer (Plant Health Safeguarding Specialist)
2019_06,535614600,Physical Science Technician
2019_06,535353200,Plant Protection and Quarantine Officer (Plant Health Safeguarding Specialist)
2019_06,536015000,Supervisory Realty Specialist
2019_06,537708600,Park Ranger (Wilderness)
2019_06,537733400,ENVIRONMENTAL ENGINEER/PHYSICAL SCIENTIST
2019_06,535694300,Physical Scientist (Environmental)
2019_06,536995900,Plant Protection and Quarantine Officer (Plant Health Safeguarding Specialist)
2019_07,540987100,"Senior Financial Economist, NB-0110-VI"
2019_07,539631900,Examination Technician
2019_07,539419900,"National Bank Examiner/Bank Examiner (Innovation Officer), NB-0570-VI"
2019_07,539458800,Supervisory Biological Scientist (Branch Chief)
2019_07,538904900,"Supv NBE/BE (EXCEL I Team Leader) emphasis in Commercial Credit, NB-570-VII (Temporary NTE 2 years)"
2019_07,538909000,Supervisory Life Scientist/Physical Scientist/Environmental Engineer
2019_07,538824500,Chief Interdisciplinary (General Engineer/Landscape Architect/Architect)
2019_07,538904000,"NBE/BE (LB Field Examiner) with emphasis in Commercial Credit, NB-0570-V/V.2"
2019_07,539153000,Natural Resources Specialist (DHA-STEM)
2019_07,540527000,"Supervisory National Bank Examiner (Risk and Operations Officer), NB-0570-VII"
2019_07,539031200,Marine Traffic Controller
2019_07,540921500,"Supervisory Information Technology Specialist (INFOSEC), NB-2210-VII.2"
2019_07,539865900,"National Bank Examiner/ Bank Examiner (Risk Expert - Capital),  NB-570-VI"
2019_07,538395200,Natural Resources Specialist
2019_07,538479800,Natural Resources Specialist
2019_07,538562200,"National Bank Examiner (Analyst to ADC), NB-0570-V Step 2"
2019_07,540646300,Public Affairs Specialist
2019_07,539060500,ENGINEER
2019_07,539448700,"Hydrologic Technician, GS-1316-8/9  (CA-TERM-DEU)"
2019_07,539381700,"National Bank Examiner/Bank Examiner (Enterprise Governance/Operational Risk), NB-0570-VI"
2019_07,539006200,"Supervisory National Bank Examiner (Examiner-In-Charge), NB-570-VII"
2019_07,539801600,Natural Resources Specialist (DHA-STEM)
2019_07,538935500,"CIVIL ENGINEER, GS-0810-12 - DIRECT HIRE"
2019_07,540460000,"Biological Science Technician (Wildlife), GS-0404-07 (DEU-TERM-YMJ)"
2019_07,538689900,ENVIRONMENTAL ASSESSMENT SPECIALIST
2019_07,540646500,Public Affairs Specialist
2019_07,540126500,Visual Information Specialist
2019_07,539171500,Environmental Protection Specialist
2019_07,538842000,Supervisory Civil Engineer
2019_07,539030600,"Supervisory Meteorologist, ZP-1340-5 (MAP)"
2019_07,538840800,Supervisory Civil Engineer
2019_07,540538500,"Recreational Boating Safety Specialist, GS-0301-13"
2019_07,541277600,General Biologist
2019_07,539419300,"National Bank Examiner/Bank Examiner (Innovation Officer), NB-0570-VI"
2019_07,540328000,Environmental Engineer/Physical Scientist
2019_07,541182800,National Bank Examiner/ Bank Examiner (Problem Bank Specialist)
2019_07,539683100,Supervisory Sanctions Enforcement Officer
2019_07,539685200,Supervisory Sanctions Enforcement Officer
2019_07,539273500,"National Bank Examiner/Bank Examiner (Enterprise Governance/Operational Risk), NB-0570-VI"
2019_07,539866800,"National Bank Examiner/Bank Examiner, Risk Expert - Capital, NB-0570-VI"
2019_07,539681700,"Supervisory NBE/BE (LBS Director for Strategy & Examiner Development), NB-0570-VII"
2019_07,538821800,Plant Protection Technician
2019_07,539687900,Plant Protection Technician (Domestic)
2019_07,539684700,Environmental Protection Specialist
2019_07,538283600,Realty Specialist
2019_07,540909800,Plant Protection and Quarantine Officer (Plant Health Safeguarding Specialist)
2019_07,538930400,ENVIRONMENTAL PROTECTION SPECIALIST (NEPA)
2019_07,540831000,ENVIRONMENTAL PROTECTION SPECIALIST
2019_07,539550900,Physical Science Technician
2019_07,539545500,Plant Protection Technician (Domestic)
2019_07,539565900,Plant Protection Technician (Domestic)
2019_07,539566700,Plant Protection and Quarantine Officer (Plant Health Safeguarding Specialist)
2019_07,539676400,Environmental Protection Specialist
2019_07,540789600,Plant Protection Technician (Domestic)
2019_07,539044300,Administrative Officer
2019_07,539298900,Plant Protection Technician (Domestic)
2019_07,539083500,Environmental Protection Specialist (Planning and Compliance Program Manager)
2019_07,539349700,Plant Protection and Quarantine Officer (Plant Health Safeguarding Specialist)
2019_07,540462500,Fish and Wildlife Biologist
2019_07,540571700,Plant Protection Technician (Domestic)
2019_07,538484700,Environmental Engineer
2019_07,539701600,Plant Protection and Quarantine Officer (Plant Health Safeguarding Specialist)
2019_07,539297800,Supervisory Life Scientist/Physical Scientist/Environmental Engineer
2019_07,539881200,Life Scientist / Environmental Engineer / Physical Scientist (Senior Permit Specialist)
2019_07,540221300,Supervisory Environmental Protection Specialist
2019_07,538821200,Plant Protection and Quarantine Officer (Plant Health Safeguarding Specialist)
2019_07,540364500,Environmental Protection Specialist
2019_07,540166700,Environmental Engineer (TCF)
2019_07,539504400,Plant Protection Technician (Domestic)
2019_07,539380900,Plant Protection Technician (Domestic)
2019_07,539222400,Plant Protection Technician (Domestic)
2019_07,540832100,Concessions Management Specialist
2019_07,538282600,Realty Specialist
2019_07,539113700,REALTY SPECIALIST
2019_07,538234300,Concessions Management Specialist
2019_07,540676600,Realty Specialist
2019_07,539512200,Plant Protection Technician (Domestic)
2019_07,539772100,Plant Protection and Quarantine Officer (Plant Health Safeguarding Specialist)
2019_08,544067400,"Examination Technician, NB-0503-III"
2019_08,545276600,Court Reporter
2019_08,544031800,"National Bank Examiner (Analyst to ADC), NB-0570-V Step 2"
2019_08,545274900,Assistant Director of Information Technology (IT)
2019_08,542447300,Pipefitter
2019_08,543888100,"National Bank Examiner/ Bank Examiner (Team Leader), NB-0570-VI"
2019_08,543239700,Deputy Chief
2019_08,542986500,Senior Policy Analyst
2019_08,543401400,"Supervisory National Bank Examiner (Examiner-In-Charge), NB-570-VIII"
2019_08,543288900,Financial Analyst
2019_08,542301100,Supervisory Natural Resource Specialist
2019_08,543675400,Public Affairs Specialist
2019_08,543408600,Life Scientist/Physical Scientist/Environmental Engineer
2019_08,541721000,Environmental Engineer
2019_08,542136600,"National Bank Examiner/Bank Examiner (Bank Information Technology), NB-570-VI"
2019_08,542536500,"National Bank Examiner/Bank Examiner (Analyst to LB Examiner-In-Charge), NB-570-VI"
2019_08,543263000,Visitor Services Specialist
2019_08,542112200,"Civil Engineer, GS-0810-13"
2019_08,541482100,Marine Information Specialist
2019_08,541945800,"Environmental Branch Manager, GS-0819/0401/1301-13 (Supervisory Interdisciplinary Engineer)"
2019_08,542025400,Administrative Support Assistant
2019_08,542034600,Landscape Architect
2019_08,541506100,"Biological Science Technician (Wildlife), GS-0404-07 (DEU-TERM-YMJ)"
2019_08,541561300,"Contract Specialist, NB-1102-V"
2019_08,543368300,"Deputy Comptroller for Operational Risk, NB-570-VIII"
2019_08,543683500,Public Affairs Specialist
2019_08,542025700,Administrative Support Assistant
2019_08,541482000,Marine Information Specialist
2019_08,542039200,"Director for Payment Systems Policy, NB-0570-VII"
2019_08,543038100,Supervisory Interdisciplinary Environmental Engineer/Physical Scientist
2019_08,541822400,"Examination Technician, NB-0503-III"
2019_08,542640600,"Program Analyst, ZA-0343-3 (MAP)"
2019_08,543670600,"National Bank Examiner/ Bank Examiner (LB Commercial Credit), NB-570-VI.2"
2019_08,541331700,"Interdisciplinary (Biologist, Ecologist, Civ Engineer, Env Engineer, Gen Phys Scientist, Geologist)"
2019_08,541347500,Interdisciplinary Supervisory Environmental Engineer/Geologist
2019_08,541811300,"Supervisory Information Technology Specialist (INFOSEC), NB-2210-VII.2"
2019_08,542040200,"Director for Payment Systems Policy, NB-0570-VII"
2019_08,543570700,Natural Resources Specialist (Recreation)
2019_08,543671000,"Supervisory National Bank Examiner (Examiner-In-Charge), NB-570-VII"
2019_08,542825800,Plant Protection Technician (Domestic)
2019_08,542135700,"National Bank Examiner/Bank Examiner (Bank Information Technology), NB-570-VI"
2019_08,542140600,Deputy State Director (Minerals and Lands)
2019_08,542814500,General Engineer
2019_08,542641000,"Program Analyst, ZA-0343-3 (DE/CR)"
2019_08,543786500,Outdoor Recreation Planner
2019_08,543450500,"Dep. Comp, Systemic Risk Identification Support & Specialty Supervision-NB-570-VIII"
2019_08,542111800,"Civil Engineer, GS-0810-13"
2019_08,543567300,Assistant Director - International Affairs
2019_08,543386800,"Manager, Los Alamos Field Office (Program Manager)"
2019_08,543453900,"National Bank Examiner/Bank Examiner (Commercial Credit), NB-0570-VI"
2019_08,543269200,Supervisory NBE/BE (Senior Advisor for Exams/Examiner Development)NB-0570-VII
2019_08,543633000,Human Resources Specialist
2019_08,541961600,"Financial Management Specialist, NB-501-IV"
2019_08,545275900,Systems and Network Administrator
2019_08,544162000,Environmental Engineer/Physical Scientist/ Hydrologist
2019_08,541582300,SUPERVISORY INTERDISCIPLINARY ENGINEER
2019_08,542162700,Environmental Protection Specialist
2019_08,543660400,Plant Protection and Quarantine Officer (Plant Health Safeguarding Specialist)
2019_08,542855100,DEPUTY REGIONAL REALTY OFFICER
2019_08,541831400,Industrial Hygienist - Green Environment Management System (GEMS)
2019_08,542442800,Wildlife Repository Specialist
2019_08,542038900,Commercial Services Manager
2019_08,541589500,Plant Protection Technician (Domestic)
2019_08,543292400,Plant Protection Technician (Domestic)
2019_08,541223600,Environmental Protection Specialist
2019_08,542065600,REALTY SPECIALIST
2019_08,544170600,Environmental Engineer - GEMS Safety Coordinator
2019_08,543290600,Plant Protection Technician (Domestic)
2019_08,517042300,REALTY OFFICER
2019_08,542425300,"Security Specialist, GS-0080-13"
2019_08,541444600,Plant Protection Technician (Domestic)
2019_08,542442600,Wildlife Repository Specialist
2019_08,543116100,Outdoor Recreation Planner
2019_08,541737500,Medical Supply Technician (Sterile Processing)
2019_08,543802700,Realty Specialist (Generalist)
2019_08,541462600,Environmental Engineer/Life Scientist/Physical Scientist
2019_08,543813300,SUPERVISORY GENERAL ENGINEER/ARCHITECT
2019_08,543440400,Life Scientist / Environmental Engineer / Physical Scientist (Senior Permit Specialist)
2019_08,541865600,Realty Specialist (Generalist)
2019_08,543028800,Environmental Engineer - TCF
2019_08,543114400,Outdoor Recreation Planner
2019_08,542443100,Wildlife Repository Specialist
2019_08,543526800,Nurse Practitioner
2019_08,544114400,SUPERVISORY ENVIRONMENTAL PROTECTION SPECIALIST (T32)
2019_08,541221100,Plant Protection Technician (Domestic)
2019_08,542399100,Environmental Protection Specialist
2019_08,541345000,Plant Protection and Quarantine Officer (Plant Health Safeguarding Specialist)
2019_09,546941900,Physical Science Technician
2019_09,547146900,Life Scientist/Environmental Engineer/Physical Scientist
2019_09,547195300,"Supervisory National Bank Examiner (Examiner-In-Charge), NB-570-VII"
2019_09,547165600,"Supervisory National Bank Examiner (Examiner-In-Charge), NB-570-VII.2"
2019_09,547319600,"Supervisory Program Analyst, NB-0343-VI.2"
2019_09,544138600,Assistant National Bank Examiner
2019_09,546035300,Environmental Protection Specialist
2019_09,545142500,"Supervisory Information Technology Specialist, NB-2210-VII.2 Temporary NTE 1 year"
2019_09,546518600,Supervisory Visitor Use Assistant
2019_09,545129100,"Supervisory Information Technology Specialist, NB-2210-VII.2 Temporary NTE 1 year"
2019_09,544681800,Environmental Protection Specialist
2019_09,545783900,Motor Carrier Safety Specialist - Border Inspector
2019_09,546142400,Interdisciplinary: GS-0819/1301/0401-12
2019_09,545097600,"Accountant / Sr. Policy Accountant, NB-0510-VI"
2019_09,545783700,Motor Carrier Safety Specialist - Border Inspector
2019_09,545782500,Motor Carrier Safety Specialist - Border Inspector
2019_09,544682000,Environmental Protection Specialist
2019_09,545896300,"Sanctuary Resource Specialist, ZP-0401-3 (MAP)"
2019_09,545163200,"Librarian, NB-1410-IV"
2019_09,545616700,POWERED SUPPORT SYSTEMS MECHANIC LEADER
2019_09,544840700,Natural Resource Specialist
2019_09,544724500,"Supervisory NBE/BE (LB Team Lead) w/ emphasis in Commercial Credit, NB-570-VII"
2019_09,545799400,Administrative Support Assistant
2019_09,546305400,Outdoor Recreation Planner
2019_09,544449400,Water Resources Specialist (DEU-NW)
2019_09,545777200,Motor Carrier Safety Specialist - Border Inspector
2019_09,546009400,"Human Resources Specialist (Classification), NB-201-V"
2019_09,544608200,"Training Officer, NB-1702-V"
2019_09,545780600,Motor Carrier Safety Specialist - Border Inspector
2019_09,545896400,"Sanctuary Resource Specialist, ZP-0401-3 (DE/CR)"
2019_09,546141700,Interdisciplinary: GS-0819/1301/0401-12
2019_09,545027300,OCC Internship Program (Accounting/Auditing)
2019_09,546170200,Park Ranger
2019_09,544905400,"Chief Information Officer, NB-0301-VIII"
2019_09,545162700,"Librarian, NB-1410-IV"
2019_09,545097700,"Accountant / Sr. Policy Accountant, NB-0510-VI"
2019_09,546168000,Park Ranger
2019_09,546036200,Environmental Protection Specialist
2019_09,546287100,Environmental Protection Specialist
2019_09,546346100,Environmental Engineer/Physical Scientist/Life Scientist
2019_09,544336300,Supervisory Interdisciplinary: GS-0819/1301/0401-13
2019_09,545162100,"Librarian, NB-1410-IV"
2019_09,545783400,Firearms and Explosives Services Specialist
2019_09,545799600,Administrative Support Assistant
2019_09,544442200,Water Resources Specialist (MPP-NW)
2019_09,545778300,Motor Carrier Safety Specialist - Border Inspector
2019_09,545603900,"Realty Specialist, GS-1170-12"
2019_09,544367200,Environment Engineer/Physical Scientist/Life Scientist
2019_09,546035000,Environmental Protection Specialist
2019_09,544906000,"Chief Information Officer, NB-0301-VIII"
2019_09,545900900,HEALTH PHYSICIST
2019_09,545779600,Motor Carrier Safety Specialist - Border Inspector
2019_09,545691900,Physical Science Technician (Minerals)
2019_09,544884800,"Supervisory Financial Analyst, NB-1160-VI.2"
2019_09,546035900,Environmental Protection Specialist
2019_09,545315600,Supervisory Motor Carrier Safety Specialist  (Border Inspector)
2019_09,545773200,Motor Carrier Safety Specialist - Border Inspector
2019_09,545781500,Motor Carrier Safety Specialist - Border Inspector
2019_09,545406000,National Leadership Development Program Track 3 (Excepted)
2019_09,546059200,"National Bank Examiner (Analyst to ADC), NB-0570-V Step 2"
2019_09,546245400,Physical Science Technician
2019_09,545772600,Motor Carrier Safety Specialist - Border Inspector
2019_09,547155500,National Bank Examiner (Risk & Operations Officer Analyst)
2019_09,546890400,POWERED SUPPORT SYSTEMS MECHANIC LEADER
2019_09,546920000,Supervisory Petroleum Engineer
2019_09,547193600,"Supervisory National Bank Examiner (Examiner-In-Charge), NB-570-VII"
2019_09,546595900,Fish and Wildlife Biologist
2019_09,547278700,"Supervisory Program Analyst, NB-0343-VI.2"
2019_09,547163800,"National Bank Examiner (Large Branch Examiner-in-Charge), NB-570-VI.2"
2019_09,547277400,"Supervisory Program Analyst, NB-0343-VI.2"
2019_09,547320200,"Supervisory Program Analyst, NB-0343-VI.2"
2019_09,547166900,"Supervisory National Bank Examiner (Examiner-In-Charge), NB-570-VII"
2019_09,545399900,National Leadership Development Program Track 3 (Competitive)
2019_09,546238800,Safety and Occupational Health Specialist
2019_09,544495100,Plant Protection and Quarantine Officer (Plant Health Safeguarding Specialist)
2019_09,545803300,Environmental Protection Specialist
2019_09,545878100,Fish and Wildlife Biologist
2019_09,546881600,Realty Specialist
2019_09,544524400,"Supv Financial Economist (Director for Credit Risk Analysis), NB-0110-VII"
2019_09,546950200,Plant Protection Technician
2019_09,546247200,Archaeologist/Historian
2019_09,546247400,Archaeologist / Historian
2019_09,545624100,Supervisory Concessions Management Specialist
2019_09,544376000,SUPERVISORY GENERAL ENGINEER/ARCHITECT(CONSTRUCTION MANAGER)
2019_09,544608100,"Supervisory Interdisciplinary (General Engineer, Landscape Architect, or Architect)"
2019_09,547166500,Environmental Engineer
2019_09,546695800,Wildlife Refuge Manager (Deputy)
2019_09,547091600,Supervisory Management Analyst
2019_09,546852900,Revenue and Fee Business Manager
2019_09,544650600,Park Ranger (Visitor Services Specialist)
2019_09,547252400,Lead Civil Engineer (Hydrologic)
2019_10,550223100,Supervisory Human Resources Specialist - NB-0201-VI (Temporary Promotion or Detail NTE 6 Months)
2019_10,549813300,Attorney- Adviser
2019_10,548281200,Deputy Chief
2019_10,547964400,Environmental Protection Specialist
2019_10,548923400,Natural Resources Specialist
2019_10,548131300,Life Scientist/Environmental Engineer/Physical Scientist
2019_10,549238900,Supervisory Medical Support Assistant
2019_10,547725200,Physical Science Technician
2019_10,548924800,Natural Resources Specialist
2019_10,548244800,Park Ranger
2019_10,547685500,Plant Protection and Quarantine Officer (Plant Health and Safeguarding Specialist)
2019_10,548735500,"National Bank Examiner/Bank Examiner (Large Bank BIT Examiner), NB-570-VI"
2019_10,549287700,Supervisory Natural Resource Specialist (Minerals and Lands)
2019_10,543855900,Firearms and Explosives Services Specialist
2019_10,547700500,Life Scientist/Environmental Engineer/Physical Scientist
2019_10,549383600,General Engineer - DIRECT HIRE
2019_10,548417700,"NBE/BE (Quality Assurance Program Examiner), NB-0570-VI"
2019_10,547382900,"National Bank Examiner/Bank Examiner (LB Field Examiner) emphasis in Operational Risk, NB-0570-V/V.2"
2019_10,549554500,Interdisciplinary (Geologist/Geophysicist)
2019_10,548395500,Supervisory Natural Resource Specialist
2019_10,547396500,"National Bank Examiner/Bank Examiner (LB Field Examiner) emphasis in Operational Risk, NB-0570-V/V.2"
2019_10,548046800,Supervisory Electricity Policy Analyst
2019_10,548056400,Supervisory Electricity Policy Analyst
2019_10,550051900,"National Bank Examiner/ Bank Examiner (Governance & Operational Risk Policy Analyst),  NB-570-VI"
2019_10,549630100,INTERDISCIPLINARY ENGINEER/ARCHITECT
2019_10,547507700,Environmental Protection Specialist (Planning and Compliance Program Manager)
2019_10,547764600,Medical Supply Technician (Sterile Processing)
2019_10,549846900,"Secretary (Office Automation), NB-0318-IV"
2019_10,549308900,Plant Protection and Quarantine Officer (Plant Health Safeguarding Specialist)
2019_10,550297400,Supervisory IT Specialist
2019_10,548418400,"NBE/BE (Quality Assurance Program Examiner), NB-0570-VI"
2019_10,549773400,"National Bank Examiner (Field Examiner), NB-0570-VI"
2019_10,549393700,Plant Protection and Quarantine Officer (Plant Health Safeguarding Specialist)
2019_10,548861000,Industrial Hygienist (VISN GEMS Coordinator)
2019_10,550481300,ENVIRONMENTAL PROTECTION SPECIALIST
2019_10,549214300,Environmental Engineer
2019_10,549774000,"National Bank Examiner (Field Examiner), NB-0570-V, Step 2"
2019_10,547711100,Hospital Housekeeping Program Specialist
2019_10,547470100,Deputy Regional Realty Officer
2019_10,550428100,"National Bank Examiner/Bank Examiner (LB Field Examiner) w/Capital Markets,  NB-570-VI"
2019_10,550405900,"DEPUTY COMPTROLLER (District Deputy Comptroller), NB-0570-VIII"
2019_10,549565500,"National Bank Examiner (Analyst to ADC), NB-0570-V Step 2"
2019_10,548674500,Range Technician
2019_10,547464500,Marine Traffic Controller
2019_10,550489300,"National Bank Examiner (Analyst to ADC), NB-0570-V Step 2"
2019_10,550355500,"Supervisory National Bank Examiner (Risk and Operations Officer), NB-0570-VII"
2019_10,548502700,Supervisory Environmental Protection Specialist
2019_10,550028900,Biologist
2019_10,550344200,"Program Development and Oversight Specialist, NB-301-VI"
2019_10,549067600,SUPERVISORY ENVIRONMENTAL PROTECTION SPECIALIST
2019_10,549599600,"Personnel Psychologist, NB-180-V"
2019_10,550050700,"National Bank Examiner/Bank Examiner, Governance & Operational Risk Policy Analyst, NB-0570-VI"
2019_10,549105000,Senior Fish and WIldlife Biologist
2019_10,550037300,Historian/Archaeologist
2019_10,549314300,Interdisciplinary: GS-0819/1301/0401-12
2019_10,549311500,Interdisciplinary: GS-0819/1301/0401-12
2019_10,548793800,Supervisory Biologist/General Engineer/Physical Scientist
2019_10,548764900,INTERDISCIPLINARY
2019_10,547462000,Marine Traffic Controller
2019_10,547507400,Environmental Protection Specialist (Planning and Compliance Program Manager)
2019_10,549850100,"Supervisory NBE/BE (LB Team Lead) w/emphasis in Asset Management, NB-570-VII"
2019_10,548133500,"Environmental Protection Specialist, GS-0028-09"
2019_10,547765200,Medical Supply Technician (Sterile Processing)
2019_10,549119200,Biologist
2019_10,550137800,Administrative Assistant
2019_10,548632600,"National Bank Examiner/Bank Examiner (BSA/AML Compliance Policy Specialist), NB-0570-VI"
2019_10,549046200,Plant Protection and Quarantine Officer (Predeparture Operations)
2019_10,547456400,Marine Traffic Controller
2019_10,547831100,"Director, Enterprise Workforce Planning"
2019_10,547608900,Biological Science Technician (Ecological Monitoring)
2019_10,549925500,Realty Specialist (Generalist)
2019_10,549173700,"National Bank Examiner/Bank Examiner (LB Field Examiner) w/ emphasis in Retail Credit, NB-570-VI"
2019_10,550007800,"National Bank Examiner/ Bank Examiner (Analyst to Associate Deputy Comptroller), NB-0570-VI"
2019_10,549131700,SAFETY & OCCUPATIONAL HEALTH SPECIALIST
2019_10,547754900,Supervisory Physical Scientist/Environmental Engineer
2019_10,548805900,ENVIRONMENTAL PROTECTION SPECIALIST
2019_11,552805100,"Supervisory National Bank Examiner (Examiner-In-Charge), NB-570-VIII (Temporary NTE 1 Year)"
2019_11,551131100,Lead Visitor Services Assistant (Backcountry Permits/AIS)
2019_11,552553400,Project Manager (Engineering)
2019_11,551000900,Environmental Protection Specialist
2019_11,550931600,Physical Science Technician
2019_11,550493200,Plant Protection and Quarantine Officer (Plant Health Safeguarding Specialist)
2019_11,550934300,National Bank Examiner/Bank Examiner (Credit Lead Expert)
2019_11,552491000,Supervisory Interdisciplinary
2019_11,552609400,POWERED SUPPORT SYSTEMS MECHANIC
2019_11,550966800,Plant Protection and Quarantine Officer (Plant Health Safeguarding Specialist)
2019_11,550445100,Legal Assistant
2019_11,550757000,"Program Management Officer (Regional Supervisor, Office of the Environment)"
2019_11,552765800,Supervisory Interdisciplinary
2019_11,551365000,"Director, Financial Management Systems Group"
2019_11,552550900,Project Manager (Engineering)
2019_11,550828500,"National Bank Examiner/Bank Examiner (Capital Markets), NB-0570-V Step 2"
2019_11,551236100,Supervisory Permit Program Specialist (Backcountry/AIS Permits)
2019_11,550465100,Plant Protection and Quarantine Officer (Plant Health Safeguarding Specialist)
2019_11,552231900,Environmental Engineer/ Physical Scientist/ Life Scientist
2019_11,550804100,"National Bank Examiner/Bank Examiner (Retail Credit), NB-0570-V Step 2"
2019_11,550828700,"National Bank Examiner/Bank Examiner (Retail Credit), NB-0570-V Step 2"
2019_11,551441700,"Human Resources Specialist (Employee Benefits), NB-201-V"
2019_11,552963600,"National Bank Examiner/ Bank Examiner (BIT Lead Expert), NB-0570-VI"
2019_11,551982400,ENVIRONMENTAL PROTECTION SPEC
2019_11,551005100,Environmental Protection Specialist
2019_11,552473700,Physical Scientist (Remote Sensing)
2019_11,552505200,Supervisory NBE/BE (Senior Advisor for Exams/Examiner Development)NB-0570-VII
2019_11,552699200,Supervisory Program Analyst (Deputy Director)
2019_11,550878700,"Computer Scientist, NB-1550-V"
2019_11,551995700,National Bank Examiner/ Bank Examiner (Problem Bank Specialist)
2019_11,552018000,Recreation Fee Program Specialist
2019_11,550916000,Supervisory Human Resources Specialist - NB-0201-VI
2019_11,552865500,National Bank Examiner/ Bank Examiner (Problem Bank Specialist)
2019_11,550828800,"National Bank Examiner/Bank Examiner (Retail Credit), NB-0570-V Step 2"
2019_11,550828600,"National Bank Examiner/Bank Examiner (Capital Markets), NB-0570-V Step 2"
2019_11,552566100,Social Scientist/Natural Resource Specialist
2019_11,551160000,Interdisciplinary Project Manager
2019_11,552338400,Supervisory Clerk Leadership Development Program (LDP-SP) *MSP**AMENDED*
2019_11,550526500,Plant Protection and Quarantine Officer (Plant Health Safeguarding Specialist)
2019_11,552039200,Interdisciplinary: GS-0819/1301/0401-12
2019_11,552232300,Life Scientist/Environmental Engineer/Physical Scientist (Senior Permit Specialist)
2019_11,552536000,Environmental Engineer/Physical Scientist/Life Scientist (Enforcement Inspector)
2019_11,551981400,Environmental Engineer/Physical Scientist/Life Scientist
2019_11,552578000,Life Scientist/Environmental Engineer/Physical Scientist
2019_11,552038300,Interdisciplinary: GS-0819/1301/0401-12
2019_11,552047600,Biologist/Ecologist
2019_11,552766400,Supervisory Interdisciplinary
2019_11,552491400,Supervisory Interdisciplinary
2019_11,552766100,Supervisory Interdisciplinary
2019_11,551157400,"National Bank Examiner/ Bank Examiner (Analyst to Associate Deputy Comptroller), NB-0570-VI"
2019_11,550935100,National Bank Examiner/Bank Examiner (Credit Lead Expert)
2019_11,552296600,Physical Scientist (Remote Sensing)
2019_11,553029700,Medical Supply Technician (Sterile Processing)
2019_11,551006900,Environmental Protection Specialist
2019_11,550879400,"Computer Scientist, NB-1550-V"
2019_11,552959700,"National Bank Examiner/ Bank Examiner (BIT Lead Expert Support), NB-0570-V Step 2"
2019_11,551994500,Plant Protection and Quarantine Officer (Canine Officer)
2019_11,550069900,Environmental Protection Specialist
2019_11,552829900,Public Affairs Specialist
2019_11,553006400,National Bank Examiner/Bank Examiner (Asset Management Lead Expert)
2019_12,554415900,POWERED SUPPORT SYSTEMS MECHANIC
2019_12,554417100,Supervisory Program Analyst
2019_12,554308400,Supervisory Program Analyst
2019_12,554621400,Life Scientist/Environmental Engineer/Physical Scientist (Permit Specialist)
2019_12,554770700,Life Scientist/Environmental Engineer/Physical Scientist (Permit Specialist)
2019_12,552493200,Biological Science Technician (Plants)
2019_12,554269200,Outdoor Recreation Planner
2019_12,554806500,Outdoor Recreation Planner
2019_12,554044600,"Manager, Carlsbad Field Office"
2019_12,553116900,Biological Scientist
2019_12,553314800,"National Bank Examiner/ Bank Examiner (Risk Expert - Capital),  NB-570-VI"
2019_12,554790900,Petroleum Engineer
2019_12,553486800,Plant Protection Technician
2019_12,554877300,"Licensing Manager, NB-570-VI.2"
2019_12,553867700,Program Specialist (Permitting Specialist)
2019_12,553584900,"National Bank Examiner/ Bank Examiner (LB Field Examiner), NB-570-V/V.2"
2019_12,553829700,Environmental Protection Specialist
2019_12,554658200,SUPV ENVIRONMMENTAL PROTECTION SPECIALIST
2019_12,553315300,"National Bank Examiner/Bank Examiner, (Risk Expert - Capital), NB-0570-VI"
2019_12,554599200,Financial Analyst
2019_12,555216700,General Biologist
2019_12,555445500,Realty Specialist (Generalist)
2019_12,554736500,Interdiscipllinary
2019_12,553496400,"National Bank Examiner/Bank Examiner (Large Bank BIT Examiner), NB-570-VI"
2019_12,554844500,Interdisciplinary: GS-0819/1301/0401-12
2019_12,555496800,Life Scientist/Environmental Engineer/Physical Scientist (Permit Specialist)
2019_12,554840300,Interdisciplinary: GS-0819/1301/0401-12
2019_12,554099900,Supervisory Biologist/General Engineer/Physical Scientist
2019_12,554626500,Environmental Protection Specialist Green Environmental Management System (GEMS) Manager
2019_12,555446300,Environmental Protection Specialist
2019_12,553363000,"Conference and Catering Specialist, NB-301-IV"
2019_12,554908900,"Human Resources Specialist (Classification), NB-201-V"
2019_12,553831600,Permits Biologist
2019_12,553779400,Administrative Assistant
2019_12,554870600,Plant Protection and Quarantine Officer (Canine Officer)
2019_12,555015100,SUPERVISORY INTERDISCIPLINARY ENVIRONMENTAL ENGINEER/CHEMIST
2019_12,555509500,Environmental Protection Specialist
2019_12,555205400,Supervisory Human Resources Specialist - NB-0201-VI
2019_12,554252800,"Supervisory NBE/BE (Large Bank Team Lead) w/emphasis in ERM/Corporate Governance, NB-570-VII"
2019_12,554739800,ENVIRONMENTAL PROTECTION SPECIALIST (127th WG)
2019_12,553938300,"Director for Enterprise Governance and Ombudsman Operations and Administration, NB-301-VII"
2019_12,553457300,"National Bank Examiner/Bank Examiner (LB Field Examiner) w/ emphasis in Retail Credit, NB-570-VI"
2019_12,553136800,Plant Protection Technician (Domestic)
2019_12,553057400,Plant Protection and Quarantine Officer (Plant Health Safeguarding Specialist)
2020_01,557730400,CLINICAL COUNSELOR COMMUNITY COUNSELING PROGRAM
2020_01,558260900,Project Manager (MPP-JRS)
2020_01,558227100,Program Analyst
2020_01,556216300,"National Bank Examiner/Bank Examiner (Enterprise Governance/Operational Risk), NB-0570-VI"
2020_01,555527400,Plant Protection Technician (Domestic)
2020_01,555551000,Plant Protection Technician (Domestic)
2020_01,526443200,Landscape Architect
2020_01,526443400,Landscape Architect
2020_01,555599400,"Natural Resource Specialist, GS-0401-11/12 (Direct Hire)"
2020_01,555756000,Life Scientist/Physical Scientist/Environmental Engineer
2020_01,555543100,Plant Protection Technician (Domestic)
2020_01,555523900,Plant Protection Technician (Domestic)
2020_01,555595400,"Natural Resource Specialist, GS-0401-11/12 (Direct Hire)"
2020_01,555551300,Plant Protection Technician (Domestic)
2020_01,555523100,Plant Protection Technician (Domestic)
2020_01,555551100,Plant Protection Technician (Domestic)
2020_01,556078900,"Interdisciplinary (Biologist, Ecologist, Civil Eng, Env Eng, Gen Phys Scientist, Geologist)"
2020_01,558018400,Mining Engineer/Geologist
2020_01,558149700,"Supervisory National Bank Examiner (Examiner-In-Charge), NB-570-VII.2 (Temporary NTE 1 year)"
2020_01,556467100,Environmental Protection Specialist (MPP-NW)
2020_01,556256200,"National Bank Examiner/Bank Examiner (CRA/Fair Lending), NB-570-V"
2020_01,556705600,ENVIRONMENTAL ENGINEER
2020_01,556255800,"National Bank Examiner/Bank Examiner (BSA/AML), NB-570-V"
2020_01,558313100,"Supv NBE/BE (EXCEL I Team Leader) w/emphasis in Retail Credit, NB-570-VII (Temporary NTE 2 years)"
2020_01,556436300,Supervisory Program Manager
2020_01,556256500,"National Bank Examiner/Bank Examiner (Commercial Credit), NB-570-V"
2020_01,556410300,"Regulatory Program Chief , ES-0340-00"
2020_01,557030200,Assistant National Bank Examiner
2020_01,556516800,"Enterprise Data Governance Program Manager, Temporary Promotion NTE 1 year"
2020_01,558260600,Project Manager (DEU-JRS)
2020_01,556291400,"National Bank Examiner/ Bank Examiner (Compliance), NB-0570-V"
2020_01,561318600,"Visual Information Specialist , NB-1084-V"
2020_01,558504600,Realty Specialist (Generalist)
2020_01,555759100,NATURAL RESOURCE SPECIALIST
2020_01,557045900,"Human Resources Specialist (Classification), NB-201-V"
2020_01,556397900,Supervisory General Engineer
2020_01,558050000,Marine Traffic Controller
2020_01,555934000,"National Bank Examiner/Bank Examiner (Compliance), NB-0570-VI"
2020_01,558049100,Marine Traffic Controller
2020_01,558168700,Medical Supply Technician (Sterile Processing)
2020_01,558008400,"National Bank Examiner/Bank Examiner (LB Field Examiner) w/Capital Markets,  NB-570-V/V.2"
2020_01,557595600,Recreation Management Specialist
2020_01,556423700,Human Resources Specialist (Human Resources Development) - NB-0201-VI
2020_01,558047700,Marine Traffic Controller
2020_01,557302900,Training Technician
2020_01,558143800,"Supervisory National Bank Examiner (Assistant Deputy Comptroller), NB-0570-VII"
2020_01,557092700,"Deputy Chief Accountant, NB-0510-VII"
2020_01,555930100,"Administrative Assistant (Office Automation), NB-0303-III"
2020_01,556077300,Supervisory General Engineer
2020_01,556061100,Environmental Protection Specialist
2020_01,557262600,"Technical Expert For Asset Management, NB-0570-VII"
2020_01,558149900,"National Bank Examiner/Bank Examiner (LB Field Examiner),  NB-0570-VI"
2020_01,557906600,"NBE/BE (Analyst to the DC for SASS), NB-570-VI.2"
2020_01,555805200,Supervisory Visitor Services Assistant (Backcountry Permits)
2020_01,558301000,Supervisory Fish and Wildlife Biologist
2020_01,556025100,Industrial Hygienist (GEMS)
2020_01,557192300,Medical Supply Technician (Sterile Processing)
2020_01,556577400,Lead Interdisciplinary
2020_01,557739600,Supervisory Life Scientist/Environmental Engineer/Physical Scientist
2020_01,557714600,"Examination Technician, NB-503-III"
2020_01,555934800,"National Bank Examiner/Bank Examiner (Compliance), NB-0570-VI"
2020_01,558315600,"National Bank Examiner/Bank Examiner (LB Field Examiner) w/emphasis Retail Credit, NB-570-V/V.2"
2020_01,557907500,"NBE/BE (Analyst to the DC for SyRIS), NB-570-VI.2"
2020_01,556401200,"National Bank Examiner/ Bank Examiner (Team Leader), NB-0570-VI"
2020_01,558119900,"Administrative Assistant (Office Automation), NB-0303-III"
2020_01,557151600,"Associate Deputy Comptroller, NB-0570-VII Step 2"
2020_01,556902100,ADMINISTRATIVE/TECHNICAL SPECIALIST
2020_01,556042100,Animal Health Technician
2020_01,558148500,"National Bank Examiner/ Bank Examiner (LB Field Examiner), NB-570-V/V.2"
2020_01,557456500,Plant Protection and Quarantine Officer (Plant Health Safeguarding Specialist)
2020_01,557326800,Hospital Housekeeping Officer (Chief Environmental Management Service)
2020_01,557877000,"NBE/BE (LB Field Examiner) with emphasis in Commercial Credit, NB-0570-V/V.2"
2020_01,555879600,"National Bank Examiner/Bank Examiner (CRA/FL Compliance Policy Specialist), NB-0570-VI"
2020_01,556218200,"National Bank Examiner/Bank Examiner (Enterprise Governance/Operational Risk), NB-0570-VI"
2020_01,557437400,INDUSTRIAL SECURITY SPEC
2020_01,557343900,Environmental Engineer
2020_01,558121000,"National Bank Examiner/Bank Examiner (Analyst to the Large Bank EIC), NB-0570-V/V.2"
2020_01,557256200,"Supervisory NBE/BE (LB Team Lead) w/emphasis in Asset Management, NB-570-VII"
2020_01,557413800,Environmental Protection Specialist (Open to both U.S. Citizens and Federal Employees)
2020_01,556883000,Program Specialist (Permitting Specialist)
2020_01,556751200,Supervisory Fish and Wildlife Biologist
2020_01,556102700,Supervisory General Engineer
2020_02,559780800,Senior Policy Analyst
2020_02,559887000,Life Scientist/Environmental Engineer/Physical Scientist
2020_02,557925900,OCC  Internship Program (Economics)
2020_02,558350000,Park Ranger (Backcountry & Wilderness Mgmt)
2020_02,558467700,Environmental Engineer/General Physical Scientist (Air Monitoring Coordinator)
2020_02,561039200,"National Bank Examiner/Bank Examiner (Asset Management), NB-0570-V"
2020_02,559969000,Student Trainee (Investigator Labor)
2020_02,561202400,Hanford Site Manager
2020_02,560912900,Financial Economist
2020_02,558723900,"National Bank Examiner/Bank Examiner (LB Field Examiner) w/Capital Markets,  NB-570-V/V.2"
2020_02,559686900,Physical Scientist - Direct Hire
2020_02,559564100,Environmental Protection Specialist
2020_02,560421200,Environmental Protection Specialist
2020_02,558855500,"National Bank Examiner/Bank Examiner (Large Bank BIT), NB-0570-V/V.2"
2020_02,560210900,Plant Protection Quarantine Officer (Plant Health Safeguarding Specialist)
2020_02,559710700,National Bank Examiner/Bank Examiner (BSA/AML Lead Expert)
2020_02,560162000,SUPERVISORY ENVIRONMENTAL PROTECTION SPECIALIST - Title 5
2020_02,561206700,Hanford Site Manager
2020_02,561036500,"National Bank Examiner/Bank Examiner (Asset Management), NB-0570-V"
2020_02,560633400,Environmental Engineer/Physical Scientist/Life Scientist
2020_02,559011800,"National Bank Examiner/Bank Examiner (Analyst to LB Examiner-In-Charge), NB-570-VI"
2020_02,560634500,Life Scientist/Environmental Engineer/Physical Scientist
2020_02,560422500,Environmental Protection Specialist
2020_02,559272500,SUPERVISORY ENVIRONMENTAL PROTECTION SPECIALIST
2020_02,561068400,"National Bank Examiner/Bank Examiner (Bank Information Technology), NB-570-V"
2020_02,561039500,Motor Carrier Safety Specialist (Border Inspector) (Open to both U.S. Citizens and Federal Employees)
2020_02,559887700,Life Scientist/Environmental Engineer/Physical Scientist
2020_02,560856800,Interdisciplinary: GS-0819/1301/0401-12
2020_02,559889400,Life Scientist/Environmental Engineer/Physical Scientist
2020_02,559651900,Petroleum Engineer
2020_02,560783600,Supervisory Petroleum Engineer
2020_02,560252500,"Supervisory Petroleum Engineer (Chief, Permitting Section)"
2020_02,561986600,"National Bank Examiner/Bank Examiner (LB Field Examiner) w/Capital Markets,  NB-570-VI"
2020_02,560196800,ADMINISTRATIVE SUPPORT ASSISTANT
2020_02,560948500,Fish and Wildlife Biologist
2020_02,560034000,Environmental Protection Specialist (Planning and Compliance Branch Chief)
2020_02,560197300,ADMINISTRATIVE SUPPORT ASSISTANT
2020_02,559579300,GENERAL BUSINESS & INDUSTRIAL SPEC
2020_02,560527400,Realty Specialist (Generalist)
2020_02,557137800,Recreation Fee Program Manager
2020_02,560717400,Plant Protection and Quarantine Officer (Plant Health Safeguarding Specialist)
2020_02,560948700,Fish and Wildlife Biologist
2020_02,559187900,Natural Resources Specialist (Supervisory) (MP)
2020_02,559114600,"National Bank Examiner/Bank Examiner (Analyst to LB Examiner-In-Charge), NB-570-VI"
2020_02,559878300,Plant Protection and Quarantine Officer (Plant Health Safeguarding Specialist)
2020_02,558993200,"Administrative Assistant (Office Automation), NB-0303-III"
2020_02,558911500,"National Bank Examiner/ Bank Examiner (LB Strategy & Examiner Development), NB-570-VI"
2020_02,558414800,Plant Protection and Quarantine Officer (Plant Health Safeguarding Specialist)
2020_02,558348200,"Director for Bank Information Technology, NB-0570-VII"
2020_02,561312800,"Visual Information Specialist, NB-1084-V"
2020_02,560074100,"Examination Technician, NB-503-III"
2020_02,559950600,Emergency Management Specialist (Mitigation)
2020_02,559434300,Supervisory Realty Specialist
2020_02,561194500,Supervisory Realty Specialist
2020_02,561190500,"Administrative Assistant (Office Automation), NB-0303-III"
2020_02,560890200,"Financial Management Analyst, NB-501-V"
2020_02,561042900,Motor Carrier Safety Specialist (Border Inspector) (Open to both U.S. Citizens and Federal Employees)
2020_02,560956600,"National Bank Examiner/Bank Examiner (Commercial Credit), NB-0570-V Step 2"
2020_02,560517600,Environmental Protection Specialist (GEMS)
2020_02,560285400,Supervisory Motor Carrier Safety Specialist  (Border Inspector)
2020_02,560158300,PHYSICAL SCIENCE TECHNICIAN
2020_02,559064000,Policy Analyst
2020_02,558931000,"National Bank Examiner/ Bank Examiner (LB Field Examiner) w/ emphasis in Operational Risk, NB-570-VI"
2020_02,561324100,"Visual Information Specialist , NB-1084-V"
2020_02,559438900,Realty Specialist
2020_02,561238600,Interdisciplinary: GS-0819/1301/0401-12
2020_02,561326300,Interdisciplinary: GS-0819/1301/0401-12
2020_02,561323900,Interdisciplinary: GS-0819/1301/0401-12
2020_02,559852500,Life Scientist /Environmental Engineer/Physical Scientist
2020_02,560857700,Interdisciplinary: GS-0819/1301/0401-12
2020_02,560104500,Interdisciplinary (Supervisory Regulatory Project Manager)
2020_02,559344300,Supervisory Human Resources Specialist - NB-0201-VI
2020_02,558733000,Environmental Protection Specialist
2020_02,559157700,Transportation Specialist (Open to both U.S. Citizens and Federal Employees)
2020_02,560033100,Environmental Protection Specialist (Planning and Compliance Branch Chief)
2020_02,559066000,Policy Analyst
2020_02,559735100,Natural Resources Specialist (Supervisory) (MP)
2020_02,559950100,Emergency Management Specialist (Mitigation)
2020_02,558890100,"Emergency Management Specialist (COOP), NB-0089-V"
2020_02,559121500,Supervisory NBE/BE (Shared National Credit Program Manager)-NB-570-7
2020_02,557138400,Recreation Fee Program Manager
2020_02,561077200,Natural Resource Specialist / Physical Scientist
2020_02,561017400,INTERDISCIPLINARY
2020_02,560445600,Plant Protection and Quarantine Officer (PHSS/Predeparture Operations)
2020_02,559103800,"Supervisory NBE/BE (Assoc. DC for Market Risk, Asset Mgmt., Capital Plng, & DFAST)"
2020_03,563027000,"Examination Technician, NB-503-III/IV"
2020_03,563280300,Plant Protection and Quarantine Officer (Plant Health Safeguarding Specialist)
2020_03,561566200,Supervisory Biological Scientist - Director
2020_03,563176600,Plant Protection and Quarantine Officer (Plant Health Safeguarding Specialist)
2020_03,562978100,"Supervisory National Bank Examiner (Deputy EIC for Sup & Opns), NB-570-VII (Temporary NTE 1 year)"
2020_03,561947600,"National Bank Examiner/Bank Examiner (Consumer Compliance Policy Specialist),  NB-0570-VI"
2020_03,562600800,Attorney Advisor/Counsel; NB-905-VI
2020_03,563652000,NBE/BE (Large Bank Enterprise Risk Management/ Corporate Governance) NB-570-VI.2
2020_03,562796600,Attorney Advisor/Counsel; NB-905-VI
2020_03,562897900,Outdoor Recreation Planner
2020_03,564135900,"HR Specialist (Policy and Accountability), NB-201-V.2 (Temp Promotion/Detail NTE 1 Year)"
2020_03,562824100,Administrative Support Assistant
2020_03,562379600,"Supervisory Financial Economist (Director for Economic & Banking Condition), NB-0110-VII"
2020_03,562514500,Supervisory Life Scientist / Physical Scientist / Environmental Engineer
2020_03,562826600,Administrative Support Assistant
2020_03,562863800,"National Bank Examiner/Bank Examiner (Commercial Credit Risk Specialist), NB-0570-VI"
2020_03,564207600,"National Bank Examiner/ Bank Examiner (Analyst to Associate Deputy Comptroller), NB-0570-VI"
2020_03,561824500,"Administrative Assistant (Office Automation), NB-0303-III"
2020_03,562649400,"Supervisory National Bank Examiner (Examiner-In-Charge), NB-570-VII.2"
2020_03,564208300,"National Bank Examiner/ Bank Examiner (Analyst to Associate Deputy Comptroller), NB-0570-VI"
2020_03,564189500,"National Bank Examiner/Bank Examiner (Compliance), NB-0570-VI"
2020_03,562649700,"Supervisory National Bank Examiner (Examiner-In-Charge), NB-570-VII.2"
2020_03,563307400,PHYSICAL SCIENCE TECHNICIAN
2020_03,562380200,"National Bank Examiner/ Bank Examiner (LB Field Examiner) w/emphasis in Commercial Credit, NB-570-VI"
2020_03,563774500,Government Information Specialist
2020_03,563470400,"National Bank Examiner/Bank Examiner (Compliance), NB-0570-VI"
2020_03,563513100,H/HHA & GEM Clinic Social Worker
2020_03,564343000,"Supervisory NBE/BE (LB Team Lead) with emphasis in Capital Markets, NB-570-VII"
2020_03,561721900,SECURITY ASSISTANT
2020_03,563128300,"Financial Management Specialist, NB-501-IV/V"
2020_03,563286200,"National Bank Examiner/ Bank Examiner (LB Bank Information Technology), NB-570-VI"
2020_03,561630100,Fish and Wildlife Biologist
2020_03,562379000,"National Bank Examiner/ Bank Examiner (LB Field Examiner), NB-570-VI"
2020_03,562256000,Environmental Protection Specialist
2020_03,562311700,HEALTH PHYSICIST
2020_03,563158100,"Examination Technician, NB-503-III/IV"
2020_03,563165200,"Financial Management Specialist, NB-501-IV/V"
2020_03,564135500,"Human Resources Specialist (Policy and Accountability), NB-201-V.2"
2020_03,564264800,"National Bank Examiner (Analyst to Assistant Deputy Comptroller), NB-0570-V Step 2"
2020_03,561828000,"National Bank Examiner/ Bank Examiner (LB Asset Management),  NB-0570-VI"
2020_03,563224900,Human Resources Specialist (Labor Management and Employee Relations)
2020_03,561798300,Emergency Management Specialist (Mitigation)
2020_03,562862800,"National Bank Examiner/Bank Examiner (Commercial Credit Risk Specialist), NB-0570-VI"
2020_03,563531700,"Supervisory NBE/BE (Examiner-in-Charge), NB-0570-VII"
2020_03,564209100,"Supervisory National Bank Examiner (Assistant Deputy Comptroller), NB-0570-VII"
2020_03,564281600,Integrated Resources Program Manager
2020_03,564281900,Integrated Resources Program Manager
2020_03,563939700,ENVIRONMENTAL ENGINEER
2020_03,563905400,"National Bank Examiner/Bank Examiner (LB Commercial Credit), NB-570-VI.2"
2020_03,563745800,EVENTS & SPACE USE COORDINATOR
2020_03,563281800,"National Bank Examiner (Field Examiner), NB-0570-VI"
2020_03,563990500,Environmental Engineer/Physical Scientist/Life Scientist
2020_03,564294400,Environmental Engineer/Physical Scientist/Life Scientist
2020_03,562274800,INTERDISCIPLINARY NATURAL RESOURCE SPECIALIST/ENVIRONMENTAL ENGINEER/PHYSICAL SCIENTIST
2020_03,562291100,DEPUTY DIRECTOR
2020_03,561827800,"Administrative Assistant (Office Automation), NB-0303-III"
2020_03,564230600,FLIGHT OPERATIONS MANAGER
2020_03,562978400,"NBE/BE (LB Field Examiner) with emphasis in Commercial Credit, NB-0570-V/V.2"
2020_03,564089100,Supervisory Substation Operations Specialist
2020_03,562658100,Plant Protection and Quarantine Officer (Plant Health Safeguarding Specialist)
2020_03,563115600,Plant Protection and Quarantine Officer (Plant Health Safeguarding Specialist)
2020_03,563726900,"National Bank Examiner/Bank Examiner (Compliance), NB-0570-V Step 2"
2020_03,563158500,"National Bank Examiner/Bank Examiner (Compliance), NB-0570-VI"
2020_03,562962700,Environmental Protection Specialist
2020_03,561989800,"National Bank Examiner/Bank Examiner (LB Field Examiner) w/Capital Markets,  NB-570-VI"
2020_03,562978600,"National Bank Examiner/Bank Examiner (LB Compliance), NB-0570-V/V.2"
2020_03,562350700,"NBE/BE (LB Field Examiner) with emphasis in Operational Risk, NB-0570-V/V.2"
2020_03,562363700,Environmental Engineer
2020_03,563605500,"National Bank Examiner (Field Examiner), NB-0570-V, Step 2"
2020_03,563851000,"Accountant / Sr. Policy Accountant, NB-0510-VI"
2020_03,563887300,Supervisory Security Specialist - NB-0080-VI
2020_03,562916600,Plant Protection and Quarantine Officer (Plant Health Safeguarding Specialist)
2020_03,561944300,"National Bank Examiner/Bank Examiner (Consumer Compliance Policy Specialist), NB-0570-VI"
2020_04,565699800,SUPERVISORY ENVIRONMENTAL PROTECTION SPECIALIST (Title 5)
2020_04,566821000,Interdisciplinary Mining Engineer/ Geologist
2020_04,566058800,Life Scientist/Physical Scientist/Environmental Engineer
2020_04,565720100,Economist
2020_04,566798000,Interdisciplinary Mining Engineer/ Geologist
2020_04,564508800,ENVIRONMENTAL PROTECTION SPECIALIST
2020_04,532329700,Landscape Architect
2020_04,559440400,"Supervisory Petroleum Engineer (Chief, Permitting Section)"
2020_04,564555400,"National Bank Examiner/Bank Examiner (LB Compliance), NB-0570-V/V.2"
2020_04,564418500,"Director, Air and Radiation Division"
2020_04,565422400,Life Scientist/Environmental Engineer/Physical Scientist
2020_04,565320600,Supervisory Emergency Management Specialist (Mitigation)
2020_04,564735300,ENVIRONMENTAL PROTECTION SPECIALIST
2020_04,564614400,"National Bank Examiner (Analyst to ADC), NB-0570-V Step 2 (Temporary NTE 1 Year)"
2020_04,564775800,Physical Scientist (Air)
2020_04,565297500,Plant Protection and Quarantine Officer (Plant Health Safeguarding Specialist)
2020_04,564603100,Administrative Support Assistant
2020_04,567020300,"National Bank Examiner (Analyst to Assistant Deputy Comptroller), NB-0570-V Step 2"
2020_04,565743100,"Project Manager, AST, Experimental Facility Development"
2020_04,566071700,Special Counsel (Enforcement); NB-905-VI.2
2020_04,566071200,Special Counsel (AIL); NB-905-VI.2
2020_04,566822600,Interdisciplinary Mining Engineer/ Geologist
2020_04,565641600,POWERED SUPPORT SYSTEMS MECHANIC LEADER
2020_04,567352300,Banking Relations Assistant
2020_04,566888200,"National Bank Examiner/ Bank Examiner (Risk Expert - Capital),  NB-570-VI"
2020_04,565936000,Environmental Protection Specialist
2020_04,565874900,Supervisory Information Technology Specialist (INFOSEC)
2020_04,566917400,Life Scientist/Physical Scientist/Environmental Engineer
2020_04,566305400,ADMINISTRATIVE SUPPORT ASSISTANT (DE)
2020_04,564854500,"Supv NBE/BE (LB Team Lead) w/emphasis in Operational Risk, NB-570-VII - (Temporary NTE 1 year)"
2020_04,565247200,Life Scientist/Environmental Engineer/Physical Scientist
2020_04,566272700,Physical Scientist
2020_04,565067400,"National Bank Examiner/Bank Examiner (Large Banks Compliance),  NB-0570-VI.2"
2020_04,564952700,Capital Program Branch Manager
2020_04,564952800,Capital Program Branch Manager
2020_04,564540200,"National Bank Examiner/Bank Examiner (Asset Management), NB-0570-V Step 2"
2020_04,565559800,Industrial Hygienist (Green Environmental Management Stystem (GEMS) Coordinator
2020_04,564398100,Concessions Management Specialist
2020_04,566355100,"Contract Specialist, NB-1102-V.2"
2020_04,554966000,Realty Officer
2020_04,565399400,Program Support Assistant - Training
2020_04,566155800,BUILDING MANAGEMENT SPECIALIST
2020_04,564954600,"Maritime Energy Program Specialist, GS-0301-13"
2020_04,565832100,Secretary (Office Automation); NB-0318-IV
2020_04,566134300,SUPV ENVIRONMENTAL PROTECTION SPEC
2020_04,567020400,"National Bank Examiner (Analyst to Assistant Deputy Comptroller), NB-0570-V Step 2"
2020_04,565616500,"Director for Minority Outreach, NB-301-VII"
2020_04,566903400,"National Bank Examiner/Bank Examiner (Consumer Compliance Lead Expert), NB-0570-VI"
2020_04,564615600,"National Bank Examiner/Bank Examiner (Bank Information Technology), NB-570-VI"
2020_04,564967500,"National Bank Examiner/Bank Examiner (LB Field Examiner) w/ emphasis in Retail Credit, NB-570-VI"
2020_04,566061500,NBE/BE (Asset Management); NB-570-6
2020_04,564446700,Supervisory Human Resources Specialist (Human Resources Development)
2020_04,565501200,"National Bank Examiner/Bank Examiner (Asset Management), NB-0570-VI"
2020_04,564965200,"National Bank Examiner/Bank Examiner (Analyst to LB Examiner-In-Charge), NB-570-VI"
2020_04,564672500,Environmental Engineer/Physical Scientist/Life Scientist
2020_04,564760800,Life Scientist/Environmental Engineer/Physical Scientist (Permit Specialist)
2020_04,566267900,Environmental Engineer/Physical Scientist/Life Scientist
2020_04,566443800,Supervisory Interdisciplinary
2020_04,566233100,"National Bank Examiner (Analyst to ADC), NB-0570-V Step 2"
2020_04,567037500,"National Bank Examiner/Bank Examiner (Capital Markets Lead Expert), NB-0570-VI"
2020_04,564971700,"National Bank Examiner/Bank Examiner (LB Field Examiner) w/ emphasis in Operational Risk, NB-570-VI"
2020_04,564474500,Supervisory Human Resources Specialist - NB-0201-VI
2020_04,566943900,"Supervisory National Bank Examiner (Assistant Deputy Comptroller), NB-0570-VII"
2020_04,564486000,"National Bank Examiner/Bank Examiner (Bank Information Technology), NB-0570-V Step 2"
2020_04,563789600,Supervisory Park Ranger (P)
2020_04,565051400,Industrial Hygienist
2020_04,565361700,"Supervisory NBE/BE (Bank Information Technology Team Lead) , NB-570-VII"
2020_04,565158900,Bridge Management Specialist
2020_04,566887400,"National Bank Examiner/Bank Examiner, (Risk Expert - Capital), NB-0570-VI"
2020_04,564674300,Plant Protection Technician (Domestic)
2020_05,567273900,Outdoor Recreation Planner
2020_05,567486500,"Interdisciplinary - Biologist/Physical Scientist (Environmental), GS-401/1301- 12"
2020_05,567504900,INTERDISCIPLINARY ENGINEER/ARCHITECT
2020_05,567336000,"Supv NBE/BE (EXCEL I Team Leader) w/ emphasis in BIT, NB-570-VII (Temporary NTE 2 years)"
2020_05,567803700,"Supervisory NBE (Assistant Deputy Comptroller), (Temporary NTE 6 month) NB-0570-VII"
2020_05,568636400,"HR Specialist (Policy and Accountability), NB-201-V.2 (Temp Promotion/Detail NTE 1 Year)"
2020_05,569161500,"National Bank Examiner/Bank Examiner (Critical Infrastructure, NB-0570-VI"
2020_05,568288100,"National Bank Examiner/Bank Examiner (Consumer Compliance Policy Specialist),  NB-0570-VI"
2020_05,568034700,Attorney-Adviser (General)
2020_05,568431500,Environmental Protection Specialist (Open to both U.S. Citizens and Federal Employees)
2020_05,569170600,Environment Protection Specialist (Open to both U.S. Citizens and Federal Employees)
2020_05,567976700,"National Bank Examiner/ Bank Examiner (LB Field Examiner), NB-570-V/V.2"
2020_05,569102300,Lead Building Management Specialist
2020_05,568634900,"National Bank Examiner/ Bank Examiner (LB Bank Information Technology), NB-570-VI"
2020_05,568753200,NBE/BE (Retail Credit Sr. LE Risk Specialist); NB-570-VI.2
2020_05,568756600,NBE/BE (CRA/FL Sr. LE Risk Specialist); NB-570-VI.2
2020_05,569538300,"National Bank Examiner/Bank Examiner (Bank Information Technology Lead Expert), NB-0570-VI"
2020_05,568305200,Bridge Management Specialist GS-2101 11/12
2020_05,568287900,"National Bank Examiner/Bank Examiner (Consumer Compliance Policy Specialist), NB-0570-VI"
2020_05,567155200,National Bank Examiner / Bank Examiner (CRA/FL Compliance Lead Expert); NB-570-VII
2020_05,567354000,Banking Relations Assistant
2020_05,568755300,NBE/BE (Oper. Risk & ERM Sr. LE Risk Specialist); NB-570-VI.2
2020_05,569075500,Hydrologist
2020_05,568036400,Program Specialist
2020_05,569345600,Park Ranger (Special Park Uses/Commercial Services Coordinator)
2020_05,568126100,Medical Supply Technician (Sterile Processing)
2020_05,569422200,Archaeologist
2020_05,568513300,Animal Health Technician
2020_05,567371400,Lead Civil Engineer
2020_05,567998100,"National Bank Examiner/ Bank Examiner (LB Field Examiner), NB-570-V/V.2"
2020_05,567540500,Information Technology Program Manager
2020_05,567277100,Realty Specialist (Generalist)
2020_05,568999300,"Supervisory National Bank Examiner (Examiner-in-Charge), NB-0570-VI.2"
2020_05,568926000,"National Bank Examiner/Bank Examiner (Large Banks Compliance), NB-0570-V/V.2"
2020_05,568076700,"NBE/BE (LB Field Examiner) with emphasis in Commercial Credit, NB-0570-V/V.2"
2020_05,568427700,Supervisory Human Resources Specialist (Human Resources Development)
2020_05,568436300,Environmental Protection Specialist (Open to both U.S. Citizens and Federal Employees)
2020_05,567563100,"National Bank Examiner (Field Examiner), NB-0570-VI"
2020_05,567155900,National Bank Examiner / Bank Examiner (Capital Markets Lead Expert); NB-570-VII
2020_05,569551400,"Senior Deputy Comptroller for Economics, NB-0110-IX"
2020_05,567917600,Plant Protection Technician (Domestic)
2020_05,567571000,"Examination Technician, NB-503-III/IV"
2020_05,568035800,Plant Protection Technician (Domestic)
2020_05,568999800,"Supervisory National Bank Examiner (Examiner-in-Charge), NB-0570-VI.2"
2020_05,567873200,NBE/BE (Bank Secrecy Act/Anti-Money Laundering Lead Expert);NB-570-VII
2020_05,567466400,"National Bank Examiner/Bank Examiner (Commercial Credit Lead Expert Support), NB-0570-V.2"
2020_05,569361400,Plant Protection Technician (Domestic)
2020_05,569326800,"National Bank Examiner/Bank Examiner (Senior Advisor for Thrift Supervision), NB-570-VII"
2020_05,567392200,"National Bank Examiner (Analyst to Assistant Deputy Comptroller), NB-0570-V Step 2"
2020_05,567474300,National Bank Examiner / Bank Examiner (CRA/FL Compliance Lead Expert); NB-570-VII
2020_05,567478800,"Environmental Engineer, GS-0819-12 ( Interdisciplinary)"
2020_05,567566300,Environmental Protection Specialist (GEMS Coordinator)
2020_05,567654200,Environmental Protection Specialist
2020_05,567786100,Plant Protection Technician (Domestic)
2020_05,567803200,"Supervisory National Bank Examiner (Assistant Deputy Comptroller), NB-0570-VII"
2020_05,567811100,Plant Protection Technician (Domestic)
2020_05,568186000,Plant Protection Technician (Domestic)
2020_05,568312400,"National Bank Examiner/ Bank Examiner (Analyst to Associate Deputy Comptroller), NB-0570-VI"
2020_05,568635500,Concessions Management Specialist
2020_05,568755800,NBE/BE (BSA/AML Compliance Sr. LE Risk Specialist); NB-570-VI.2
2020_05,568783000,Environmental Protection Assistant
2020_05,569171000,Environment Protection Specialist (Open to both U.S. Citizens and Federal Employees)
2020_05,569437400,GENERAL ENGINEER
2020_05,569422300,Archaeologist
2020_05,567758800,Life Scientist/Environmental Engineer/Physical Scientist (Permit Specialist)
2020_05,568837100,Life Scientist/Environmental Engineer/Physical Scientist
2020_05,569176900,Supervisory Interdisciplinary
2020_05,568176500,Life Scientist / Environmental Engineer / Physical Scientist
2020_05,569224800,Supervisory Interdisciplinary
2020_05,567155600,National Bank Examiner / Bank Examiner (Asset Management Lead Expert); NB-570-VII
2020_05,568755400,NBE/BE (Capital Markets Sr. LE Risk Specialist); NB-570-VI.2
2020_05,567168600,Plant Protection Technician (Domestic)
2020_05,567735600,"National Bank Examiner/Bank Examiner (LB Field Examiner) w/emphasis in Commercial Credit, NB-570-VI"
2020_05,569023700,"Communications Specialist, NB-301-III/IV with promotion potential to the NB-V"
2020_05,568994300,Program Specialist
2020_05,569139000,"National Bank Examiner/Bank Examiner (Analyst to Deputy Comptroller-Large Banks),  NB-0570-VI.2"
2020_05,569032400,"National Bank Examiner/Bank Examiner (LB Field Examiner) w/emphasis in Capital Markets,  NB-570-VI"
2020_05,567335700,"National Bank Examiner/Bank Examiner (LB Bank Information Technology), NB-0570-V/V.2"
2020_05,569342100,Management and Program Analyst
2020_05,568304500,Bridge Management Specialist GS-2101 11/12
2020_05,569405500,"Human Resources Specialist, NB-201-V"
2020_05,569619400,Lead Building Management Specialist
2020_05,567865500,Supervisory Program Analyst (Director for Supervision Support); NB-0343-VII
2020_05,569157300,"National Bank Examiner/Bank Examiner (Critical Infrastructure), NB-0570-VI"
2020_05,569020100,Supervisory Park Ranger (Protection)
2020_05,567483900,"Environmental Engineer, GS-0819-12 ( Interdisciplinary)"
2020_05,568109600,National Bank Examiner/Bank Examiner (Retail Credit Lead Expert); NB-570-VII
2020_05,569252700,"Program Analyst (Workforce Planning), NB-343-V"
2020_05,568792000,Environmental Protection Assistant
2020_06,570670700,"Honors Attorney Program, Law Clerk/Attorney, GS-0904/0905-11/12/13/14"
2020_06,571199700,"Supervisory National Bank Examiner (Examiner-in-Charge) (Temporary NTE 6 months), NB-0570-VI.2"
2020_06,571864000,Life Scientist/Environmental Engineer/Physical Scientist
2020_06,570905500,Information Technology Specialist (INFOSEC)
2020_06,570714600,Plant Protection and Quarantine Officer (Plant Health Safeguarding Specialist)
2020_06,570866200,"Supervisory National Bank Examiner (Examiner-In-Charge), NB-570-VII.2"
2020_06,570319700,POWERED SUPPORT SYSTEMS MECHANIC LEADER
2020_06,570237500,"Bank Examiner (Senior Advisor to the SDC/COO), NB-0570-VII"
2020_06,571557100,Plant Protection and Quarantine Officer (Plant Health Safeguarding Specialist)
2020_06,571168000,Plant Protection and Quarantine Officer (Plant Health Safeguarding Specialist)
2020_06,571786300,POWERED SUPPORT SYSTEMS MECHANIC
2020_06,570511600,Supervisory NBE (Assoc. DC for Specialty Supervision); NB-570-VII.2
2020_06,570965300,Realty Specialist
2020_06,571354600,"Waterways Management Specialist, GS-2101-11"
2020_06,569969100,"Environmental Engineer, TCF"
2020_06,569693100,Plant Protection and Quarantine Officer (Plant Health Safeguarding Specialist)
2020_06,571891700,Environmental Protection Specialist (GEMS Coordinator)
2020_06,572072400,ENVIRONMENTAL ENGINEER
2020_06,571281600,"National Bank Examiner (Analyst to Assistant Deputy Comptroller), NB-0570-V Step 2"
2020_06,570223800,Environmental Protection Specialist
2020_06,569811100,Plant Protection and Quarantine Officer (Plant Health Safeguarding Specialist)
2020_06,570684600,Civil Engineer
2020_06,570514300,Administrative Assistant (OA) GS-0303-07
2020_06,571056700,Supervisory Security Officer - NB-0080-VII
2020_06,570457800,"National Bank Examiner/Bank Examiner (Quality Assurance Program Examiner),  NB-570-VI"
2020_06,571849300,Mail Clerk
2020_06,571465000,Realty Specialist (Generalist)
2020_06,571692600,"National Bank Examiner/Bank Examiner (LB Field Examiner) w/emphasis Retail Credit, NB-570-V/V.2"
2020_06,570910500,"Supervisory National Bank Examiner (Assistant Deputy Comptroller), NB-0570-VII"
2020_06,571756800,"National Bank Examiner/ Bank Examiner (LB Field Examiner), NB-570-V/V.2"
2020_06,571776100,Training Technician
2020_06,571778400,NATURAL RESOURCE SPECIALIST
2020_06,571832900,Environmental Protection Specialist
2020_06,570929400,"Supervisory National Bank Examiner (Examiner-In-Charge), NB-570-VII.2"
2020_06,569894200,Supervisory Biologist (Endangered Species)
2020_06,571350200,"Waterways Management Specialist, GS-2101-11"
2020_06,569894800,Supervisory Biologist (Endangered Species)
2020_06,571617100,"NBE/BE (LB Field Examiner) with emphasis in Commercial Credit, NB-0570-V/V.2"
2020_06,571149200,"Management and Program Analyst, NB-343-V"
2020_06,570223700,Environmental Protection Specialist
2020_06,570208900,Marine Information Specialist
2020_06,571778500,NATURAL RESOURCE SPECIALIST
2020_06,571036400,Plant Protection Technician (Domestic)
2020_06,571770800,Archaeologist
2020_06,569848600,Surface Mining Reclamation Specialist
2020_06,572110900,NBE/BE (Risk Specialist) NB-570-6
2020_06,570111600,"Special Assistant to the Principal Deputy Chief Counsel, NB-0301-VI"
2020_06,571225300,Plant Protection and Quarantine Officer (Plant Health Safeguarding Specialist)
2020_06,570705800,"Waterways Management Specialist, GS-2101-13"
2020_06,570965800,Realty Specialist
2020_06,571014500,"National Bank Examiner/Bank Examiner (Analyst to LB Examiner-In-Charge), NB-570-VI"
2020_06,571259600,"National Bank Examiner/ Bank Examiner (LB Asset Management),  NB-0570-VI"
2020_06,570743100,"Supv. NBE/BE (Assoc. DC for Ops Risk, Gov, and BIT); NB-570-VII.2"
2020_06,570378800,"National Bank Examiner (Analyst to Assistant Deputy Comptroller), NB-0570-V Step 2"
2020_06,571868700,Environmental Protection Specialist
2020_06,569969300,"Environmental Engineer, TCF"
2020_06,570976900,"Supervisory National Bank Examiner (Assistant Deputy Comptroller), NB-0570-VII"
2020_06,572300900,"National Bank Examiner/Bank Examiner (LB Bank Information Technology), NB-0570-V/V.2"
2020_06,570682500,"Waterways Management Specialist, GS-2101-13"
2020_06,570626300,Realty Officer
2020_06,569552800,Interdisciplinary Regulatory Project Manager
2020_06,571502000,Interdisciplinary Regulatory Project Manager
2020_06,569780800,Interdisciplinary Regulatory Project Manager
2020_06,569781600,Interdisciplinary Regulatory Project Manager
2020_06,571899200,Interdisciplinary
2020_06,569555400,Interdisciplinary Regulatory Project Manager
2020_06,569505300,Interdisciplinary Regulatory Project Manager
2020_06,569558100,Interdisciplinary Regulatory Project Manager
2020_06,570971500,Interdisciplinary Regulatory Project Manager
2020_06,569950300,"National Bank Examiner/Bank Examiner (LB Commercial Credit), NB-570-VI.2"
2020_06,569605100,Supervisory Environmental Engineer/Physical Scientist/ Life Scientist
2020_06,571644300,Life Scientist/Environmental Engineer/Physical Scientist (Permit Specialist)
2020_06,570658900,SUPERVISORY GENERAL ENGINEER/ARCHITECT(CONSTRUCTION MANAGER)
2020_06,571889100,SUPERVISORY GENERAL ENGINEER/ARCHITECT (CONSTRUCTION MANAGER)
2020_06,571200000,National Bank Examiner/Bank Examiner (Enterprise Governance and Operational Risk) NB-0570-VI
2020_06,571177900,Plant Protection and Quarantine Officer (Plant Health Safeguarding Specialist)
2020_06,570678900,Civil Engineer
2020_06,571865800,Environmental Protection Specialist
2020_06,572341700,NBE/BE (Sr. LE Risk Specialist w/ emphasis in Consumer Compliance); NB-570-VI.2
2020_06,570685000,"NBE/BE, (Analyst to Director of Consumer Complaint Operations), NB-0570-V"
2020_06,569448600,Plant Protection Technician (Domestic)
2020_06,572068900,SUPERVISORY ENVIRONMENTAL ENGINEER
2020_06,571585500,Plant Protection and Quarantine Officer (Plant Health Safeguarding Specialist)
2020_06,571002000,"Supervisory NBE/BE (Large Bank Team Lead) w/emphasis in ERM/Corporate Governance, NB-570-VII"
2020_06,570771800,Plant Protection and Quarantine Officer (Plant Health Safeguarding Specialist)
2020_06,570035200,National Bank Examiner/Bank Examiner (Commercial Credit) NB-0570-VI
2020_06,571556800,Plant Protection and Quarantine Officer (Plant Health Safeguarding Specialist)
2020_06,571833300,Environmental Protection Specialist
2020_06,571753400,Environmental Engineer/Physical Scientist
2020_06,570244900,INTERDISCIPLINARY NATURAL RESOURCES SPECIALIST/ PHYSICAL SCIENTIST (AIR RESOURCES)
2020_06,570244000,INTERDISCIPLINARY NATURAL RESOURCES SPECIALIST/ PHYSICAL SCIENTIST (AIR RESOURCES)
2020_06,570514400,Administrative Assistant (OA) GS-0303-07
2020_06,572348200,"Organizational Development Specialist, NB-301-V"
2020_06,571071500,Wildlife Refuge Manager
2020_06,534278400,ASSOCIATE CHIEF of PHARMACY
2020_06,571920800,Information Technology Project Manager (APPSW)
2020_06,571620000,"National Bank Examiner/Bank Examiner (Licensing Analyst), NB-0570-V"
2020_07,574615700,"Deputy Manager, Carlsbad Field Office"
2020_07,572871800,CLINICAL COUNSELOR COMMUNITY COUNSELING PROGRAM
2020_07,574124000,CHILD DEVELOPMENT PROGRAM ASSISTANT GSE-02/03/04
2020_07,572995800,Environmental Protection Specialist
2020_07,574124400,CHILD DEVELOPMENT PROGRAM ASSISTANT GSE-02/03/04
2020_07,573720500,Deputy Director of Administration
2020_07,574180400,"NBE/BE (LB Field Examiner) with emphasis in Commercial Credit, NB-0570-V"
2020_07,573954600,"SENIOR CASE ADVOCATE (FRONTLINE MANAGEMENT TRAINEE), DEDCA AREA 8 *MSP* **NTE MBE MBP**"
2020_07,573122400,Senior Policy Advisor
2020_07,573517900,Program Analyst (Supervision Support); NB-0343-VI
2020_07,573130800,Plant Protection and Quarantine Officer (Plant Health Safeguarding Specialist)
2020_07,573120800,Senior Policy Advisor
2020_07,574806800,"National Bank Examiner/Bank Examiner (LB Field Examiner) with emphasis in Operational Risk, NB-570-V"
2020_07,574937700,"Manager, Nevada Field Office (Manager, Nevada Field Office)"
2020_07,574263700,"National Bank Examiner/Bank Examiner (Large Banks Field Examiner), NB-0570-V"
2020_07,574637400,General Attorney/Attorney-Advisor
2020_07,574806900,"National Bank Examiner/Bank Examiner (LB Field Examiner) with emphasis in Capital Markets, NB-0570-V"
2020_07,574197300,"National Bank Examiner/Bank Examiner (LB Field Examiner) w/emphasis Retail Credit, NB-570-V"
2020_07,574370800,"Senior Counsel (Enforcement), NB-905-VII"
2020_07,574413900,ENVIRONMENTAL PROTECTION SPECIALIST
2020_07,572743700,Wildlife Refuge Manager
2020_07,543719800,"Realty Specialist (Contracts Management) Trust & Restricted Fee Real Property Holdings, Indian Lands"
2020_07,573940300,Industrial Hygienist
2020_07,572843800,"National Bank Examiner (Field Examiner), NB-0570-V, Step 2"
2020_07,574789900,SAFETY AND OCCUPATIONAL HEALTH SPECIALIST
2020_07,575069600,REALTY SPECIALIST (GENERALIST OA)
2020_07,574009200,"Supervisory Human Resources Specialist (Human Resources Development), NB-201-VII"
2020_07,573457200,"Lead Program Analyst, NB-343-VI"
2020_07,572451700,"Examination Technician, NB-503-III/IV"
2020_07,573347300,NBE/BE (Sr. LE Risk Specialist w/ emphasis in Capital Planning); NB-570-VI.2
2020_07,574093700,Plant Protection Technician (Domestic)
2020_07,573940900,Industrial Hygienist
2020_07,573223600,"National Bank Examiner/Bank Examiner (Compliance), NB-0570-VI"
2020_07,574303100,"Examination Technician, NB-503-III"
2020_07,572886000,Wildlife Biologist
2020_07,574540600,ENVIRONMENTAL PROTECTION SPECIALIST
2020_07,572589300,Lands Resource Specialist
2020_07,574520300,"National Bank Examiner/Bank Examiner (LB Field Examiner) w/emphasis in Retail Credit, NB-570-VI"
2020_07,573211900,Concessions Management Specialist
2020_07,572385200,"National Bank Examiner (Analyst to Assistant Deputy Comptroller), NB-0570-V Step 2"
2020_07,573735200,"National Bank Examiner/Bank Examiner (Innovation Officer), NB-0570-VI"
2020_07,573415300,NBE/BE (LE Risk Specialist w/ emphasis in Consumer Compliance); NB-570-VI
2020_07,572607000,"National Bank Examiner/Bank Examiner (LB Field Examiner) w/ emphasis in Commercial Credit, NB-570-VI"
2020_07,572587900,"Human Resources Specialist, NB-201-V"
2020_07,574497300,ENVIRONMENTAL PROTECTION SPECIALIST
2020_07,572979500,Environmental Protection Specialist
2020_07,572754700,Plant Protection and Quarantine Officer (Plant Health Safeguarding Specialist)
2020_07,572722300,"Supervisory National Bank Examiner (Examiner-in-Charge), NB-0570-VI.2"
2020_07,573497400,"Administrative Assistant (Office Automation), NB-0303-III"
2020_07,572502900,Plant Protection and Quarantine Officer (Plant Health Safeguarding Specialist)
2020_07,573106100,"Compliance Policy Analyst, NB-301-V"
2020_07,574609300,"National Bank Examiner/Bank Examiner (LB Field Examiner) w/ emphasis in Operational Risk, NB-570-VI"
2020_07,575173900,"Examination Technician, NB-503-III"
2020_07,574641000,Environmental Engineer
2020_07,572589400,Lands Resource Specialist
2020_07,572722200,"Supervisory National Bank Examiner (Examiner-in-Charge), NB-0570-VI.2"
2020_07,574305500,Interdisciplinary (Regulatory Project Manager)
2020_07,574305300,Interdisciplinary (Regulatory Project Manager)
2020_07,572885900,Life Scientist/Physical Scientist/Environmental Engineer
2020_07,574080900,Environmental Engineer/ Life Scientist/ Physical Scientist (Permit Specialist)
2020_07,574940400,Interdisciplinary Environmental Scientist/Physical Scientist/Environmental Engineer
2020_07,574363400,Interdisciplinary: GS-0819/1301/0401-12
2020_07,574940600,Interdisciplinary Environmental Scientist/Physical Scientist/Environmental Engineer
2020_07,574322900,Physical Scientist/Biologist/General Engineer
2020_07,574991900,INTERDISCIPLINARY ECOLOGIST/WILDLIFE BIOLOGIST
2020_07,572433600,Environmental Engineer/Physical Scientist/ Life Scientist
2020_07,573729800,Concessions Management Specialist
2020_07,574835100,"NBE (EG/Ombudsman Analyst), NB-0570-VI"
2020_07,572955500,National Bank Examiner/Bank Examiner (Program Manager) NB-0570-VI
2020_07,572593300,"National Bank Examiner/Bank Examiner (LB Field Examiner), NB-570-VI"
2020_07,573409100,"National Bank Examiner (Field Examiner), NB-0570-VI"
2020_07,573227400,"National Bank Examiner/Bank Examiner (LB Field Examiner) w/emphasis in Capital Markets,  NB-570-VI"
2020_07,574491800,"Human Resources Specialist (Recruitment), NB-201-V"
2020_07,572907000,"National Bank Examiner (Analyst to ADC), NB-0570-V Step 2"
2020_07,573135700,Natural Resource Specialist
2020_07,573605900,"Supervisory National Bank Examiner (Examiner-In-Charge), NB-570-VIII"
2020_07,573998600,"Lead Program Analyst, NB-343-VI"
2020_07,574303300,"Supervisory National Bank Examiner (Assistant Deputy Comptroller), NB-0570-VII"
2020_07,573365900,Natural Resources Specialist (Environmental Compliance)
2020_07,574693700,INTERDISCIPLINARY ENVIRONMENTAL ENGINEER/PHYSICAL SCIENTIST
2020_07,573062300,Environmental Protection Specialist
2020_07,574604200,Fish and Wildlife Biologist
2020_07,574442500,Program Analyst (Supervision Support); NB-0343-VI
2020_07,574445200,"Human Resources Specialist (Compensation), NB-201-V"
2020_08,575961900,"Deputy Manager, Carlsbad Field Office"
2020_08,575892500,Supervisory Park Ranger (P)
2020_08,541839100,Landscape Architect
2020_08,576329000,Interdisciplinary: GS-0819/1301/0401-12
2020_08,577158000,CHILD DEVELOPMENT PROGRAM ASSISTANT GSE-02/03/04- VIRTUAL JOB FAIR
2020_08,575370800,EXPLOSIVES SAFETY SPECIALIST
2020_08,575414600,EXPLOSIVES SAFETY SPECIALIST
2020_08,575324100,"Manager, Nevada Field Office (Manager, Nevada Field Office)"
2020_08,575676500,Supervisory Emergency Management Specialist (Mitigation)
2020_08,576603500,ENVIRONMENTAL ASSESSMENT SPECIALIST
2020_08,576560200,NBE/BE (Analyst to the Associate Deputy Comptroller); NB-570-VI
2020_08,577541500,Supervisory Environmental Protection Specialist
2020_08,575543500,"National Bank Examiner (Analyst to Assistant Deputy Comptroller), NB-0570-V Step 2"
2020_08,575760300,Wildlife Biologist
2020_08,575235500,Environmental Protection Specialist
2020_08,576199800,"National Bank Examiner (International Banking Supervision Field Examiner), NB-0570-V.2"
2020_08,576244500,ENVIROMENTAL PROTECTION SPECIALIST
2020_08,576333700,Computer Engineer
2020_08,576027600,Plant Protection and Quarantine Officer (Plant Health Safeguarding Specialist)
2020_08,575646600,"National Bank Examiner/Bank Examiner (Credit Lead Expert), NB-0570-VI"
2020_08,577152600,Information Technology Specialist-Senior Business Relationship Manager
2020_08,575219100,Environmental Protection Specialist
2020_08,576313800,"National Bank Examiner/Bank Examiner (Analyst to the Large Bank EIC), NB-0570-V/V.2"
2020_08,576088400,"National Bank Examiner/Bank Examiner (LB Field Examiner) w/emphasis Retail Credit, NB-570-V.2"
2020_08,577026700,Supervisory Human Resources Specialist (Human Resources Development)
2020_08,576296100,NATURAL RESOURCE SPECIALIST
2020_08,576961600,Environmental Engineer
2020_08,576570000,National Bank Examiner/Bank Examiner (Enterprise Governance and Operational Risk) NB-0570-VI
2020_08,576959000,"Training Specialist, NB-1712-V"
2020_08,576569600,"National Bank Examiner/Bank Examiner (Compliance), NB-0570-VI"
2020_08,576329200,Supervisory Natural Resource Planner
2020_08,576774400,"Accountant, NB-510-V.2"
2020_08,576345700,Information Technology Specialist
2020_08,576094600,Environmental Protection Specialist
2020_08,576599100,Plant Protection and Quarantine Officer (Plant Health Safeguarding Specialist)(Predeparture)
2020_08,576787700,"NBE/BE (LB Technical Team Lead) w/emphasis in Asset Management, NB-0570-VI.2"
2020_08,576915900,REALTY SPECIALIST (GENERALIST)
2020_08,577304200,Civil Engineer
2020_08,577358600,"NBE/BE (LB Technical Team Lead) w/emphasis in Capital Markets, NB-0570-VI.2"
2020_08,577179000,"Examination Technician, NB-503-III/IV"
2020_08,577304400,Civil Engineer
2020_08,577182300,"National Bank Examiner/ Bank Examiner (Enterprise Risk Management Specialist), NB-570-VI"
2020_08,576458400,Ecologist
2020_08,576351200,Industrial Hygienist (GEMS)
2020_08,577149100,DEPUTY DIRECTOR
2020_08,576896700,PHYSICAL SCIENCE TECHNICIAN
2020_08,576569800,National Bank Examiner/Bank Examiner (Retail Credit) NB-0570-VI
2020_08,576741500,SUPERVISORY WEIGHT HANDLING EQUIPMENT PROGRAM MANAGER
2020_08,576783700,"Deputy Comptroller for Credit Risk, NB-570-VIII"
2020_08,577028100,Supervisory Human Resources Specialist (Human Resources Development)
2020_08,575252600,Natural Resources Specialist (Environmental Compliance)
2020_08,577301900,Assistant Yakima River Basin Water Enhancement Project  Manager
2020_08,575933600,Interdisciplinary Environmental Scientist/Physical Scientist/Environmental Engineer
2020_08,575933500,Interdisciplinary Environmental Scientist/Physical Scientist/Environmental Engineer
2020_08,577428300,"National Bank Examiner/Bank Examiner (LB Field Examiner) w/ emphasis in Commercial Credit, NB-570-VI"
2020_08,575500900,NBE/BE (Capital Planning Risk Specialist); NB-570-VI
2020_08,577301100,Assistant Yakima River Basin Water Enhancement Project Manager
2020_08,575698400,GENERAL BUSINESS & INDUSTRIAL SPEC
2020_08,576086900,"National Bank Examiner/Bank Examiner (Analyst to  Large Bank  Examiner-In-Charge), NB-570-VI"
2020_08,577153200,Information Technology Specialist-Business Relationship Manager
2020_08,577183400,"Government Information Specialist, NB-0306-V"
2020_08,577214300,Organizational Consultant
2020_08,576155600,"Program Specialist, NB-301-V"
2020_08,575908900,Environmental Engineer / Physical Scientist
2020_08,576104500,"National Bank Examiner (IBS Field Examiner), NB-570-V/V.2"
2020_08,575521300,"National Bank Examiner/ Bank Examiner (LB Asset Management),  NB-0570-VI"
2020_08,577178800,National Bank Examiner/Bank Examiner (Problem Bank Specialist) NB-0570-VI
2020_08,577619000,NBE/BE (Analyst to the Associate Deputy Comptroller); NB-570-VI
2020_09,578807100,Environmental Protection Specialist
2020_09,578171500,Assistant National Bank Examiner
2020_09,578285600,Systems and Network Administrator
2020_09,579608200,Information Technology Specialist (INFOSEC)
2020_09,579656400,Engineer/Physical Scientist/Life Scientist
2020_09,580202800,Environmental Protection Specialist (Open to both U.S. Citizens and Federal Employees)
2020_09,578806300,Environmental Protection Specialist
2020_09,580041400,"Economist Senior Advisor to the Senior Deputy Comptroller, NB-0110-VII.2"
2020_09,580352700,Program Analyst/NPS Liaison for Grants Programs
2020_09,579303000,Plant Protection Technician (Domestic)
2020_09,579983500,POWERED SUPPORT SYSTEMS MECHANIC
2020_09,580186600,CHILD DEVELOPMENT PROGRAM ASSISTANT GSE- 02/03/04
2020_09,578100200,ENGINEERING TECHNICIAN /  NF-3
2020_09,578419700,Portfolio Acquisition Executive
2020_09,577632900,"Supervisory National Bank Examiner (Assistant Deputy Comptroller), NB-0570-VII"
2020_09,580238400,"Supervisory Web Product Specialist, NB-301-VI"
2020_09,579718100,National Bank Examiner/Bank Examiner (BIT Lead Expert); NB-570-VII
2020_09,580325100,"Organizational Development Specialist, NB-301-V"
2020_09,577667000,Supervisory Program Analyst (Director)
2020_09,578253300,Supervisory Facility Operations Specialist
2020_09,579132500,"Supervisory National Bank Examiner (Assistant Deputy Comptroller), NB-0570-VII"
2020_09,579795500,"DEPUTY COMPTROLLER (District Deputy Comptroller), NB-0570-VIII"
2020_09,577768000,PHYSICAL SCIENTIST
2020_09,577994200,Human Resources Specialist (HR Development)
2020_09,578465100,Plant Protection Technician (Domestic)
2020_09,579210100,"Senior Financial Economist, NB-0110-VI"
2020_09,579349700,Biological Scientist (Environmental)
2020_09,568434300,ENVIRONMENTAL PROTECTION SPECIALIST (CFMO)
2020_09,578420200,NBE/BE (Sr. LE Risk Specialist w- emphasis in Commercial Credit); NB-570-VI.2
2020_09,579500300,Ecologist
2020_09,580390600,Environmental Protection Specialist (Open to both U.S. Citizens and Federal Employees)
2020_09,580308400,Hydrologist
2020_09,578125100,"INDIVIDUAL TAXPAYER ADVISORY SPECIALIST *MSP, NTE 3 YEARS, TRAINEE* (FLITE PROGRAM)"
2020_09,578738300,"Examination Technician, NB-503-III/IV"
2020_09,578128100,"INDIVIDUAL TAXPAYER ADVISORY SPECIALIST *MSP, NTE 3 YEARS, TRAINEE* (FLITE PROGRAM)"
2020_09,579510700,Plant Protection Technician (Domestic)
2020_09,579555200,"National Bank Examiner/ Bank Examiner (CRA/FL Compliance Policy Specialist), NB-570-VI"
2020_09,577639700,Plant Protection Technician (Domestic)
2020_09,578724800,"INDIVIDUAL TAXPAYER ADVISORY SPECIALIST *MSP, NTE 3 YEARS, TRAINEE* (FLITE PROGRAM)"
2020_09,578762400,"NBE/BE (LB Technical Team Lead) with emphasis in Compliance, NB-0570-VI.2"
2020_09,577654500,"Contract Specialist, NB-1102-V"
2020_09,579350200,Biological Scientist (Environmental)
2020_09,577840300,NBE/BE (Sr. LE Risk Specialist w/ emphasis in Asset Management); NB-570-VI.2
2020_09,577840600,Administrative Support Assistant
2020_09,579499900,Ecologist
2020_09,579808800,Plant Protection and Quarantine Officer (Plant Health Safeguarding Specialist)
2020_09,579041200,"Program Analyst (Large Banks), NB-0343-VI"
2020_09,579795400,"DEPUTY COMPTROLLER (MBS Deputy Comptroller), NB-0570-VIII"
2020_09,578011100,Life Scientist / Environmental Engineer / Physical Scientist (Senior Permit Specialist)
2020_09,579104000,Life Scientist / Environmental Engineer / Physical Scientist (Senior Permit Specialist)
2020_09,579509100,SUPERVISORY GENERAL ENGINEER/ARCHITECT(CONSTRUCTION MANAGER)
2020_09,578948800,Supervisory Interdisciplinary Engineer/Architect
2020_09,578084500,SUPERVISORY INTERDISCIPLINARY ENGINEER/ARCHITECT (CONSTRUCTION MANAGER)
2020_09,578436700,INTERDISCIPLINARY ECOLOGIST/WILDLIFE BIOLOGIST
2020_09,580306700,Hydrologist
2020_09,578559000,Legal Instruments Examiner
2020_09,578846200,Surface Mining Reclamation Specialist
2020_09,579697500,"Supervisory National Bank Examiner (Director for EG Operations), NB-0570-VII"
2020_09,579830500,"National Bank Examiner (Analyst to Assistant Deputy Comptroller), NB-0570-V Step 2"
2020_09,580019400,NBE/BE (LB Technical Team Lead) w/ emphasis in Compliance and Retail Credit NB-0570-VI.2
2020_09,576425600,Supervisory Petroleum Engineer
2020_09,579890800,Realty Specialist (Generalist)
2020_09,579553100,"National Bank Examiner/ Bank Examiner (CRA/FL Compliance Policy Specialist), NB-570-V"
2020_09,578164700,"INDIVIDUAL TAXPAYER ADVISORY SPECIALIST *MSP, NTE 3 YEARS, TRAINEE* (FLITE PROGRAM)"
2020_09,580376900,Natural Resource Specialist/Physical Scientist
2020_09,579312000,PHYSICAL SCIENTIST (AIR)
2020_09,579344700,PHYSICAL SCIENTIST (AIR)
2020_09,578928600,Realty Specialist (Generalist)
2020_09,579545600,SECURITY ASSISTANT
2020_09,578136400,"INDIVIDUAL TAXPAYER ADVISORY SPECIALIST *MSP, NTE 3 YEARS, TRAINEE* (FLITE PROGRAM)"
2020_09,578326900,"National Bank Examiner (Analyst to Assistant Deputy Comptroller), NB-0570-V Step 2"
2020_09,580315500,Plant Protection Technician (Domestic)
2020_09,578796300,"National Bank Examiner/Bank Examiner (Compliance), NB-0570-VI"
2020_09,579121300,"Examination Technician, NB-503-III/IV"
2020_09,578327000,"Supervisory National Bank Examiner (Examiner-in-Charge), NB-0570-VI.2"
2020_09,578924900,NBE/BE (Analyst to the Associate Deputy Comptroller); NB-570-VI
2020_09,579696600,Recreation Management Specialist
2020_09,579652600,Plant Protection Technician (Domestic)
2020_10,580619000,Attorney Advisor/Counsel; NB-905-VI
2020_10,583246300,General Engineer / Physical Scientist (Water Quality Program Manager)
2020_10,580440300,CHILD DEVELOPMENT PROGRAM ASSISTANT GSE-02/03/04- VIRTUAL JOB FAIR
2020_10,582955000,"Senior Counsel (Enforcement), NB-905-VII (Temporary, NTE 5 years)"
2020_10,580994000,ENGINEERING TECHNICIAN /  NF-3
2020_10,581316000,"National Bank Examiner/Bank Examiner (Bank Information Technology), NB-570-V"
2020_10,582734300,"National Bank Examiner/Bank Examiner (Consumer Compliance Policy Specialist),  NB-0570-VI"
2020_10,582735100,"National Bank Examiner/Bank Examiner (Consumer Compliance Policy Specialist),  NB-0570-VI"
2020_10,582648800,Management & Program Analyst
2020_10,583060800,Physical Science Technician
2020_10,581513900,"Waterways Management Specialist, GS-2101-11"
2020_10,582300800,"Environmental Branch Manager, GS-0401/1301-13 (Supervisory Interdisciplinary Engineer)"
2020_10,581527500,Marine Traffic Controller
2020_10,582115400,Life Scientist/Environmental Engineer/Physical Scientist
2020_10,583246100,"Management and Program Analyst, NB-343-IV"
2020_10,582714800,ENGINEERING TECHNICIAN /  NF-3
2020_10,582969200,Supv NBE/BE (EXCEL I Team Leader) NB-570-VII w/ emphasis in Operational Risk (Temporary NTE 2 years)
2020_10,582722300,Management & Program Analyst
2020_10,581322700,"National Bank Examiner/Bank Examiner (Commercial Credit), NB-570-V"
2020_10,583036100,Motor Vehicle Operator
2020_10,582170000,Interdisciplinary - General Engineer/Physical Scientist
2020_10,582943800,NBE/BE (ERM & Ops Risk Lead Expert); NB-570-VII
2020_10,580744400,FRONTLINE LEADERSHIP READINESS PROGRAM (FLRP)*MSP*
2020_10,580607300,Biologist/General Engineer/Physical Scientist
2020_10,583062500,Physical Science Technician
2020_10,582217600,Park Projects Construction Manager
2020_10,582970300,Supv NBE/BE (EXCEL I Team Leader) NB-570-VII w/ emphasis in Operational Risk (Temporary NTE 2 years)
2020_10,582309300,"Examination Technician, NB-503-III/IV"
2020_10,582551800,Motor Vehicle Operator
2020_10,581037300,"National Bank Examiner/ Bank Examiner (CRA Modernization Prog Mgr), NB-570-VI.2"
2020_10,580577200,POWERED SUPPORT EQUIPMENT REPAIRER
2020_10,580669600,Park Ranger (P) (Law Enforcement Specialist)
2020_10,580870600,"Supervisory National Bank Examiner (Examiner-In-Charge), NB-570-VIII"
2020_10,582746000,Safety & Occupational Health Manager
2020_10,581327200,"National Bank Examiner/Bank Examiner (Market Risk Specialist), NB-0570-VI"
2020_10,581005800,NBE/BE (LB Technical Team Lead) w/ emphasis in Compliance and Retail Credit NB-0570-VI.2
2020_10,581684100,"Banking Relations Assistant, NB-303-IV"
2020_10,581443500,National Bank Examiner/Bank Examiner (Mortgage Banking) NB-0570-VI
2020_10,582745600,Safety & Occupational Health Manager
2020_10,583075700,Concession Management Assistant
2020_10,581443400,National Bank Examiner/Bank Examiner (Bank Information Technology)NB-570-VI
2020_10,581822000,"National Bank Examiner (Field Examiner), NB-0570-VI"
2020_10,582056800,General Engineer - Direct Hire Authority
2020_10,581443600,"National Bank Examiner/Bank Examiner (Compliance), NB-0570-V Step 2"
2020_10,582514500,Realty Specialist (Generalist)
2020_10,582373600,ENVIRONMENTAL PROTECTION SPECIALIST (Title 32)
2020_10,582917900,"Supervisory NBE/BE (LB Team Lead) w/emphasis in Ops Risk and BIT, NB-570-VII"
2020_10,582055100,"NBE/BE (LB Field Examiner) with emphasis in Compliance, NB-0570-V.2"
2020_10,581443300,National Bank Examiner/Bank Examiner (Bank Information Technology)NB-570-VI
2020_10,582303800,"National Bank Examiner/Bank Examiner (Retail Credit), NB-0570-V Step 2"
2020_10,582513900,Supervisory Revenue & Fee Specialist
2020_10,582576800,Realty Specialist (Generalist)
2020_10,581573000,"Deputy Chief Accountant, NB-0510-VII"
2020_10,581443700,"National Bank Examiner/Bank Examiner (BSA/AML), NB-0570-V Step 2"
2020_10,582304600,"Supervisory Environmental Branch Manager, GS-0819-13 (Supervisory Environmental Engineer)"
2020_10,580927300,National Bank Examiner/ Bank Examiner (Financial Analysis)
2020_10,582051500,"NBE/BE (LB Field Examiner) w/emphasis in Bank Information Technology, NB-570-VI"
2020_10,582829800,"National Bank Examiner (Analyst to ADC), NB-0570-V Step 2"
2020_10,582338300,"Supervisory National Bank Examiner (Examiner-In-Charge), NB-570-VII.2"
2020_10,580884500,Supervisory Program Manager
2020_10,581195500,Plant Protection Technician (Domestic)
2020_10,583244800,"Management and Program Analyst, NB-343-IV"
2020_10,582753700,ENVIRONMENTAL PROTECTION SPECIALIST
2020_10,580867000,"Supervisory NBE/BE (Director For District Licensing), NB-570-VII"
2020_10,581570200,"National Bank Examiner/Bank Examiner (Asset Management), NB-0570-VI"
2020_10,581514600,"Waterways Management Specialist, GS-2101-11"
2020_10,582236300,"National Bank Examiner/Bank Examiner (Retail Credit Lead Expert Support), NB-0570-V Step 2"
2020_10,580899700,"Senior Financial Analyst, NB-1160-VI"
2020_10,581018300,Supervisory Program Analyst (Director)
2020_10,581681200,Engineering Technician (Civil)
2020_10,583313700,"Management and Program Analyst, NB-343-IV"
2020_10,581824900,"Supervisory National Bank Examiner (Team Leader), NB-0570-VI"
2020_10,582828100,Plant Protection Technician (Domestic)
2020_10,581026500,"Human Resources Specialist, NB-201-V"
2020_10,582315600,"Examination Technician, NB-503-III/IV"
2020_10,581349500,"National Bank Examiner/Bank Examiner (Compliance), NB-0570-VI"
2020_10,581979600,Plant Protection and Quarantine Officer (Plant Health Safeguarding Specialist)
2020_10,581350600,"National Bank Examiner/Bank Examiner (Bank Information Technology), NB-570-VI"
2020_10,582302600,"Supervisory Environmental Branch Manager, GS-0819-13 (Supervisory Environmental Engineer)"
2020_10,581819700,"National Bank Examiner/Bank Examiner (Bank Secrecy Act/Anti-Money Laundering), NB-0570-VI"
2020_10,582323100,"Supervisory Human Resources Specialist (HR Development), NB-0201-VI"
2020_10,582090500,"Waterways Management Specialist, GS-2101-11"
2020_10,582248500,Environmental Protection Specialist
2020_10,582057900,Realty Specialist (Generalist)
2020_10,582225100,Life Scientist/Physical Scientist/Environment Engineer
2020_10,582689700,Supervisory Life Scientist/Environmental Engineer/Physical Scientist
2020_10,582960000,"National Bank Examiner/Bank Examiner (Compliance), NB-0570-VI"
2020_10,581443100,National Bank Examiner/Bank Examiner (Retail Credit) NB-0570-VI
2020_10,582492100,"Senior Financial Economist, NB-0110-VI"
2020_10,581106400,"National Bank Examiner/ Bank Examiner (CRA Modernization Prog Mgr), NB-570-VI.2"
2020_10,581817400,"Procurement Analyst, NB-1102-V"
2020_10,583160500,"National Bank Examiner/Bank Examiner (LB Field Examiner) w/emphasis in Compliance, NB-0570-V"
2020_10,581514000,"National Bank Examiner/Bank Examiner (Asset Management), NB-0570-VI"
2020_10,581443900,National Bank Examiner/Bank Examiner (Mortgage Banking) NB-0570-VI
2020_10,581443800,National Bank Examiner/Bank Examiner (Commercial Credit) NB-0570-VI
2020_10,581680200,Engineering Technician (Civil)
2020_10,580646000,ENVIRONMENTAL PROTECTION SPECIALIST (Title 32)
2020_10,583484600,Interdisciplinary - General Engineer/Physical Scientist
2020_10,581127100,Interdisciplinary
2020_10,580573000,Natural Resource Specialist/Physical Scientist
2020_10,584195900,NBE/BE (ERM & Ops Risk Lead Expert); NB-570-VII
2020_10,581291700,"National Bank Examiner (Risk and Operations Officer Analyst), NB-0570-V Step 2"
2020_10,581706200,"Examination Technician, NB-503-III"
2020_10,581443200,"National Bank Examiner/Bank Examiner (Compliance), NB-0570-VI"
2020_10,582472900,"Licensing Manager, NB-570-VI.2"
2020_10,581444000,National Bank Examiner/Bank Examiner (Enterprise Governance and Operational Risk) NB-0570-VI
2020_10,582735400,"National Bank Examiner/Bank Examiner (Consumer Compliance Policy Specialist), NB-0570-VI"
2020_11,583168000,Motor Vehicle Operator
2020_11,583655200,Environmental Protection Specialist
2020_11,584923200,"National Bank Examiner/Bank Examiner (BSA/AML Compliance Policy Specialist),  NB-0570-VI"
2020_11,584077100,CHILD DEVELOPMENT PROGRAM ASSISTANT GSE-02/03/04
2020_11,583648300,"Senior Economist Advisor to the Senior Deputy Comptroller, NB-0110-VII.2"
2020_11,584557100,Supervisory Biological Scientist (Branch Chief)
2020_11,584063500,"National Bank Examiner/Bank Examiner (LB Bank Information Technology ), NB-0570-V.2"
2020_11,584123800,Life Scientist/Environmental Engineer/Physical Scientist
2020_11,583523300,"Interdisciplinary Position, GS-0401/1301-12"
2020_11,585177700,Physical Scientist/Life Scientist
2020_11,584871600,"National Bank Examiner (Analyst to the Deputy Comptroller), NB-0570-VI Step 2"
2020_11,583466100,"National Bank Examiner/Bank Examiner (LB Bank Information Technology), NB-0570-V"
2020_11,584814300,Child and Youth Program Assistant
2020_11,584717800,Student Trainee (Legal)
2020_11,583719100,Biologist
2020_11,584804100,IT SPECIALIST (INFOSEC) - DIRECT HIRING AUTHORITY
2020_11,584067600,"National Bank Examiner/Bank Examiner (LB Bank Information Technology), NB-0570-V.2"
2020_11,584968300,Supervisory International Trade Officer
2020_11,583662700,ENVIRONMENTAL ENGINEER
2020_11,585617100,Supervisory Human Resources Specialist-NB-0201-VII.2
2020_11,585017600,"Communications Specialist, NB-301-III/IV with promotion potential to the NB-V"
2020_11,584529600,REALTY SPECIALIST (GENERALIST)
2020_11,584332100,Industrial Hygienist (GEMS Coordinator)
2020_11,584873700,Plant Protection and Quarantine Officer (Plant Health Safeguarding Specialist)
2020_11,584517500,"Administrative Assistant (OA), NB-303-III"
2020_11,584883200,"National Bank Examiner (Analyst to the Deputy Comptroller), NB-0570-VI Step 2"
2020_11,584622400,Plant Protection and Quarantine Officer (Plant Health Safeguarding Specialist)
2020_11,584479100,"National Bank Examiner/Bank Examiner (LB Field Examiner) w/ emphasis in Operational Risk, NB-570-VI"
2020_11,585233600,FIRE PROTECTION SPECIALIST
2020_11,585309800,Archeologist
2020_11,583668000,PHYSICAL SCIENCE TECHNICIAN
2020_11,585537400,National Bank Examiner/Bank Examiner (LB Bank Information Technology) NB-570-V.2
2020_11,584491200,NBE/BE (LB Technical Team Lead) w/ emphasis in Commercial Credit NB-0570-VI.2
2020_11,583670200,Writer-Editor NB-1082-V
2020_11,584729800,"National Bank Examiner (Analyst to Midsize Examiner-In-Charge), NB-0570-V Step 2"
2020_11,583465600,"NBE/BE (LB Technical Team Lead) with emphasis in Compliance, NB-0570-VI.2"
2020_11,583375400,Plant Protection Technician (Domestic)
2020_11,583379600,Industrial Hygienist (GEMS)
2020_11,583535100,Environmental Engineer: GS-0819-12
2020_11,584517400,NBE/BE (LB Technical Team Lead) NB-0570-VI.2
2020_11,584240800,Program Manager
2020_11,583819100,ENVIRONMENTAL PROTECTION SPECIALIST
2020_11,584920000,Environmental Protection Specialist
2020_11,585617500,Supervisory Human Resources Specialist-NB-0201-VII.2
2020_11,584923100,"National Bank Examiner/Bank Examiner (BSA/AML Compliance Policy Specialist), NB-0570-VI"
2020_11,585501300,Supervisory Range Operations Specialist
2020_11,583852500,"NBE/BE (LB Field Examiner) w/emphasis in ERM/Governance, NB-570-VI"
2020_11,584397100,INTERDISCIPLINARY ENGINEER/ARCHITECT
2020_11,583668600,Writer-Editor NB-1082-V
2020_11,584515200,"Examination Technician, NB-503-III"
2020_11,585161100,Natural Resource Program Coordinator
2020_11,584295900,"Management and Program Analyst, NB-343-IV/V"
2020_11,584921800,"National Bank Examiner/ Bank Examiner (BSA/AML Compliance Policy Specialist), NB-570-V"
2020_11,585525100,Project Manager
2020_11,583524800,Environmental Engineer: GS-0819-12
2020_11,585517600,"Computer Engineer, NB-0854-V"
2020_11,585618000,"Director, Organizational Development and Engagement"
2020_12,587385800,"Supervisory Life Scientist, Physical Scientist, Environmental Engineer"
2020_12,587552500,"Supervisory Bank Examiner (Director for Large Bank Licensing), NB-570-VII"
2020_12,586039300,Pipefitter
2020_12,586077900,MAINTENANCE MECHANIC SUPERVISOR
2020_12,586478900,"National Bank Examiner/Bank Examiner (LB Field Examiner) with emphasis in Operational Risk, NB-570-V"
2020_12,586575600,Deputy Executive Director
2020_12,586476200,Supervisory Trial Attorney (Deputy Chief)
2020_12,586558800,Life Scientist/Environmental Engineer/Physical Scientist
2020_12,585938800,"Deputy Manager, Nevada Field Office"
2020_12,585329200,CHILD DEVELOPMENT PROGRAM ASSISTANT GSE-02/03/04
2020_12,586350500,"Supervisory Life Scientist, Physical Scientist, Environmental Engineer"
2020_12,587157300,POWERED SUPPORT SYSTEMS MECHANIC LEADER
2020_12,587364700,"Supervisory Life Scientist, Physical Scientist, Environmental Engineer"
2020_12,586864600,Pipefitter
2020_12,586840200,Life Scientist/Physical Scientist/Environmental Engineer
2020_12,586687200,"Bridge Management Specialist, GS-2101-12/13"
2020_12,587695500,"Senior Financial Economist, NB-0110-VI"
2020_12,587077800,Life Scientist / Environmental Engineer / Physical Scientist (Permit Specialist)
2020_12,587606400,Environmental Engineer/ Physical Scientist/ Life Scientist
2020_12,586989600,"Senior Financial Economist, NB-0110-VI"
2020_12,587702500,POWERED SUPPORT SYSTEMS MECHANIC
2020_12,586987500,Financial Economist
2020_12,586985100,"Senior Financial Economist, NB-0110-VI"
2020_12,587747900,Supervisory Permit Program Specialist (Backcountry/AIS)
2020_12,588239600,Physical Scientist / Life Scientist / Environmental Engineer
2020_12,586984600,Financial Economist
2020_12,586803400,Physical Scientist / Life Scientist / Environmental Engineer
2020_12,587781100,Environmental Engineer / Physical Scientist / Life Scientist (Hazardous Waste Permit Specialist)
2020_12,586594400,Chief Probation & Pretrial Services Officer
2020_12,587695200,"Financial Economist, NB-0110-V.2"
2020_12,587744200,Lead Visitor Services Assistant (Backcountry Permits/AIS)
2020_12,587241400,Natural Resource Program Coordinator
2020_12,585739500,"National Bank Examiner (Analyst to Associate Deputy Comptroller), NB-0570-VI"
2020_12,585775900,"National Bank Examiner/Bank Examiner (Analyst to the Large Bank EIC), NB-0570-V/V.2"
2020_12,587200000,"National Bank Examiner (Analyst to ADC), NB-0570-V Step 2"
2020_12,586075800,"NBE/BE (LB Technical Team Lead) w/emphasis in Asset Management, NB-0570-VI.2"
2020_12,586947100,Engineering Technician (Civil)
2020_12,585737800,"Supervisory National Bank Examiner (Assistant Deputy Comptroller), NB-0570-VII"
2020_12,587478200,"Administrative Assistant (OA), NB-303-III"
2020_12,586976900,"Accountant/Senior Accounting Policy Advisor, NB-0510-VI.2"
2020_12,587552600,"Supervisory NBE/BE (Director for Large Bank Licensing), NB-570-VII"
2020_12,585796700,"Information Technology Specialist (SYSANALYSIS/ INET), NB-2210-V"
2020_12,587976400,"Training Specialist, NB-1712-V"
2020_12,587047600,"National Bank Examiner (Analyst to Assistant Deputy Comptroller), NB-0570-V Step 2"
2020_12,586947400,Engineering Technician (Civil)
2020_12,586116100,Human Resources Assistant (Human Resources Development)
2020_12,587835200,Environmental Protection Specialist (Open to both U.S. Citizens and Federal Employees)
2020_12,585940600,Administrative Assistant (OA) GS-0303-07
2020_12,586532800,Petroleum Engineer
2020_12,586148100,Plant Protection and Quarantine Officer (PHSS/Predeparture Operations)
2020_12,585776300,"National Bank Examiner/Bank Examiner (Analyst to  Large Bank  Examiner-In-Charge), NB-570-VI"
2020_12,587807100,National Bank Examiner/Bank Examiner w/emphasis in Capital Markets NB-570-V.2
2020_12,587294400,Human Resources Specialist (Performance Management)
2020_12,586385200,Biologist
2020_12,588113000,Industrial Hygienist - GEMS Coordinator
2020_12,585941000,Administrative Assistant (OA) GS-0303-07
2020_12,587552700,"Supervisory NBE/BE (Director for Large Bank Licensing), NB-570-VII"
2020_12,587325500,Program Specialist
2020_12,586926200,"Information Technology Specialist (SYSANALYSIS/ INET), NB-2210-V"
2020_12,585981300,"National Bank Examiner/ Bank Examiner (BSA/AML Compliance Policy Specialist), NB-570-V"
2020_12,585872500,National Bank Examiner/ Bank Examiner (Financial Analysis)
2020_12,586791200,"Bridge Management Specialist, GS-2101-12/13"
2020_12,585935500,Supervisory Fish Biologist
2020_12,587253300,SAFETY & OCCUPATIONAL HEALTH SPECIALIST
2020_12,586462100,Supervisory Program Analyst; NB-0343-VI.2
2020_12,586155800,Supervisory Life Scientist/Environmental Engineer/Physical Scientist
2020_12,588239800,Physical Scientist / Life Scientist / Environmental Engineer
2020_12,587498800,"Supervisory Life Scientist, Physical Scientist, Environmental Engineer"
2020_12,587098300,Life Scientist / Environmental Engineer / Physical Scientist
2020_12,587254100,Life Scientist / Environmental Engineer / Physical Scientist (Permit Specialist)
2020_12,587988700,Environmental Engineer / Physical Scientist / Life Scientist (Hazardous Waste Permit Specialist)
2020_12,587895300,Interdisciplinary (Supervisory Regulatory Project Manager)
2020_12,587506400,Life Scientist/Physical Scientist/Ecologist
2020_12,585740100,"National Bank Examiner/Bank Examiner (Retail Credit Lead Expert), NB-0570-VI"
2020_12,587293600,Sr. Human Resources Specialist (Performance Management)
2020_12,587295000,"Supervisory Human Resources Specialist, NB-201-VI"
2020_12,586532900,Petroleum Engineer
2020_12,586350900,Supervisory BE (Director BSA/AML Policy) NB-570-VII
2020_12,587002100,ENGINEER
2020_12,586924300,DEPUTY DIRECTOR
2020_12,586110500,"National Bank Examiner/Bank Examiner (LB Field Examiner) with emphasis in Compliance, NB-0570-VI"
2020_12,588003900,"Deputy Comptroller (Deputy Comptroller for Large Banks), NB-0570-VIII"
2020_12,585986100,"National Bank Examiner (Analyst to ADC), NB-0570-V Step 2"
2020_12,586569700,Administrative Support Assistant
2020_12,586350200,"Supervisory BE (Director, BSA/AML Policy) NB-570-VII"
2020_12,586266800,Zone Lands and Engineering Program Manager
2020_12,588109900,Supervisory Environmental Care Specialist
2021_01,590088100,Assistant National Bank Examiner
2021_01,589367100,Life Scientist/Environmental Engineer/Physical Scientist
2021_01,589424200,Financial Economist
2021_01,587044500,2021 Branch Out Program 13
2021_01,589358800,Life Scientist/Environmental Engineer/Physical Scientist
2021_01,589144000,Counsel (eDiscovery); NB-905-VI
2021_01,589184800,"National Bank Examiner/Bank Examiner (LB Field Examiner) with emphasis in Compliance, NB-0570-VI"
2021_01,587044300,2021 Branch Out Program 11
2021_01,588852300,"General Engineer, GS-801-12/13"
2021_01,587045100,2021 Branch Out Program 14
2021_01,588451300,CHILD DEVELOPMENT PROGRAM ASSISTANT GSE- 02/03/04
2021_01,588345200,Biologist
2021_01,587043000,2021 Branch Out Program 09
2021_01,589186200,"National Bank Examiner/Bank Examiner (LB Field Examiner) w/emphasis in Compliance, NB-0570-V"
2021_01,588622200,CHILD DEVELOPMENT PROGRAM ASSISTANT GSE-02/03/04
2021_01,588651400,"NBE/BE (LB Field Examiner) with emphasis in Commercial Credit, NB-0570-V"
2021_01,587042800,2021 Branch Out Program 07
2021_01,588451200,CHILD DEVELOPMENT PROGRAM ASSISTANT GSE-02/03/04
2021_01,589153000,"National Bank Examiner/Bank Examiner (LB Field Examiner) w/emphasis in Capital Market, NB-0570-V/V.2"
2021_01,589338100,Physical Scientist/ Life Scientist
2021_01,588651100,"National Bank Examiner/Bank Examiner (LB Field Examiner) w/emphasis in Commercial Credit, NB-570-VI"
2021_01,589252700,Supv NBE/BE (EXCEL I Team Leader) w/ emphasis in Capital Markets NB-570-VII (Temporary NTE 2 years)
2021_01,589354200,Life Scientist/Environmental Engineer/Physical Scientist
2021_01,589357800,Environmental Protection Specialist
2021_01,589418000,"National Bank Examiner (Analyst to ADC), NB-0570-V Step 2 (Temporary NTE 1 Year)"
2021_01,587044800,2021 Branch Out Program 12
2021_01,590474600,"National Bank Examiner/Bank Examiner (LB Field Examiner) with emphasis in Capital Markets, NB-0570-V"
2021_01,590475400,Plant Protection and Quarantine Officer (Plant Health Safeguarding Specialist)
2021_01,590786900,"Senior Economist Advisor to the Senior Deputy Comptroller, NB-0110-VII.2"
2021_01,589688800,Program Analyst (Information Systems Management)
2021_01,589301800,Industrial Hygienist
2021_01,588500600,"Instructional Systems Specialist, NB-1750-V"
2021_01,590221400,"Program Analyst, NB-0343-V"
2021_01,588500800,"Instructional Systems Designer, NB-1750-VI"
2021_01,588620200,NBE/BE (Sr. LE Risk Spec. with emphasis in BIT); NB-570-VI.2
2021_01,588639100,"NBE/BE (LB Field Examiner) w/emphasis in Bank Information Technology, NB-570-VI"
2021_01,589386600,"Information Technology Specialist (Network Services), NB-2210-VI"
2021_01,588794600,National Bank Examiner/Bank Examiner (Retail Credit) NB-0570-VI
2021_01,589279100,"Congressional Affairs Specialist, NB-301-V"
2021_01,590661500,Plant Protection and Quarantine Officer (Plant Health Safeguarding Specialist)
2021_01,589706100,"Supervisory National Bank Examiner (Examiner-In-Charge), NB-570-VII.2"
2021_01,588950400,Human Resources Specialist (Human Resources Development)
2021_01,588983400,REALTY SPECIALIST (GENERALIST)
2021_01,590161800,Plant Protection Technician (Domestic)
2021_01,589523900,Realty Specialist (Generalist)
2021_01,590429000,Supv. NBE (ADC Significant Service Providers); NB-570-VII
2021_01,588957500,"National Bank Examiner (Analyst to Assistant Deputy Comptroller), NB-0570-V Step 2"
2021_01,589226300,Supervisory Biologist
2021_01,588716000,"NBE (EG/Ombudsman Analyst), NB-0570-VI"
2021_01,590762700,"Outreach Program Assistant, NB-303-IV"
2021_01,588788800,"Management and Program Analyst, NB-343-VI"
2021_01,589302900,"Human Resources Specialist (Benefits), NB-201-V"
2021_01,588488200,ENVIRONMENTAL PROTECTION SPECIALIST
2021_01,588532700,"National Bank Examiner (Analyst to Assistant Deputy Comptroller), NB-0570-V Step 2"
2021_01,590492800,"NBE/BE (LB Field Examiner) w/emphasis in Capital Markets, NB-570-VI"
2021_01,590476100,"National Bank Examiner/Bank Examiner (LB Field Examiner) w/ emphasis in Operational Risk, NB-570-VI"
2021_01,590216500,"National Bank Examiner (Analyst to Assistant Deputy Comptroller), NB-0570-V Step 2"
2021_01,589349000,"Staff Accountant, NB-510-V.2"
2021_01,590196700,NATURAL RESOURCE SPECIALIST
2021_01,590231700,"Supervisory National Bank Examiner (Examiner-in-Charge), NB-0570-VI.2"
2021_01,589347600,"Examination Technician, NB-503-III"
2021_01,590376000,Plant Protection and Quarantine Officer (Plant Health Safeguarding Specialist)
2021_01,589589900,Plant Protection and Quarantine Officer (Plant Health Safeguarding Specialist)
2021_01,589169200,Plant Protection and Quarantine Officer (Plant Health Safeguarding Specialist)
2021_01,590431300,Supv. NBE/BE (Coordinated Cybersecurity Review (CCR) Program Manager ); NB-570-VII
2021_01,589483600,Life Scientist/Environmental Engineer/Physical Scientist
2021_01,590609800,Interdisciplinary: GS-0819/1301/0401-12
2021_01,589483200,Life Scientist/Environmental Engineer/Physical Scientist
2021_01,589685800,SUPERVISORY GENERAL ENGINEER/ARCHITECT (CONSTRUCTION MANAGER)
2021_01,588499300,"Instructional Systems Designer, NB-1750-V"
2021_01,588514700,"National Bank Examiner (MCBS Resource Coordinator), NB-0570-VI"
2021_01,588619300,NBE/BE (LE Risk Specialist with emphasis in BIT); NB-570-VI
2021_01,590466300,National Bank Examiner/Bank Examiner (Problem Bank Specialist) NB-0570-VI
2021_01,589686600,Program Analyst (Information Systems Management)
2021_01,588635200,"Associate Deputy Comptroller, NB-0570-VII Step 2"
2021_01,588501000,"Instructional Systems Specialist, NB-1750-VI"
2021_01,589553800,"Research Analyst (Financial Economist), NB-0110-IV"
2021_01,590040200,Secretary (OA); NB-0318-IV
2021_01,590231200,"Supervisory NBE/BE (Examiner-in-Charge), NB-0570-VII"
2021_01,590560300,"Supervisory National Bank Examiner (Team Leader), NB-0570-VI"
2021_01,590632100,"Human Resources Specialist (Classification), NB-201-V"
2021_01,590510100,"National Bank Examiner/Bank Examiner (Consumer Compliance Lead Expert), NB-0570-VI"
2021_01,589931700,Program Manager (Outreach) NB-340-VI
2021_01,589214000,Natural Resource Specialist
2021_01,589253200,"National Bank Examiner/Bank Examiner (LB Field Examiner) with Ops Risk, NB-0570-V/V.2"
2021_01,589745100,Program Analyst (Information Systems Management)
2021_01,590680400,Realty Specialist (Contracts Management)
2021_01,589351800,Environmental Protection Specialist (GEMS)
2021_01,588635500,"National Bank Examiner (Senior Advisor to the SDC for MCBS), NB-0570-VII"
2021_01,589924400,INTERDISCIPLINARY ENVIRONMENTAL ENGINEER/PHYSICAL SCIENTIST
2021_01,590754500,Natural Resource Specialist / Physical Scientist (Air Quality Specialist)
2021_01,589253500,"National Bank Examiner/Bank Examiner (LBS Strategy & Examiner Development), NB-570-VI"
2021_01,590693400,"National Bank Examiner/Bank Examiner (Capital Markets Lead Expert), NB-0570-VI"
2021_01,589280100,"Congressional Affairs Specialist, NB-301-V"
2021_02,591137000,IT SPECIALIST (SYSADMIN/DATAMGT)
2021_02,592494900,"National Bank Examiner/Bank Examiner (LB Field Examiner) w/emphasis Retail Credit, NB-570-V"
2021_02,591152200,OARO GROW Development Program (GS-12)
2021_02,591111100,CHILD DEVELOPMENT PROGRAM ASSISTANT GSE-02/03/04
2021_02,592865800,Attorney Advisor/Counsel; NB-905-VI
2021_02,592163800,Supervisory Human Resources Specialist (Human Resources Development)(Temporary Promotion NTE 1 Year)
2021_02,590877600,GENERAL ATTORNEY
2021_02,591160100,OARO GROW Development Program (GS-15)
2021_02,591184100,NBE/BE (LB Technical Team Lead) w/emphasis in Commercial Credit NB-0570-VI.2 (Temporary NTE 1 Year)
2021_02,592506500,Life Scientist/Physical Scientist/Environmental Engineer
2021_02,592187500,Environmental Protection Specialist
2021_02,591165300,OARO GROW Development Program (GS-14)
2021_02,591156200,OARO GROW Development Program (GS-14)
2021_02,591163400,OARO Grow Development Program (GS-13)
2021_02,591580400,"Research Analyst (Financial Economist), NB-0110-IV"
2021_02,592655700,Park Ranger (Backcountry & Wilderness Mgmt)
2021_02,591166300,OARO GROW Development Program (GS-15)
2021_02,590910200,"Director, Commercial Credit, NB-0570-VII"
2021_02,591161200,OARO GROW Development Program (GS-12)
2021_02,591153900,OARO GROW Development Program (GS-13)
2021_02,592509600,"National Bank Examiner/Bank Examiner (Compliance), NB-0570-V"
2021_02,591447800,Outdoor Recreation Planner
2021_02,591097900,"National Bank Examiner/Bank Examiner w/emphasis in ERM/Governance, NB-570-V.2"
2021_02,593454500,SUPERVISORY ENVIRONMENTAL PROTECTION SPECIALIST (T5)
2021_02,592321800,Plant Protection and Quarantine Officer (Plant Health Safeguarding Specialist)
2021_02,592900400,"National Bank Examiner (Field Examiner), NB-0570-V, Step 2"
2021_02,592903800,Physical Scientist (Air)
2021_02,591157000,Plant Protection Technician (Domestic)
2021_02,593515900,"Environmental Protection Specialist, GS-0028-11"
2021_02,592549000,"Program Analyst (Analyst to Dir for Ops & Admin), NB-0343-V"
2021_02,591703100,Administrative Officer
2021_02,592554300,Plant Protection and Quarantine Officer (Plant Health Safeguarding Specialist)
2021_02,593639000,ENGINEERING TECHNICIAN
2021_02,591948700,"Financial Management Specialist, NB-501-IV/V"
2021_02,592764100,Environmental Protection Specialist
2021_02,592777700,"National Bank Examiner/Bank Examiner (Compliance), NB-0570-V step 2"
2021_02,593518000,"NBE/BE (LB Field Examiner) with emphasis in Safety & Soundness, NB-0570-V.2"
2021_02,591817300,"Project Manager, NB-301-V"
2021_02,592778600,"National Bank Examiner/Bank Examiner (BSA/AML), NB-0570-V Step 2"
2021_02,591316600,Safety and Occupational Health Manager
2021_02,593205600,Realty Specialist (Generalist)
2021_02,592663600,"Human Resources Specialist (Compensation), NB-201-V"
2021_02,592368600,"Human Resources Specialist (Quality Control), NB-0201-V"
2021_02,591371500,"Physical Security Specialist, NB-0080-V"
2021_02,591174600,"NBE/BE (Large Bank Technical Team Lead) w/emphasis in Retail Credit, NB-570-VI.2"
2021_02,591385200,Supervisory Geologist
2021_02,592902100,"National Bank Examiner/Bank Examiner (Asset Management), NB-0570-VI"
2021_02,592652700,"Supervisory NBE/BE (Large Bank Team Lead) w/emphasis in Compliance, NB-570-VII"
2021_02,593506700,Environmental Protection Specialist
2021_02,592750600,"National Bank Examiner/Bank Examiner (BIT), NB-570-V Step 2"
2021_02,591387900,Supervisory Geologist
2021_02,591370800,"Personnel Security Specialist, NB-0080-V"
2021_02,593120600,NBE (Asset Management); NB-570-VI.2
2021_02,592120900,"National Bank Examiner/Bank Examiner (LB Field Examiner) with emphasis in Compliance, NB-0570-VI"
2021_02,590991800,Emergency Management Specialist (Mitigation)
2021_02,591585600,"Bridge Management Specialist, GS-2101-12"
2021_02,592294500,Engineering Technician (Civil)
2021_02,592391000,Plant Protection and Quarantine Officer (Plant Health Safeguarding Specialist)
2021_02,591750900,"Supervisory NBE/BE (LB Team Lead) w/emphasis in Ops Risk, NB-570-VII"
2021_02,591026400,NBE/BE (LE Risk Spec. with emphasis in CRA-FL-Consumer Compliance)-NB-570-VI
2021_02,592900800,"National Bank Examiner/Bank Examiner (Asset Management), NB-0570-V Step 2"
2021_02,592778300,"National Bank Examiner/Bank Examiner (Compliance), NB-0570-V Step 2"
2021_02,591174200,"NBE/BE (Large Bank Technical Team Lead) w/emphasis in Bank Information Technology, NB-570-VI.2"
2021_02,591342400,Supervisory Interdisciplinary
2021_02,591907400,Realty Specialist (Generalist)
2021_02,592020100,"National Bank Examiner/Bank Examiner (LB Field Examiner) w/emphasis in Commercial Credit, NB-570-VI"
2021_02,593221600,INTERDISCIPLINARY
2021_02,591051900,"Director, Commercial Credit, NB-0570-VII"
2021_02,592899400,"National Bank Examiner (Field Examiner), NB-0570-V, Step 2"
2021_02,591771900,"National Bank Examiner/Bank Examiner (LB Asset Management),  NB-0570-VI"
2021_02,592750100,"National Bank Examiner/Bank Examiner (BIT), NB-570-V Step 2"
2021_02,592901700,"National Bank Examiner/Bank Examiner (Asset Management), NB-0570-V Step 2"
2021_02,593104200,Surface Mining Reclamation Specialist
2021_02,593407800,Realty Specialist (Generalist)
2021_02,590865700,Plant Protection and Quarantine Officer (Plant Health Safeguarding Specialist)
2021_02,592368800,"Human Resources Specialist (Staffing), NB-0201-IV"
2021_02,593429100,Environmental Protection Specialist
2021_02,592637400,"NBE/BE (LB Field Examiner) w/emphasis in ERM/Governance, NB-570-VI"
2021_02,592294300,Engineering Technician (Civil)
2021_02,592725400,"Strategic Planning and Program Specialist, NB-301-V"
2021_02,591014800,NBE/BE (Sr. LE Risk Spec. with emphasis in CRA/FL/Consumer Compliance)-NB-570-VI.2
2021_02,591194300,"National Bank Examiner (Analyst to Assistant Deputy Comptroller), NB-0570-V Step 2"
2021_02,591206500,"National Bank Examiner/Bank Examiner (BIT Lead Expert Support), NB-570-V Step 2"
2021_02,591327400,Fish Biologist
2021_02,591480600,"National Bank Examiner/Bank Examiner (Analyst to Megabank  Examiner-In-Charge), NB-570-VI.2"
2021_02,591000000,NBE/BE (Sr. LE Risk Specialist with emphasis in Oper. Risk & ERM ); NB-570-VI.2
2021_02,591961600,"NBE/BE (LB Technical Team Lead) w/emphasis in ERM/Governance, NB-570-VI.2"
2021_02,592481900,Supervisory Realty Specialist (Generalist/T&M)
2021_02,592315700,"National Bank Examiner/Bank Examiner (Analyst to Megabank  Examiner-In-Charge), NB-570-VI.2"
2021_02,592506700,Plant Protection Technician (Domestic)
2021_02,591927300,Human Resources Specialist (Staffing)-CTAP/ICTAP/VEOA
2021_03,592594300,"OCC Internship Program (Computer Science), NB-1599-II"
2021_03,593770100,FRONTLINE LEADERSHIP READINESS PROGRAM (FLRP)*MSP*
2021_03,595317400,FRONTLINE LEADERSHIP READINESS PROGRAM (FLRP)*MSP*
2021_03,595154800,Biological Science Technician (Wildlife)
2021_03,595171700,"National Bank Examiner/Bank Examiner (Consumer Compliance Policy Specialist),  NB-0570-V"
2021_03,595024300,"Temporary Supervisory National Bank Examiner/Bank Examiner (MBS Resource Team Manager), NB-0570-VI.2"
2021_03,594646000,FRONTLINE LEADERSHIP READINESS PROGRAM (FLRP)*MSP*
2021_03,595826000,Financial Economist
2021_03,595247600,Agriculturist
2021_03,594095800,CIVIL ENGINEER (STRUCTURAL)
2021_03,594325300,Attorney-Adviser (General)
2021_03,594442200,"National Bank Examiner/Bank Examiner(LB Field Examiner)with emphasis in Commercial Credit, NB-0570-V"
2021_03,594166300,"National Bank Examiner/Bank Examiner(LB Field Examiner)with emphasis in Commercial Credit, NB-0570-V"
2021_03,594479900,NBE/BE (SyRIS Lead Expert with emphasis in Commercial Credit); NB-570-VII
2021_03,593104900,"OCC Internship Program (Information Technology), NB-2299-III"
2021_03,596580900,Student Trainee (Legal)
2021_03,596467000,Attorney Advisor
2021_03,596253200,"Information Technology Specialist (INFOSEC), NB-2210-V"
2021_03,596351000,"HR Specialist (Policy and Accountability), NB-201-V.2 (Temp Promotion/Detail NTE 6 Months)"
2021_03,596167300,INTERDISCIPLINARY ENVIRONMENTAL ENGINEER/PHYSICAL SCIENTIST
2021_03,596234900,Civil Engineer
2021_03,596139100,ENGINEERING TECHNICIAN/NF-3
2021_03,595836500,"Customer Assistance Specialist, NB-301-III/IV"
2021_03,595475300,Natural Resource Program Coordinator
2021_03,595964200,Physical Science Technician
2021_03,596462100,"Financial Economist (BSA/AML Lead Economic Expert), NB-0110-VI.2"
2021_03,596038200,"NBE/BE (LB Field Examiner) w/emphasis in Safety & Soundness, NB-570-VI"
2021_03,594523900,Environmental Protection Specialist
2021_03,594912100,"Supervisory National Bank Examiner (Assistant Deputy Comptroller), NB-0570-VII"
2021_03,594645700,Plant Protection and Quarantine Officer (Plant Health Safeguarding Specialist)
2021_03,595242200,"NBE/BE (LB Field Examiner) with emphasis in Compliance, NB-0570-V.2"
2021_03,593758900,"National Bank Examiner/Bank Examiner (Credit Lead Expert), NB-0570-VI"
2021_03,593914000,CIVIL ENGINEER (STRUCTURAL)
2021_03,594327900,"Supervisory Human Resources Specialist, NB-201-VII"
2021_03,594482600,NBE/BE (Sr. LE Risk Specialist with emphasis in Mortgage Banking); NB-570-VI.2
2021_03,595493400,"National Bank Examiner/Bank Examiner (LB Field Examiner) w/emphasis Retail Credit, NB-570-V"
2021_03,595962800,Physical Science Technician
2021_03,596525200,"Human Resources Specialist, NB-201-V"
2021_03,596715900,Plant Protection and Quarantine Officer (Plant Health Safeguarding Specialist)
2021_03,594318300,"Supervisory Information Technology Specialist-eDiscovery, NB-2210-VI"
2021_03,596997800,Realty Specialist (Generalist)
2021_03,596683300,"National Bank Examiner (Analyst to Assistant Deputy Comptroller), NB-0570-V Step 2"
2021_03,594436700,Supervisory Management and Program Analyst *MSP* -FRONTLINE LEADERSHIP READINESS PROGRAM (FLRP)
2021_03,596979700,NBE/BE (National Risk Committee Project Manager); NB-570-VI.2
2021_03,596264100,"Supervisory Program Analyst, NB-0343-VI"
2021_03,596271400,Plant Protection and Quarantine Officer (Plant Health Safeguarding Specialist)
2021_03,593801900,"Supervisory National Bank Examiner (Examiner-In-Charge), NB-570-VIII"
2021_03,594440600,Supervisory Information Technology Specialist *MSP* | FRONTLINE LEADERSHIP READINESS PROGRAM (FLRP) (*Amended*)
2021_03,594538700,Plant Protection Technician (Domestic)
2021_03,594481200,NBE/BE (LE Risk Specialist with emphasis in Mortgage Banking); NB-570-VI
2021_03,594319900,"Supervisory Information Technology Specialist-eDiscovery, NB-2210-VI"
2021_03,594242000,SAFETY & OCCUPATIONAL HEALTH SPECIALIST
2021_03,594607700,Supervisory Civil Engineer
2021_03,596382200,Legal Instruments Examiner
2021_03,593752500,"National Bank Examiner (Analyst to Assistant Deputy Comptroller), NB-0570-V Step 2"
2021_03,594339400,"Director, Enterprise Workforce Planning, NB-301-VII"
2021_03,595244700,"Senior Financial Analyst, NB-1160-VI"
2021_03,596110300,"NBE/BE (LB Field Examiner) w/emphasis in Capital Markets, NB-570-VI"
2021_03,595796100,"Supervisory Information Technology Specialist (APPSW), NB-2210-VI"
2021_03,596929000,"Human Resources Specialist (Classification), NB-201-V"
2021_03,593802600,"Supervisory National Bank Examiner (Examiner-In-Charge), NB-570-VIII (Temporary NTE 1 Year)"
2021_03,593801400,"Supervisory National Bank Examiner (Examiner-In-Charge), NB-570-VIII (Temporary NTE 1 Year)"
2021_03,594407600,"NBE (Analyst to Director for International Banking Supervision), NB-0570-V.2"
2021_03,596811000,Environmental Protection Specialist
2021_03,594914500,Administrative Support Assistant
2021_03,595186400,Secretary (Office Automation) NB-0318-IV
2021_03,595692500,Interdisciplinary Social Scientist/Natural Resource Specialist Landscape Architect
2021_03,594839100,"Examination Technician, NB-503-III"
2021_03,596006700,SUPERVISORY INTERDISCIPLINARY
2021_03,596327300,Interdisciplinary: GS-0819/1301/0401-11/12
2021_03,593976100,Environmental Engineer/Physical Scientist/Life Scientist (Permit Specialist)
2021_03,594009100,Environmental Engineer/Physical Scientist/Life Scientist (Permit Specialist)
2021_03,596509200,SUPERVISORY INTERDISCIPLINARY ENGINEER
2021_03,594113300,Supervisory Interdisciplinary (General Engineer/Landscape Architect/Architect)
2021_03,595552800,NBE/BE (Significant Serv. Prov. / Central Point of Contact); NB-570-VI
2021_03,594159200,Project Manager (Engineering)
2021_03,594474100,NBE/BE (SyRIS Lead Expert with emphasis in Mortgage Banking); NB-VII
2021_03,593830800,"Human Resources Specialist (Benefits), NB-201-V"
2021_03,593056000,Supervisory Environmental Protection Specialist
2021_03,594859400,"Supervisory Information Technology Specialist, NB-2210-VII.2"
2021_03,594920800,"NBE/BE (Large Bank Technical Team Lead) w/emphasis in Operational Risk, NB-570-VI.2"
2021_03,595111700,"Director, Enterprise Workforce Planning, NB-301-VII"
2021_03,595111200,"Supervisory Human Resources Specialist, NB-201-VII"
2021_03,593500300,"Administrative Assistant (Office Automation), NB-0303-III"
2021_03,584293400,REALTY SPECIALIST (GENERALIST)
2021_03,594017800,Environmntl Protect Spec
2021_03,596174900,Natural Resource Program Coordinator
2021_03,596381500,Legal Instruments Examiner
2021_03,595797600,"National Bank Examiner/Bank Examiner (Asset Management), NB-0570-VI"
2021_03,596925800,INTERDISCIPLINARY ENGINEER/ARCHITECT
2021_03,595988900,Industrial Hygienist (GEMS Environment Compliance Coordinator)
2021_03,595253200,"National Bank Examiner/ Bank Examiner (Senior International Advisor), NB-570-VI"
2021_03,595357700,"Program Analyst (Supervision Support) with emphasis in Data Stewardship, NB-343-V"
2021_03,595680800,Supervisory Petroleum Engineer/Geologist
2021_03,595358100,Natural Resource Specialist / Physical Scientist
2021_03,594294800,Physical Scientist/Environmental Engineer
2021_03,594697700,Environmental Engineer/Petroleum Engineer
2021_03,595230700,Environmental Protection Specialist
2021_03,596612800,NBE/BE (SyRIS Lead Expert with emphasis in Capital Adequacy & Planning); NB-570-VII
2021_03,594159000,Project Manager (Engineering)
2021_03,595352400,Supervisory Management and Program Analyst *MSP* -FRONTLINE LEADERSHIP READINESS PROGRAM (FLRP)
2021_03,593901600,"Contact Representative Management Trainee *MSP * **LDP** *Temporary, NTE 5 Years, MBE*"
2021_03,594896800,"National Bank Examiner (Analyst to Associate Deputy Comptroller), NB-0570-VI"
2021_03,594198700,"National Bank Examiner/Bank Examiner (Analyst to Deputy Comptroller-Large Banks),  NB-0570-VI.2"
2021_03,595193400,"NBE/BE (LB Field Examiner) w/emphasis in Bank Information Technology, NB-570-VI"
2021_04,600177700,Financial Economist-NB-0110-5.2
2021_04,599594400,Financial Economist-NB-0110-5.2
2021_04,598119000,Fish Biologist
2021_04,599080800,CHILD DEVELOPMENT PROGRAM ASSISTANT GSE- 02/03/04
2021_04,597806800,CHILD DEVELOPMENT PROGRAM ASSISTANT GSE-02/03/04
2021_04,599503800,Pipefitter
2021_04,600064600,"Temporary National Bank Examiner/Bank Examiner (Compliance), NB-0570-VI"
2021_04,597790100,"Temporary Supervisory National Bank Examiner/Bank Examiner (Examiner-in-Charge), NB-0570-VI.2"
2021_04,597993000,"Natural Resources Manager/Physical Scientist, GS-0401/1301-11 / 12"
2021_04,598265000,Development Program Associate
2021_04,599320900,Supervisory Instructional Systems Specialist (Temp Promotion/Detail NTE 1 Year)
2021_04,598265200,Development Program Associate
2021_04,598263400,Development Program Associate
2021_04,599321000,"Supervisory HR Specialist (HR Development), NB-201-VII (Temp Promotion/Detail NTE 1 Year)"
2021_04,597326800,"Supervisory IT Specialist (INFOSEC), NB-2210-VI"
2021_04,597774400,"Nurse Practitioner (Women's Health/Family, Branch Health Clinic 1523 USS Red Rover)"
2021_04,598264300,Development Program Associate
2021_04,598494600,CRIMINAL INVESTIGATION FRONTLINE LEADERSHIP READINESS PROGRAM (FLRP) *MSP* NTE 18 MONTHS
2021_04,599038100,Attorney Advisor
2021_04,598771100,OCC Internship Program (Accounting/Auditing)
2021_04,598898700,Biologist
2021_04,597915700,"National Bank Examiner (Analyst to Assistant Deputy Comptroller), NB-0570-V Step 2"
2021_04,600102600,Supervisory Archeologist (Regional)
2021_04,598652900,"Instructional Systems Specialist, NB-1750-V"
2021_04,599997300,Director for Bank Supervision Policy (BSP) Operations & Administration-NB-301-VII
2021_04,598776100,Program Support Assistant
2021_04,598617600,"National Bank Examiner/Bank Examiner (LB Field Examiner) with emphasis in Compliance, NB-0570-V.2"
2021_04,599565300,Program Analyst (Supervision Support) with emphasis in Systems; NB-343-V
2021_04,599327900,"Supervisory National Bank Examiner (Team Leader), NB-0570-VI"
2021_04,598807800,Realty Specialist (Generalist)
2021_04,599515000,Plant Protection Technician (Domestic)
2021_04,598653200,"Instructional Systems Specialist, NB-1750-V"
2021_04,598115400,Supervisory Park Ranger (Protection
2021_04,597040600,"National Bank Examiner (Analyst to Assistant Deputy Comptroller), NB-0570-V Step 2"
2021_04,597990700,"Environmental Engineer, GS-0819-11 /12"
2021_04,599619800,"Examination Technician, NB-503-IV"
2021_04,597143200,Realty Specialist
2021_04,598624200,Plant Protection and Quarantine Officer (Plant Health Safeguarding Specialists)
2021_04,599212400,Plant Protection and Quarantine Officer (Plant Health Safeguarding Specialist)
2021_04,598002600,"Environmental Engineer, GS-0819-11 /12"
2021_04,597535100,Realty Specialist (Generalist)
2021_04,599974600,Program Analyst (Supervision Analysis); NB-343-VI
2021_04,598063700,"National Bank Examiner (MCBS Liaison), NB-0570-VII"
2021_04,598139700,"Examination Technician (Significant Service Provider (SSP) Supervision), NB-503-IV"
2021_04,597040500,"Supervisory National Bank Examiner (Examiner-in-Charge), NB-0570-VI.2"
2021_04,599443900,"National Bank Examiner/Bank Examiner (LB Field Examiner) w/ emphasis in Operational Risk, NB-570-VI"
2021_04,599783200,ENVIRONMENTAL PROTECTION SPECIALIST
2021_04,598617300,"National Bank Examiner/Bank Examiner (LB Field Examiner) with emphasis in Compliance, NB-0570-VI"
2021_04,599720800,Plant Protection and Quarantine Officer (Plant Health Safeguarding Specialist)
2021_04,597166400,"Human Resources Specialist (Human Resources Development), NB-0201-V"
2021_04,599688200,"Examination Technician (Shared National Credit), NB-503-IV"
2021_04,599731300,Plant Protection and Quarantine Officer (Plant Health Safeguarding Specialist - Predeparture Ops)
2021_04,598369400,"NBE/BE (LB Technical Team Lead) w/emphasis in ERM/Governance, NB-570-VI.2"
2021_04,600170100,Natural Resources Specialist
2021_04,599646800,Biologist
2021_04,599038700,Information Technology Specialist-Business Relationship Manager
2021_04,598825800,"Financial Management Analyst, NB-501-V"
2021_04,600170000,Natural Resources Specialist
2021_04,598617900,"NBE/BE (LB Field Examiner) with emphasis in Safety & Soundness, NB-0570-V.2"
2021_04,597275900,Plant Protection and Quarantine Officer (Plant Health Safeguarding Specialist/Pest Identification)
2021_04,597808300,NBE/BE (LB Technical Team Lead) w/emphasis in Commercial Credit NB-0570-VI.2
2021_04,600169400,Natural Resources Specialist
2021_04,599692000,Program Analyst (Supervision Support)-NB-343-VI
2021_04,599093900,Park Ranger
2021_04,597076500,Supervisory Interdisciplinary
2021_04,599597500,Manager Submission Processing Leadership Development Program (LDP) *MSP* *NTE 1 Year*
2021_04,599403000,Manager Submission Processing Leadership Development Program (LDP) *MSP* *NTE 1 Year*
2021_04,599209900,NATURAL RESOURCES SPECIALIST
2021_04,599891200,Life Scientist/Environmental Engineer/Physical Scientist
2021_04,597790600,INTERDISCIPLINARY ENGINEER/ARCHITECT
2021_04,599484700,Supervisory General Engineer / Architect
2021_04,598875900,NATURAL RESOURCE SPECIALIST
2021_04,600108000,Supervisory Archeologist (Regional)
2021_04,599973300,Program Analyst (Supervision Analysis); NB-343-V
2021_04,597915500,"National Bank Examiner (Analyst to Assistant Deputy Comptroller), NB-0570-V Step 2"
2021_04,598391700,Animal Health Technician
2021_04,598606900,"Instructional Systems Specialist, NB-1750-V"
2021_04,599809300,Range Technician
2021_04,599997700,"NBE/BE (LB Field Examiner) with emphasis in Operational Risk, NB-0570-V.2"
2021_04,600169700,Natural Resources Specialist
2021_04,598607600,"Instructional Systems Specialist, NB-1750-V"
2021_04,597887900,Industrial Hygienist (GEMS Environment Compliance Coordinator)
2021_04,598771600,"Associate Deputy Comptroller, NB-0570-VII Step 2"
2021_04,599067700,"National Bank Examiner/Bank Examiner (Bank Information Technology Lead Expert), NB-0570-VI"
2021_04,599812100,"Human Resources Specialist (Human Resources Development), NB-0201-V"
2021_04,596744300,Plant Protection and Quarantine Officer (Plant Health Safeguarding Specialist - Predeparture Ops)
2021_04,597937600,Health Physicist
2021_04,598898500,"National Bank Examiner (Analyst to Assistant Deputy Comptroller), NB-0570-V Step 2"
2021_04,597064400,Supervisory Physical Scientist/Environmental Engineer
2021_04,598792100,ENVIRONMENT PROTECTION SPECIALIST
2021_04,597267800,"National Bank Examiner/Bank Examiner (LB Field Examiner)w/emphasis in Capital Markets, NB-0570-V/V.2"
2021_04,599626800,"NBE/BE (LB Field Examiner) with emphasis in Commercial Credit, NB-0570-V.2"
2021_04,598830100,Program Analyst (Information Systems Management)
2021_04,599646100,Plant Protection Technician (Domestic)
2021_04,600168700,NBE/BE (Technical Expert For BSA/AML and Compliance)
2021_05,600629700,"National Bank Examiner/Bank Examiner (Asset Management), NB-570-V"
2021_05,600441000,"Supervisory HR Specialist (HR Development), NB-201-VII (Temp Promotion/Detail NTE 1 Year)"
2021_05,602672200,Civil Engineer (CTAP/ICTAP)
2021_05,601892100,SUPERVISORY ENVIRONMENTAL PROTECTION SPECIALIST
2021_05,602220600,Education Specialist
2021_05,602719500,Environmentalist
2021_05,601212100,Life Scientist/Environmental Engineer/Physical Scientist
2021_05,600455600,"OCC Internship Program (Computer Science), NB-1599-II"
2021_05,601167500,Supervisory Attorney-Advisor (Assistant Director); NB-905-VII
2021_05,600629800,"National Bank Examiner/Bank Examiner (BSA/AML), NB-570-V"
2021_05,600443300,"Supervisory Instructional Systems Specialist, NB-1750-VI (Temp Promotion/Detail NTE 1 Year)"
2021_05,602946000,Supervisory Life Scientist/Environmental Engineer/Physical Scientist
2021_05,601971700,NBE/BE (Consumer Compliance Policy Specialist); NB-570-V
2021_05,602280900,Laborer
2021_05,600555600,"National Bank Examiner/Bank Examiner (Compliance), NB-570-V"
2021_05,600923900,"Supervisory Attorney-Advisor (Deputy Director, Bank Advisory), NB-905-VIII"
2021_05,602624300,Recreation Aid
2021_05,600267700,CHILD DEVELOPMENT PROGRAM ASSISTANT GSE-02/03/04
2021_05,600542000,Program Specialist
2021_05,601166300,"NBE/BE (LB Technical Team Lead) w/emphasis in ERM/Governance, NB-570-VI.2"
2021_05,600622900,Supervisory Biologist (Habitat Restoration)
2021_05,600336600,"National Bank Examiner (Field Examiner), NB-0570-V, Step 2"
2021_05,600507800,"Deputy Comptroller and Chief Accountant, NB-0510-VIII"
2021_05,601419900,"Supervisory National Bank Examiner (Examiner-in-Charge), NB-0570-VI.2"
2021_05,600990000,Natural Resources Specialist
2021_05,600667100,Program Analyst
2021_05,601047600,Realty Specialist (Generalist)
2021_05,602302400,"Information Technology Specialist, NB-2210-VI"
2021_05,601419100,"National Bank Examiner/Bank Examiner (BIT), NB-570-V Step 2"
2021_05,601972100,"NBE/BE (Consumer Compliance Policy Specialist),  NB-0570-V"
2021_05,601420100,"National Bank Examiner/Bank Examiner (Compliance), NB-0570-V step 2"
2021_05,602958800,NBE (Risk Specialist) NB-570-V
2021_05,602820400,SUPERVISORY ENGINEERING TECHNICIAN
2021_05,603077100,ADMINISTRATIVE SUPPORT ASSISTANT (MINERALS)
2021_05,601398700,Social Worker Coordinator-Community Care
2021_05,600542800,Program Specialist
2021_05,601341400,Plant Protection and Quarantine Officer (Plant Health Safeguarding Specialist - Predeparture Ops)
2021_05,600668000,Program Analyst
2021_05,600990300,Natural Resources Specialist
2021_05,600990100,Natural Resources Specialist
2021_05,602709700,"Supervisory National Bank Examiner (Deputy EIC for Supervision & Operations), NB-570-VII"
2021_05,601328400,Emergency Management Specialist (Mitigation)
2021_05,602706400,"NBE/BE (LB Field Examiner) with emphasis in Safety & Soundness, NB-0570-V"
2021_05,602002000,ADMINISTRATIVE SUPPORT ASSISTANT (MINERALS)
2021_05,600432200,Financial Analyst; NB-1160-V
2021_05,600701700,"Supervisory Program Analyst, NB-0343-VI.2"
2021_05,601420600,National Bank Examiner/Bank Examiner (Mortgage Banking) NB-0570-VI
2021_05,601418900,"National Bank Examiner/Bank Examiner (Bank Secrecy Act/Anti-Money Laundering), NB-0570-VI"
2021_05,601496600,"Supervisory NBE/BE (Large Bank Team Lead) w/emphasis Commercial Credit, NB-570-VII"
2021_05,601484300,Realty Officer
2021_05,602106900,Information Technology Program Manager (Vendor Mgmt)
2021_05,602603000,"NBE/BE (Bank Information Technology Analyst), NB-570-VI"
2021_05,601680200,"National Bank Examiner (Analyst to Assistant Deputy Comptroller), NB-0570-V Step 2"
2021_05,600963600,"National Bank Examiner/Bank Examiner (Commercial Credit), NB-0570-V, Step 2"
2021_05,599995200,Realty Officer
2021_05,602207900,National Bank Examiner/Bank Examiner (Problem Bank Specialist) NB-0570-VI
2021_05,600288800,Wildlife Refuge Manager
2021_05,600338800,"Supervisory National Bank Examiner (Examiner-In-Charge), NB-570-VII.2"
2021_05,601973000,Plant Protection and Quarantine Officer (Plant Health Safeguarding Specialist)
2021_05,602503100,"Supervisory National Bank Examiner (Team Leader), NB-0570-VI"
2021_05,601792800,Interdisciplinary (Regulatory Project Manager)
2021_05,601792900,Interdisciplinary (Regulatory Project Manager)
2021_05,602065800,ENVIRONMENTAL PROTECTION SPECIALIST
2021_05,603030000,Environmental Scientist/Physical Science/Environmental Engineer
2021_05,601668500,"Associate Deputy Comptroller, NB-0570-VII Step 2"
2021_05,602195900,Environmental Protection Specialist (Open to both U.S. Citizens and Federal Employees)
2021_05,601180600,Plant Protection Technician (Domestic)
2021_05,600729600,Plant Protection Technician (Domestic)
2021_05,601649600,Supervisory Petroleum Engineer
2021_05,602002400,ADMINISTRATIVE SUPPORT ASSISTANT (MINERALS)
2021_05,600989800,Natural Resources Specialist
2021_05,600774000,Plant Protection Technician (Domestic)
2021_05,602792100,ENVIRONMENTAL PROTECTION SPECIALIST
2021_05,602945400,Plant Protection Technician
2021_05,602578200,"National Bank Examiner (Analyst to Assistant Deputy Comptroller), NB-0570-V Step 2"
2021_05,600336500,"National Bank Examiner (Field Examiner), NB-0570-VI"
2021_05,601583300,"Human Resources Assistant, NB-203-IV"
2021_05,600706300,Environmental Engineer/Physical Scientist
2021_05,600206200,INTERDISCIPLINARY
2021_05,600463900,"National Bank Examiner/Bank Examiner (Commercial Credit Risk Specialist) NB-0570-VI, 50/50"
2021_05,601420900,"National Bank Examiner/Bank Examiner (Retail Credit), NB-0570-V step 2"
2021_05,601111900,Supv. NBE/BE (Director for International Banking); NB-0570-VII
2021_05,601195000,Industrial Hygienist / GEMS Program Coordinator
2021_05,602945000,Plant Protection Technician
2021_05,601328300,Emergency Management Specialist (Mitigation)
2021_05,600339000,"Supervisory National Bank Examiner (Examiner-In-Charge), NB-570-VII.2 (Temporary NTE 1 Year)"
2021_05,601552900,Wildlife Biologist
2021_05,600989500,Supv. NBE/BE (Director for Asset Management); NB-570-VII
2021_05,602251300,"Supervisory National Bank Examiner (Assistant Deputy Comptroller), NB-0570-VII"
2021_06,604955600,Program Analyst/NPS Liaison for Grants Programs
2021_06,604864900,Programmer/Systems Administrator
2021_06,603705900,ELECTRONICS MECHANIC
2021_06,605822100,"Associate Deputy Comptroller, NB-0570-VII Step 2 (Temporary NTE 1 year)"
2021_06,604407000,Wildlife Biologist
2021_06,606237700,Materials Handler
2021_06,602717900,Plant Protection and Quarantine Officer (Plant Health Safeguarding Specialist)
2021_06,603190000,CHILD DEVELOPMENT PROGRAM ASSISTANT GSE-02/03/04
2021_06,605222400,"Supervisory National Bank Examiner (Assistant Deputy Comptroller), NB-0570-VII"
2021_06,606036500,"NBE/BE (Sr. Lead Expert Risk Specialist) with emphasis in Capital Adequacy & Planning, NB-570-VI.2"
2021_06,604646900,Safety & Occupational Health Manager (GEMS)
2021_06,605897200,"NBE/BE (LB Technical Team Lead) w/emphasis in Capital Markets, NB-0570-VI.2"
2021_06,605546700,"Marine Transportation Specialist, GS-0301-13"
2021_06,603935200,"NBE (Analyst to Director for International Banking Supervision), NB-0570-V.2"
2021_06,604972400,"Human Resources Specialist (Staffing), NB-201-V"
2021_06,605186300,Management Analyst
2021_06,606033600,"NBE/BE (Large Bank Field Examiner) with emphasis in Compliance, NB-0570-VI"
2021_06,603734600,Lead Civil Engineer (Coastal)
2021_06,603766300,"National Bank Examiner (Analyst to the Deputy Comptroller), NB-0570-VI Step 2"
2021_06,606118200,Industrial Hygienist (Green Environmental Management/GEMs)
2021_06,605279700,Plant Protection and Quarantine Officer (Plant Health Safeguarding Specialist)
2021_06,606010000,Project Manager (Engineering)
2021_06,605353800,"National Bank Examiner/Bank Examiner (LB Bank Information Technology), NB-0570-V"
2021_06,602768500,Plant Protection and Quarantine Officer (Plant Health Safeguarding Specialist)
2021_06,603239700,"National Bank Examiner/Bank Examiner (Analyst to Deputy Comptroller-Large Banks),  NB-0570-VI.2"
2021_06,603654900,"National Bank Examiner/Bank Examiner (Analyst to Large Bank  Examiner-In-Charge), NB-570-VI"
2021_06,603724700,Engineering Technician (Civil)
2021_06,603792000,Supervisory Civil Engineer (Construction Engineer)
2021_06,603793000,Supervisory Civil Engineer (Construction Engineer)
2021_06,604082200,"Contract Specialist, NB-1102-V"
2021_06,604688000,"NBE/BE (LB Field Examiner) with emphasis in Asset Management, NB-0570-V.2"
2021_06,605110400,ENVIRONMENTAL ENGINEER
2021_06,603657900,"Supervisory NBE/BE (Large Bank Team Lead) w/emphasis ERM/Governance, NB-0570-VII"
2021_06,605190500,SECURITY ASSISTANT
2021_06,605014400,Plant Protection Technician (Domestic)
2021_06,603723200,Engineering Technician (Civil)
2021_06,604876300,General Engineer
2021_06,603989400,National Bank Examiner/Bank Examiner (Analyst to the Associate Deputy Comptroller); NB-570-VI
2021_06,602595000,Realty Officer
2021_06,603990900,"NBE/BE (Lead Expert Risk Specialist) with emphasis in BSA/AML Compliance, NB-570-VI"
2021_06,606039500,National Bank Examiner/Bank Examiner (Asset Management); NB-570-VI
2021_06,605355100,National Bank Examiner/Bank Examiner (LB Bank Information Technology) NB-570-V.2
2021_06,605757300,Plant Protection Technician (Domestic)
2021_06,606040500,"NBE/BE (Large Bank Field Examiner) with emphasis in Safety & Soundness, NB-570-VI"
2021_06,604976000,Environmental Engineer
2021_06,606167100,"National Bank Examiner/Bank Examiner (LB Field Examiner) w/emphasis in Retail Credit, NB-570-VI"
2021_06,604876500,General Engineer
2021_06,606005700,"National Bank Examiner (Analyst to Assistant Deputy Comptroller), NB-0570-V Step 2"
2021_06,605824700,Supv Natural Resources Specialist
2021_06,605929000,Fish and Wildlife Administrator
2021_06,605963600,Environmental Protection Specialist
2021_06,605929700,Fish and Wildlife Administrator
2021_06,604443300,Plant Protection and Quarantine Officer (Plant Health Safeguarding Specialist)
2021_06,603579000,Deputy Regional Realty Officer
2021_06,604623300,INTERDISCIPLINARY BIOLOGIST/ENVIRONMENTAL ENGINEER
2021_06,603517600,Biologist/General Engineer/Physical Scientist
2021_06,605107800,Life Scientist/Environmental Engineer/Physical Scientist (Senior State Lead)
2021_06,604968700,"NBE/BE (LB Field Examiner) with emphasis in Retail Credit, NB-0570-V"
2021_06,605608500,Environmental Protection Specialist (Open to both U.S. Citizens and Federal Employees)
2021_06,605657000,Industrial Hygienist (Green Environmental Management/GEMs)
2021_06,604906500,PHYSICAL SCIENTIST (ENVIRONMENTAL)
2021_06,603277900,Park Ranger (Special Use and Permits)
2021_06,602595400,Realty Officer
2021_06,605344600,"NBE/BE (LB Field Examiner) with emphasis in Capital Markets, NB-570-V.2"
2021_06,603954500,Supervisory Park Ranger (Protection) Chief Ranger
2021_06,606245200,Outdoor Recreation Planner
2021_06,605346600,"NBE/BE (LB Field Examiner) with emphasis in Safety & Soundness, NB-0570-V.2"
2021_06,603605000,"Public Affairs Specialist, NB-1035-V"
2021_06,604892800,"NBE/BE (LB Field Examiner) with emphasis in Safety & Soundness, NB-0570-V"
2021_06,604082100,"Supervisory IT Specialist (INFOSEC), NB-2210-VI"
2021_06,605154700,Plant Protection and Quarantine Officer (Plant Health Safeguarding Specialist)
2021_06,605929200,Fish and Wildlife Administrator
2021_06,605905300,Plant Protection and Quarantine Officer (Plant Health Safeguarding Specialist - Predeparture Ops)
2021_06,603195500,"Environmental Protection Specialist, GS-0028-13"
2021_06,602998800,"Supervisory National Bank Examiner, NB-570-VII"
2021_06,603388800,"National Bank Examiner (Field Examiner), NB-0570-VI"
2021_06,604313400,Interdisciplinary Geophysicist/Geologist
2021_06,602873900,Interdisciplinary Environmental Engineer/Physical Scientist
2021_06,605338900,INTERDISCIPLINARY ENVIRONMENTAL ENGINEER/PHYSICAL SCIENTIST
2021_06,603743800,Civil Engineer - Direct Hire
2021_06,604589000,"NBE/BE (LB Field Examiner) w/emphasis in Capital Markets, NB-570-VI"
2021_06,605350300,"NBE/BE (LB Field Examiner) with emphasis in Retail Credit, NB-0570-V.2"
2021_06,604661600,"Manager for Congressional Relations, NB-301-VI"
2021_06,605887300,"National Bank Examiner/Bank Examiner (Analyst to Megabank  Examiner-In-Charge), NB-570-VI.2"
2021_06,604112700,"Conference and Catering Specialist, NB-301-IV"
2021_06,605780600,Environmental Protection Specialist (Title 5)
2021_07,608128100,"NBE/BE (LB Field Examiner) w/emphasis in Bank Information Technology, NB-570-VI"
2021_07,606587800,"Temporary Supervisory National Bank Examiner (Assistant Deputy Comptroller), NB-0570-VII"
2021_07,609269800,Transmission Infrastructure Program Manager
2021_07,608797300,POWERED SUPPORT SYSTEMS MECHANIC LEADER
2021_07,609223200,Senior Biologist (Endangered Species)
2021_07,608247200,Plant Protection and Quarantine Officer (Plant Health Safeguarding Specialist)
2021_07,608476100,"Supv NBE/BE (EXCEL I Team Leader) w/emphasis in BIT, NB-570-VII (Temporary NTE 2 years)"
2021_07,606793300,"Supervisory NBE/BE (Director For District Licensing), NB-570-VII"
2021_07,607854200,Pipefitter
2021_07,608329500,Life Scientist/Physical Scientist/Environmental Engineer
2021_07,609007300,Life Scientist/Environmental Engineer/Physical Scientist
2021_07,606314100,"Supervisory National Bank Examiner (Risk and Operations Officer), NB-0570-VII (Temp NTE 6 months)"
2021_07,606187900,"Associate Deputy Comptroller, NB-0570-VII Step 2 (Temporary NTE 6 months)"
2021_07,606422200,"Honors Attorney Program, Law Clerk/Attorney, GS-0904/0905-11/12/13/14"
2021_07,606238600,Materials Handler
2021_07,608245700,Secretary (OA); NB-0318-IV
2021_07,608852100,"National Bank Examiner (Analyst to Assistant Deputy Comptroller), NB-0570-V Step 2"
2021_07,606336100,"National Bank Examiner/Bank Examiner (LB Field Examiner) with emphasis in Capital Markets, NB-0570-V"
2021_07,606895000,"National Bank Examiner/Bank Examiner (LB Asset Management),  NB-0570-VI"
2021_07,606864400,"NBE/BE (LB Field Examiner) with emphasis in Commercial Credit, NB-0570-V.2"
2021_07,607110200,Biological Scientist
2021_07,608746500,"Supervisory National Bank Examiner (Examiner-in-Charge), NB-0570-VI.2"
2021_07,608876300,"Technical Assistant, NB-0303-IV"
2021_07,608748500,"National Bank Examiner/Bank Examiner (MCBS Strategy and Resource Allocation), NB-0570-VI"
2021_07,606863300,"NBE/BE (LB Field Examiner) with emphasis in Capital Markets, NB-570-V.2"
2021_07,606650400,Customer Support and Communications Program Specialist
2021_07,608437900,Environmental Protection Specialist (Climate) - P (Open to both U.S. Citizens and Federal Employees)
2021_07,608198300,"NBE/BE (Large Bank Field Examiner) with emphasis in Compliance, NB-0570-VI"
2021_07,608556900,"National Bank Examiner/Bank Examiner MBS (Mortgage Banking/Retail Credit) Team Lead, NB-0570-VI.2"
2021_07,607475400,"National Bank Examiner (Analyst to Assistant Deputy Comptroller), NB-0570-V Step 2"
2021_07,608928700,Information Technology Specialist-Business Relationship Manager
2021_07,608572700,Environmental Engineer
2021_07,606650300,"Marine Transportation Specialist, GS-2101-13"
2021_07,607647200,"NBE/BE (LB Field Examiner) w/emphasis in Compliance, NB-0570- V"
2021_07,607093900,"Bridge Management Specialist, GS-2101-12"
2021_07,608032900,"Secretary (Office Automation), NB-0318-IV"
2021_07,607478200,Realty Officer
2021_07,608362800,Chemist (Safety Officer)
2021_07,606490500,Plant Pathologist (Staff Officer)
2021_07,608556600,Legal Instruments Examiner
2021_07,608649300,Chemist (Safety Officer)
2021_07,608773600,"Community Affairs Officer, NB-0301-VI"
2021_07,607412500,"National Bank Examiner/Bank Examiner (BIT Lead Expert Support), NB-570-V Step 2"
2021_07,609111100,"National Bank Examiner/Bank Examiner (Quality Assurance Program Examiner), NB-0570-VI"
2021_07,606307200,Management Analyst
2021_07,606315700,"NBE/BE (Sr. Lead Expert Risk Specialist) with emphasis in Capital Markets, NB-570-VI.2"
2021_07,606337700,"NBE/BE (Large Bank Technical Team Lead) w/emphasis in Operational Risk, NB-570-VI.2"
2021_07,606366800,"Supervisory IT Specialist (Director, Portfolio Management), NB-2210-VII"
2021_07,606473800,Program Analyst
2021_07,606648900,Realty Specialist (Generalist)
2021_07,606737300,Fish Biologist
2021_07,606867500,"National Bank Examiner/Bank Examiner (Analyst to the Large Bank EIC), NB-0570-V.2"
2021_07,606870500,NBE/BE (LB Technical Team Lead) w/emphasis in Commercial Credit NB-0570-VI.2
2021_07,607094500,"Bridge Management Specialist, GS-2101-12"
2021_07,607109200,Biological Scientist
2021_07,607106800,ENVIRONMENTAL PROTECTION SPECIALIST
2021_07,608399400,Chief Regulatory Branch
2021_07,608963800,INTERDISCIPLINARY ENGINEER/ARCHITECT
2021_07,606448800,Interdisciplinary (Supervisory Regulatory Project Manager) - Direct Hire
2021_07,608128700,"NBE/BE (LB Field Examiner) w/emphasis in Bank Information Technology, NB-570-VI"
2021_07,607908400,"Supervisory Accountant, NB-510-VI"
2021_07,606862400,"NBE/BE (LB Field Examiner) with emphasis in Capital Markets, NB-570-V.2"
2021_07,607325600,Marine Traffic Controller
2021_07,607448400,Information Technology Project Manager (APPSW)
2021_07,608554900,"National Bank Examiner/Bank Examiner (LB Field Examiner) w/emphasis in Commercial Credit, NB-570-VI"
2021_07,607486500,Deputy Regional Realty Officer
2021_07,608946300,Plant Protection Technician (Domestic)
2021_07,608381600,ENVIRONMENTAL PROTECTION SPECIALIST
2021_07,607435400,"NBE/BE (LB Field Examiner) w/emphasis in Compliance, NB-0570- V"
2021_07,607011500,National Bank Examiner/Bank Examiner (Director for Supervision Risk Management); NB-570-VII
2021_07,607790200,Information Technology Specialist (Appsw)
2021_07,608871000,Secretary (OA); NB-0318-IV
2021_07,607324800,Marine Traffic Controller
2021_07,607326000,Marine Traffic Controller
2021_07,608962500,Biological Scientist
2021_07,607352900,Supervisory Realty Specialist
2021_07,606376300,Mail Clerk
2021_07,608238900,"Program Analyst (Large Banks), NB-0343-VI"
2021_07,608017800,Environmental Engineer/Physical Scientist
2021_07,608756100,Environmental Engineer/Physical Scientist (State Revolving Fund (SRF) Specialist)
2021_07,607807600,Plant Protection and Quarantine Officer (Plant Health Safeguarding Specialist)
2021_07,607648400,"NBE/BE (LB Field Examiner) with emphasis in Commercial Credit, NB-0570-V"
2021_07,607653700,"Supervisory Human Resources Specialist-Payroll and Processing, NB-0201-VI"
2021_07,608760900,"Community Affairs Officer, NB-0301-VI"
2021_07,608654100,Plant Protection Technician (Domestic)
2021_07,608494300,"National Bank Examiner/Bank Examiner (LB Field Examiner) w/ emphasis in Operational Risk, NB-570-VI"
2021_07,608962800,Biological Scientist
2021_07,608556300,Legal Instruments Examiner
2021_08,612435000,"OCC Internship Program (Financial), NB-0599-III"
2021_08,611210900,POWERED SUPPORT SYSTEMS MECHANIC LEADER
2021_08,611249800,"Customer Assistance Specialist (Bilingual), NB-301-III"
2021_08,610887900,"National Bank Examiner/Bank Examiner (LB Field Examiner) w/emphasis in Operational Risk, NB-V.2"
2021_08,609474100,"Supv NBE/BE (EXCEL I Team Leader) w/emphasis in BIT, NB-570-VII (Temporary NTE 2 years)"
2021_08,609476400,"Supv NBE/BE (EXCEL I Team Leader) w/emphasis in Compliance, NB-570-VII (Temporary NTE 2 years)"
2021_08,611312000,"National Bank Examiner/Bank Examiner (LB Field Examiner) w/emphasis in Safety & Soundness, NB-0570-V"
2021_08,610732900,Supervisory Interdisciplinary
2021_08,611902200,Senior Biologist
2021_08,610435300,"Supervisory Financial Economist/Deputy Director, NB-0110-VII, Temporary Promotion/Detail NTE 2 Years"
2021_08,610998800,National Bank Examiner/Bank Examiner (LB Bank Information Technology) NB-570-V.2
2021_08,609955500,"General Engineer, GS-0801-12"
2021_08,609803900,"Supervisory Human Resources Specialist, NB-201-VII, Temporary Promotion/Detail NTE 1 Year"
2021_08,610615300,Financial Economist-NB-110-V.2
2021_08,611617800,"National Bank Examiner/Bank Examiner (LB Field Examiner) with emphasis in Capital Markets, NB-0570-V"
2021_08,612528300,FRONTLINE LEADERSHIP READINESS Tax Examining Technician * Temporary Appointment NTE 5 years* (Tax Examining Technician Management Trainee)
2021_08,611312100,"National Bank Examiner/Bank Examiner (LB Field Examiner) w/emphasis in Safety & Soundness,NB-570-V.2"
2021_08,611618000,"National Bank Examiner/Bank Examiner (LB Field Examiner) w/emphasis in Capital Markets, NB-V.2"
2021_08,611400300,Division Programs Director (Southwestern Division)
2021_08,611030300,"Supervisory Research Fish Biologist, ZP-0482-4 (Direct Hire)"
2021_08,610998900,"National Bank Examiner/Bank Examiner (LB Bank Information Technology), NB-0570-V"
2021_08,611976000,Wildlife Refuge Manager
2021_08,611205000,"Temporary Supervisory National Bank Examiner/Bank Examiner (MCBS Resource Team Mgr), NB-0570-VI.2"
2021_08,610997600,Project Manager (Architecture)
2021_08,612466700,Civil Engineer (Direct Hire)
2021_08,612412400,Plant Protection Technician (Domestic)
2021_08,610890300,"National Bank Examiner/Bank Examiner (LB Field Examiner) w/emphasis in Operational Risk, NB-0570-V"
2021_08,610916400,Plant Protection Technician (Domestic)
2021_08,611890100,Financial Analyst with emphasis in Commercial Credit; NB-1160-V
2021_08,611943900,ENVIRONMENTAL PROTECTION SPECIALIST
2021_08,609916500,"Supervisory National Bank Examiner (Assistant Deputy Comptroller), NB-0570-VII"
2021_08,612102500,Contact Representative Management Trainee *MSP*CADRE*TEMP NTE 1 YEAR MBE 5 YEARS* (Bilingual-Spanish)
2021_08,610658500,"National Bank Examiner (Analyst to Assistant Deputy Comptroller), NB-0570-V Step 2"
2021_08,609579300,"Director, Enterprise Workforce Planning, NB-301-VII"
2021_08,611847700,"Examination Technician, NB-503-IV"
2021_08,611567800,Financial Analyst with emphasis in Capital Markets; NB-1160-V
2021_08,612493500,"Human Resources Specialist (Human Resources Development), NB-201-V"
2021_08,611864000,"National Bank Examiner/Bank Examiner (LB Field Examiner) w/emphasis in Operational Risk, NB-570-VI"
2021_08,609576200,"Director, Enterprise Workforce Planning, NB-301-VII"
2021_08,610558500,"Supervisory National Bank Examiner (Quality Assurance Program Manager), NB-0570-VI.2"
2021_08,610509600,Green Environmental Management Coordinator (Industrial Hygienist)
2021_08,611671600,Supervisory Environmental Engineer
2021_08,612466800,Civil Engineer
2021_08,610092500,Plant Protection and Quarantine Officer (Plant Health Safeguarding Specialist)
2021_08,612089600,"Supervisory NBE/BE (Large Bank Team Lead) w/emphasis ERM/Governance, NB-0570-VII"
2021_08,611579900,BUILDING MANAGEMENT SPECIALIST
2021_08,609830800,National Bank Examiner/Bank Examiner (Analyst to the Associate Deputy Comptroller); NB-570-VI
2021_08,611888600,Financial Analyst with emphasis in Capital Markets; NB-1160-V
2021_08,609727700,Plant Protection and Quarantine Officer (Plant Health Safeguarding Specialist)
2021_08,611404300,Plant Protection and Quarantine Officer (Plant Health Safeguarding Specialist)
2021_08,611567500,Financial Analyst with emphasis in Capital Markets; NB-1160-V
2021_08,611569600,Financial Analyst with emphasis in Commercial Credit; NB-1160-V
2021_08,611249900,"National Bank Examiner (Analyst to Assistant Deputy Comptroller), NB-0570-V Step 2"
2021_08,610679800,National Bank Examiner (EG/ Ombudsman Analyst) NB-570-VI
2021_08,609484400,Plant Protection and Quarantine Officer (Plant Health Safeguarding Specialist - Predeparture Ops)
2021_08,611947400,Information Technology Specialist- Problem Management Specialist
2021_08,609900800,Realty Specialist (Generalist)
2021_08,611641900,Wildlife Biologist
2021_08,612088500,"Supervisory NBE/BE (Large Bank Team Lead) w/emphasis in Retail Credit, NB-0570-VII"
2021_08,611259400,"Customer Assistance Specialist (Bilingual), NB-301-III"
2021_08,610854200,Safety and Occupational Health Specialist
2021_08,610631700,Program Specialist
2021_08,609655700,"Human Resources Specialist (Classification), NB-201-V"
2021_08,610128800,"Financial Analyst, NB-1160-V"
2021_08,612037600,Interdisciplinary (Regulatory Project Manager)
2021_08,610461300,Interdisciplinary (Regulatory Project Manager)
2021_08,612049300,Interdisciplinary (Regulatory Project Manager)
2021_08,612315700,Chief Regulatory Branch
2021_08,612622700,Historian/Archaeologist
2021_08,612596600,Secretary (OA); NB-0318-IV
2021_08,609665800,Environmental Engineer/Physical Scientist/Life Scientist
2021_08,609968800,Life Scientist/Physical Scientist/Environmental Engineer
2021_08,611409900,SUPERVISORY INTERDISCIPLINARY
2021_08,610180800,SUPERVISORY INTERDISCIPLINARY
2021_08,610373000,Legal Instruments Examiner
2021_08,611058800,NBE/BE (Innovations Officer) NB-0570-VI
2021_08,612092500,Administrative Support Assistant
2021_08,612662700,Realty Specialist (Contracts Management)
2021_08,609765300,Program Analyst ZA-0343-3 (MAP)
2021_08,612314200,"NBE/BE (Sr. Lead Expert Risk Specialist) with emphasis in Capital Adequacy & Planning, NB-570-VI.2"
2021_08,610991800,Supervisory Revenue and Fee Manager
2021_08,609851400,Plant Protection Technician (Domestic)
2021_08,610153400,ENVIRONMENTAL PROTECTION SPECIALIST
2021_08,611889500,Financial Analyst with emphasis in Commercial Credit; NB-1160-V
2021_08,612617400,"Management and Program Analyst, NB-343-VI"
2021_08,610878900,Program Specialist
2021_08,610586600,Technical Assistant-NB-303-IV
2021_08,611569100,Financial Analyst with emphasis in Commercial Credit; NB-1160-V
2021_08,611887600,Financial Analyst with emphasis in Capital Markets; NB-1160-V
2021_08,612092700,Administrative Support Assistant
2021_08,610510000,Green Environmental Management Coordinator (Industrial Hygienist)
2021_08,609765200,Program Analyst ZA-0343-3 (DE/CR)
2021_08,609868200,Industrial Hygienist (GEMS Coordinator)
2021_08,609792400,"Senior Personnel Psychologist, NB-0180-VI"
2021_08,610307600,Legal Instruments Examiner
2021_09,614157400,Hazardous Material/Waste Coordinator
2021_09,614619200,"NBE/BE (LB Field Examiner) with emphasis in Retail Credit, NB-0570-V"
2021_09,615460900,"National Bank Examiner/Bank Examiner (LB Field Examiner) with emphasis in Compliance, NB-570-V.2"
2021_09,615276400,"NBE/BE (LB Field Examiner) with emphasis in BSA/AML, NB-0570-V.2"
2021_09,615972100,General Attorney
2021_09,616087900,"National Bank Examiner/Bank Examiner (Senior Licensing Analyst), NB-0570-VI"
2021_09,613058200,Lead Recreation Specialist (OAP Mountain Ops)
2021_09,615971100,General Attorney
2021_09,615928600,"Supervisory Training Specialist, NB-1712-VI (Temp Promotion/Detail NTE 1 Year)"
2021_09,615276200,"NBE/BE (LB Field Examiner) with emphasis in BSA/AML, NB-0570-V"
2021_09,615910700,"Temporary National Bank Examiner/Bank Examiner (Capital Markets Lead Expert), NB-0570-VI"
2021_09,614431900,Computer Scientist-Cybersecurity
2021_09,613744700,"Senior Financial Economist, NB-0110-VI"
2021_09,615508100,Systems Support Specialist
2021_09,614619700,"NBE/BE (LB Field Examiner) with emphasis in Retail Credit, NB-0570-V.2"
2021_09,614769500,"Financial Analyst (Data Scientist), NB-1160-VI (Temporary NTE 1 Year)"
2021_09,615830500,Attorney Advisor
2021_09,615460400,"National Bank Examiner/Bank Examiner(LB Field Examiner) with emphasis in Asset Management, NB-0570-V"
2021_09,615460600,"National Bank Examiner/Bank Examiner (LB Field Examiner) with emphasis in Compliance, NB-0570-V"
2021_09,614372900,Environmental Engineer/Physical Scientist/Life Scientist
2021_09,614887500,Case Administrator
2021_09,615909200,"National Bank Examiner/Bank Examiner (Senior Licensing Analyst), NB-0570-VI"
2021_09,614434500,"Information Technology Specialist (INFOSEC), NB-2210-V"
2021_09,615742600,COMMUNICATIONS COMPUTER SYSTEMS SPECIALIST
2021_09,613178600,Assistant National Bank Examiner
2021_09,614154000,"Temporary Supervisory National Bank Examiner (Assistant Deputy Comptroller), NB-0570-VII"
2021_09,614528000,"NBE/BE (LB Field Examiner) with emphasis in Commercial Credit, NB-0570-V.2"
2021_09,614769800,"Financial Analyst (Data Scientist), NB-1160-VI (Temporary NTE 1 Year)"
2021_09,615279200,Deputy Director Training and Readiness
2021_09,615460000,"National Bank Examiner/Bank Examiner(LB Field Examiner)with emphasis in Asset Management,NB-0570-V.2"
2021_09,615414300,"Senior Instructional Systems Designer, NB-1750-VI (Temporary NTE 1 Year)"
2021_09,614526100,"NBE/BE (LB Field Examiner) with emphasis in Commercial Credit, NB-0570-V"
2021_09,613430900,"Supervisory National Bank Examiner (Team Leader), NB-0570-VI"
2021_09,615783200,Writer-Editor NB-1082-V
2021_09,613783500,Petroleum Engineer
2021_09,613474500,Plant Protection Technician (Domestic)
2021_09,615501000,"NBE/BE (LB Technical Team Lead), NB-0570-VI.2"
2021_09,613660600,Plant Protection and Quarantine Officer (Plant Health Safeguarding Specialist)
2021_09,614707100,Realty Series
2021_09,614016700,National Bank Examiner/Bank Examiner (BSA/AML Lead Expert)
2021_09,613183700,Industrial Hygienist (GEMS)
2021_09,615657300,Environmental Engineer
2021_09,612694100,"Waterways Management Specialist, GS-2101-13"
2021_09,613369700,Information Technology Specialist Program Manager(Enterprise Strategy)
2021_09,614416200,"Program Analyst (Information Systems Management), NB-0343-V"
2021_09,615542400,Program Support Assistant
2021_09,615000700,Senior Analyst (Deputy Director)
2021_09,612920300,"Supervisory Accountant, NB-510-VI"
2021_09,614997100,Senior Analyst (Deputy Director)
2021_09,615692900,Program Analyst (Supervision Support); NB-0343-VI
2021_09,616041000,"NBE/BE (Payments Risk Analyst), NB-0570-06"
2021_09,614392800,NBE/BE(Retail Credit Risk Specialist)-NB-570-6
2021_09,615683500,Environmental Protection Specialist (Open to both U.S. Citizens and Federal Employees)
2021_09,614681800,Plant Protection Technician (Domestic)
2021_09,614168700,"Congressional Affairs Specialist, NB-301-V"
2021_09,613605400,Paralegal Specialist
2021_09,614842000,Program Analyst
2021_09,613228800,Realty Specialist (Generalist)
2021_09,613783400,Petroleum Engineer
2021_09,612997700,"Supervisory National Bank Examiner (Examiner-in-Charge), NB-0570-VI.2"
2021_09,613247000,NBE/BE(Core Policy Analyst); NB-570-V
2021_09,615417200,"Senior Instructional Systems Designer, NB-1750-VI"
2021_09,612815400,Environmental Protection Specialist
2021_09,612856800,"Instructional Systems Specialist, NB-1750-V"
2021_09,614475600,Supervisory Revenue and Fee Manager
2021_09,613602400,Deputy Regional Realty Officer
2021_09,614166200,"Congressional Affairs Specialist, NB-301-V"
2021_09,613400700,"Supervisory National Bank Examiner (Assistant Deputy Comptroller), NB-0570-VII"
2021_09,613693400,"Information Technology Specialist (Network Services), NB-2210-VI"
2021_09,614414300,"Program Analyst (Information Systems Management), NB-0343-V"
2021_09,614902900,Interdisciplinary - Regulatory Project Manager
2021_09,615818500,"National Bank Examiner (Analyst to Assistant Deputy Comptroller), NB-0570-V Step 2"
2021_09,614421700,INTERDISCIPLINARY NATURAL RESOURCE SPECIALIST/ ENVIRONMENTAL ENGINEER/ PHYSICAL SCIENTIST
2021_09,615955800,Life Scientist / Environmental Engineer / Physical Scientist (Permit Specialist)
2021_09,613990700,Interdisciplinary
2021_09,613763500,Plant Protection Technician (Domestic)
2021_09,614060400,National Bank Examiner/Bank Examiner (Capital Markets) NB-0570-VI
2021_09,612817200,"NBE/BE (Large Bank Field Examiner) with emphasis in Compliance, NB-0570-VI"
2021_09,613252900,"Financial Management Analyst, NB-501-V"
2021_09,615293900,"National Bank Examiner/Bank Examiner (Licensing Analyst), NB-0570-V"
2021_09,614842100,Program Analyst
2021_09,615520400,"NBE/BE (LB Technical Team Lead) w/emphasis in Capital Markets, NB-0570-VI.2"
2021_09,613428100,Plant Protection Technician (Domestic)
2021_09,615195800,Human Resources Assistant
2021_09,615684700,Environmental Protection Specialist (Open to FHWA Employees with Status - ADL)
2021_09,615692000,Program Analyst (Supervision Support); NB-0343-VI
2021_09,616088600,"National Bank Examiner/Bank Examiner (Senior Licensing Analyst), NB-0570-VI"
2021_09,616094200,"Community Relations & Minority Affairs Program Manager, NB-301-VI"
2021_09,615784400,National Bank Examiner (EG/ Ombudsman Analyst) NB-570-VI
2021_09,615987900,"National Bank Examiner/ Bank Examiner (Program Manager CECL/ALLL), NB-570-VI.2"
2021_09,615888100,TRANSPORTATION SPECIALIST (FLEET MANAGEMENT)
2021_09,612813700,Environmental Protection Specialist
2021_09,615518900,"NBE/BE (LB Technical Team Lead) w/emphasis in Capital Markets, NB-0570-VI.2"
2021_09,615423600,"Senior Instructional Systems Designer, NB-1750-VI"
2021_09,612858400,"Instructional Systems Specialist, NB-1750-V"
2021_09,614765100,Permits Assistant
2021_09,616041500,"NBE/BE (Payments Risk Analyst), NB-0570-06"
2021_09,614090200,Realty Officer
2021_09,613650200,Interdisciplinary Mining Engineer/Geologist
2021_09,616011500,NBE/BE (Senior Core Policy Analyst); NB-570-VI.2
2021_09,615475400,Environmental Protection Specialist
2021_09,613001200,SECURITY ASSISTANT
2021_09,613353300,"Lead Management Systems & Data Analyst, NB-501-VI"
2021_09,612742900,Environmental Protection Specialist (Open to both U.S. Citizens and Federal Employees)
2021_09,613606500,Paralegal Specialist
2021_09,613754000,Realty Specialist (Generalist)
2021_09,614388400,SUPERVISORY ENVIRONMENTAL PROTECTION SPECIALIST
2021_09,614316300,Plant Protection Technician (Domestic)
2021_09,614503300,Environmental Protection Specialist (Title 5)
2021_09,613263500,Wildlife Biologist
2021_10,616160500,"Temporary Supervisory National Bank Examiner (Assistant Deputy Comptroller), NB-0570-VII"
2021_10,616208600,Materials Handler
2021_10,616209800,Materials Handler
2021_10,619260800,Attorney-Adviser (General)
2021_10,617815800,"Supervisory National Bank Examiner (Examiner-In-Charge), NB-0570-7 Step 2 Temporary NTE 1 Year"
2021_10,617806200,"Attorney-Advisor (General), NB-0905-VI.2"
2021_10,619410800,"Attorney-Advisor (General), NB-0905-VI.2"
2021_10,617102200,Legal Instruments Examiner
2021_10,619535600,Administrative Support Assistant
2021_10,617811200,Physical Scientist/ Life Scientist
2021_10,616641100,"Attorney-Advisor (General), NB-0905-VI"
2021_10,618111500,"Attorney-Advisor (General), NB-0905-VI.2"
2021_10,617094300,"Honors Attorney Program, Law Clerk/Attorney, GS-0904/0905-11/12/13/14"
2021_10,619412900,"Attorney-Advisor (General), NB-0905-VI.2"
2021_10,618469200,Environmental Planner
2021_10,619121100,Pipefitter
2021_10,617807500,Physical Scientist/ Life Scientist
2021_10,617596800,"General Engineer, GS-0801-12/13"
2021_10,616498000,"Attorney-Advisor (General), NB-0905-VI"
2021_10,617338800,Quality Review Specialist
2021_10,619367400,"Management and Program Analyst, NB-343-V"
2021_10,619277600,Administrative Officer
2021_10,617279400,"NBE/BE (LB Field Examiner) w/emphasis in Compliance, NB-0570-5"
2021_10,616464500,Environmental Protection Manager
2021_10,617155400,"Petroleum Engineer (Drilling), GS-881-13"
2021_10,617775800,"NBE/BE (LB Field Examiner) w/ BIT, NB-570-VI"
2021_10,617919800,Environmental Engineer
2021_10,619397800,Deputy Comptroller and Chief Accountant
2021_10,619511600,NBE/BE (Technical Expert - Capital Policy)-NB-570-7
2021_10,615674600,Environmental Protection Specialist
2021_10,619256000,Assistant Field Manager (Minerals and Lands)
2021_10,617428000,REALTY SPECIALIST (GENERALIST)
2021_10,617235200,"NBE/BE (LB Field Examiner) w/emphasis in Ops Risk, NB-0570-6"
2021_10,618305200,Deputy Comptroller for Supervision Systems and Analytical Support NB-0570-VIII
2021_10,618995600,"Examination Technician, NB-503-3"
2021_10,617208800,"Technical Assistant, NB-0303-IV"
2021_10,619402200,Deputy Comptroller and Chief Accountant
2021_10,616350900,Realty Specialist (Generalist)
2021_10,617333600,Renewable Energy Specialist (Safety)
2021_10,619275200,Supervisory IT Specialist (Desktop Engineering & Support)
2021_10,617155600,"Petroleum Engineer (Drilling), GS-881-13"
2021_10,619313800,"Temporary National Bank Examiner (Senior Program Administrator) (FFIEC), NB-570-6"
2021_10,617352800,"Human Resources Specialist (Staffing), NB-0201-V"
2021_10,619313600,National Bank Examiner/Bank Examiner (Mortgage Banking) NB-570-6
2021_10,619504600,NBE/BE (Technical Expert - Capital Policy)-NB-570-7
2021_10,617430800,Community Development Expert-NB-301-6
2021_10,617771500,"NBE/BE (LB Field Examiner) w/ Ops Risk, NB-570-V"
2021_10,617067900,NBE-BE (Director Retail Credit Risk)-NB-570-7
2021_10,617100600,Program Analyst (Supervision Support)
2021_10,618091100,Deputy Comptroller and Chief Accountant
2021_10,617301700,Environmental Protection Specialist
2021_10,617973900,Realty Specialist (Generalist)
2021_10,617095100,Supervisory National Bank Examiner (Team Leader)
2021_10,618770200,Park Ranger (General)
2021_10,617897800,NBE/BE (Large Bank Technical Team Lead) with emphasis in Operational Risk NB-0570-VI.2
2021_10,615909400,Revenue and Fee Business Manager
2021_10,617779800,"NBE/BE (LB Field Examiner) w/ Retail Credit, NB-570-VI"
2021_10,616232100,Plant Protection and Quarantine Officer (Plant Health Safeguarding Specialist)
2021_10,619267800,Plant Protection Technician (Domestic)
2021_10,619285200,NBE/BE (Significant Service Provider/Central Point of Contact) NB-0570-6.2
2021_10,619178900,Project Manager
2021_10,619581100,Environmental Protection Specialist
2021_10,617806100,"NBE/BE (LB Field Examiner) w/ BIT, NB-570-VI"
2021_10,616405900,"NBE/BE(LB Technical Team Lead) ERM/Governance, NB-0570-6 Step 2"
2021_10,619178800,Project Manager
2021_10,615835400,Environmental Protection Manager
2021_10,617339000,Quality Review Specialist
2021_10,617494200,"National Bank Examiner/Bank Examiner (Consumer Compliance Policy Specialist), NB-570-6"
2021_10,618017600,Environmental Engineer/Physical Scientist/Life Scientist
2021_10,616268100,Life Scientist/Environmental Engineer/Physical Scientist
2021_10,618018000,Environmental Engineer/Physical Scientist/Life Scientist
2021_10,616542400,Plant Protection Technician
2021_10,617430600,Community Development Expert-NB-301-6
2021_10,617207900,"Licensing Specialist, NB-0301-IV"
2021_10,617224400,COMMUNITY PLANNER
2021_10,617279200,"NBE/BE (LB Field Examiner) w/emphasis in Compliance, NB-0570-5 Step 2"
2021_10,616179500,"National Bank Examiner/Bank Examiner (BSA/AML Reform Program Mgr & Infosec Officer), NB-0570-VI.2"
2021_10,616753000,Environmental Protection Specialist
2021_10,617984800,ENVIRONMENTAL PROTECTION SPECIALIST (MI 127th CE)
2021_10,618508900,"Supervisory NBE/BE (LB Team Lead) w/emphasis in Commercial Credit, NB-0570-7"
2021_10,619083000,"Supervisory NBE/BE (LB Team Lead) w/Compliance, NB-570-VII"
2021_10,618508800,"Supervisory NBE/BE (LB Team Lead) with emphasis in ERM/Governance, NB-0570-VII"
2021_10,617494800,National Bank Examiner/Bank Examiner (Consumer Compliance Policy Specialist) NB-570-6
2021_10,617395400,"Supervisory National Bank Examiner (Team Leader), NB-570-6"
2021_10,616376600,ENVIRONMENTAL PROTECTION SPECIALIST
2021_10,617351000,NBE/BE (Large Banks Field Examiner) with emphasis in Capital Markets NB-0570-VI
2021_10,616353900,Assistant Hospital Housekeeping Officer
2021_10,619313400,National Bank Examiner/Bank Examiner (Capital Markets) NB-570-6
2021_10,618091700,Deputy Comptroller and Chief Accountant
2021_11,620726500,Physical Science Technician
2021_11,620597600,Physical Science Technician
2021_11,621690300,Materials Handler
2021_11,623324700,Environmental Engineer
2021_11,621449400,INTERDISCIPLINARY- ENVIRONMENTAL ENGINEER OR PHYSICAL SCIENTIST
2021_11,621095600,Planning and Land Resources Supervisor
2021_11,624100400,"Attorney-Advisor (General), NB-0905-VI"
2021_11,622417700,Supervisory IT Specialist (INFOSEC)
2021_11,622390700,CLINICAL COUNSELOR NF4
2021_11,622065200,Financial Economist 5.2
2021_11,622503900,"NBE/BE (LB Technical Team Lead) with emphasis in Compliance, NB-0570-VI Step 2 (Temp NTE 1 YR)"
2021_11,622458000,Life Scientist/Physical Scientist/Environmental Engineer
2021_11,623092200,Life Scientist/Physical Scientist/Environmental Engineer (OSC/RPM)
2021_11,622385500,"Temporary Supervisory National Bank Examiner (Team Leader), NB-0570-6"
2021_11,623129200,Lead Recreation Specialist (OAP Mountain Ops)
2021_11,621198600,Supervisory Civil Engineer
2021_11,622436700,Environmental Protection Spec (GEMS)
2021_11,620620700,Physical Science Technician
2021_11,619881500,"SupvyNBE/BE(EXCEL I Team Leader) w/emphasis in Commercial Credit, NB-570-VII (Temporary NTE 2 Yrs)"
2021_11,620195200,Gulf of Mexico Regional Director
2021_11,620225200,"Biologist, ZP-0401-3 (Direct Hire)"
2021_11,619741700,INTERDISCIPLINARY ENVIRONMENTAL ENGINEER/PHYSICAL SCIENTIST
2021_11,620145900,Attorney-Adviser (General)
2021_11,622851500,Industrial Hygienist
2021_11,621519800,"Supervisory National Bank Examiner (Examiner-In-Charge), NB-0570-7 Step 2"
2021_11,619848500,ALCOHOL & TOBACCO TAX & PERMIT TECHNICIAN
2021_11,621716000,"Supervisory Realty Specialist, NB-1170-VI"
2021_11,624410000,Environmental Protection Specialist (Open to both U.S. Citizens and Federal Employees)
2021_11,619976900,Plant Protection Technician (Domestic)
2021_11,622672800,NBE/BE (Risk Expert - Capital) - NB-570-6
2021_11,619741100,Realty Specialist (Leasing)
2021_11,622388500,"Supervisory National Bank Examiner (Team Leader), NB-0570-6"
2021_11,620786300,National Bank Examiner/Bank Examiner (Senior International Advisor)
2021_11,623317100,ALCOHOL & TOBACCO TAX & PERMIT TECHNICIAN
2021_11,621012500,Environmental Protection Specialist
2021_11,619854600,ALCOHOL & TOBACCO TAX & PERMIT TECHNICIAN
2021_11,622280000,National Bank Examiner (Analyst to MBS Examiner-in-Charge) NB-570-5 Step 2
2021_11,623897800,"Supervisory National Bank Examiner (Team Leader), NB-0570-6"
2021_11,624209400,Civil Engineer
2021_11,620419000,Program Specialist
2021_11,622529500,"National Bank Examiner/Bank Examiner (Capital Markets),NB-570-6"
2021_11,620439100,Realty Specialist (Generalist)
2021_11,620604700,"Associate Deputy Comptroller, NB-0570-7 Step 2"
2021_11,622463100,"Examination Technician, NB-503-3"
2021_11,620841800,Quality Review Specialist
2021_11,620973700,Plant Protection Technician
2021_11,621827700,Deputy Regional Realty Officer
2021_11,622341900,"National Bank Examiner/Bank Examiner (Bank Information Technology),NB-570-6"
2021_11,623410900,Environmental Engineer
2021_11,620120100,Auditor (Financial)
2021_11,622729600,National Bank Examiner (Analyst to Assistant Deputy Comptroller) NB-0570-V.2
2021_11,622965100,"Administrative Assistant (OA), NB-0303-3"
2021_11,623112400,ENVIRONMENTAL PROTECTION SPECIALIST - TITLE 5
2021_11,621373300,"NBE/BE (LB Technical Team Lead) with emphasis in Retail Credit, NB-0570-VI Step 2"
2021_11,622708300,"Lead Medical Technologist (Molecular, MN)"
2021_11,619871500,Animal Health Technician
2021_11,623122300,Environmental Protection Specialist
2021_11,623039800,Plant Protection and Quarantine Officer (Plant Health Safeguarding Specialist)
2021_11,619497600,Administrative Assistant (OA)
2021_11,621015200,"Program Specialist, NB-301-V"
2021_11,620533400,Realty Specialist (Contracts Management)
2021_11,620327300,National Bank Examiner/Bank Examiner Technical Expert for CRA/FL
2021_11,623320100,ALCOHOL & TOBACCO TAX & PERMIT TECHNICIAN
2021_11,620918800,Supv. NBE/BE (Director for Asset Management)-NB-570-7
2021_11,622707600,Lead Medical Technologist (Microbiology)
2021_11,622708800,Lead Medical Technologist (Chem/Central Receiving)
2021_11,621099100,"NBE/BE (Sr Lead Expert Risk Specialist) with emphasis in Commercial Credit, NB-0570-VI.2"
2021_11,620329200,Plant Protection Technician (Domestic)
2021_11,622673000,NBE/BE (Risk Expert - Capital) - NB-570-6
2021_11,622178200,Supervisory Interdisciplinary
2021_11,621634500,INTERDISCIPLINARY
2021_11,623216900,Interdisciplinary Regulatory Project Manager - DIRECT HIRE
2021_11,623217200,Interdisciplinary Regulatory Project Manager
2021_11,622342200,Supervisory Interdisciplinary
2021_11,623724800,Historian / Archaeologist
2021_11,624144800,Civil Engineer
2021_11,620676500,"Administrative Assistant (OA), NB-303-III"
2021_11,623275900,Industrial Hygienist
2021_11,624145800,Civil Engineer
2021_11,622996000,Environmental Engineer/Physical Scientist/Life Scientist
2021_11,623816600,Life Scientist/Environmental Engineer/Physical Scientist (Senior Permit Specialist)
2021_11,622908000,Interdisciplinary
2021_11,622713600,Environmental Engineer/Physical Scientist/Life Scientist/Geologist/Toxicologist
2021_11,623903000,"Supervisory National Bank Examiner (Team Leader), NB-0570-6"
2021_11,619897300,"NBE/BE (LB Field Examiner) with emphasis in Compliance, NB-0570-V"
2021_11,620314300,National Bank Examiner/Bank Examiner Technical Expert for CRA/FL
2021_11,624335600,Environmental Protection Specialist (GEMS Program Manager)
2021_11,619889600,"NBE/BE (LB Field Examiner) with emphasis in Compliance, NB-0570-V Step 2"
2021_11,621453500,"Administrative Officer (District Operations Manager), NB-341-5"
2021_11,619433300,"NBE/BE (LB FE) with emphasis in Compliance, NB-0570-VI"
2021_11,622709400,"Lead Medical Technologist (Blood Bank, Hematology)"
2021_11,619895400,"NBE/BE (LB Bank Information Technology), NB-0570-V Step 2"
2021_11,621744600,"NBE/BE (LB Technical Team Lead) with emphasis in Compliance, NB-0570-VI Step 2"
2021_11,623849100,Plant Protection and Quarantine Officer (Plant Health Safeguarding Specialist - Predeparture Ops)
2021_11,619893400,"NBE/BE (LB Bank Information Technology), NB-0570-V"
2021_11,622393100,"Supervisory National Bank Examiner (Team Leader), NB-0570-6"
2021_11,624500200,Industrial Hygienist (GEMS)
2021_11,623091600,Environmental Engineer
2021_11,620239700,"Administrative Assistant (OA), NB-0303-III"
2021_11,622411700,Program Analyst
2021_11,620120200,Auditor (Financial)
2021_12,626475400,Lead Visitor Services Assistant (Backcountry/AIS)
2021_12,628263000,Plant Protection Technician (Domestic)
2021_12,627216500,Life Scientist/Physical Scientist/Environmental Engineer
2021_12,627612100,Life Scientist/Environmental Engineer/Physical Scientist (Senior Permit Specialist)
2021_12,628569400,Systems and Network Administrator
2021_12,625723400,Life Scientist/Environmental Engineer/Physical Scientist (Permit Specialist)
2021_12,628074400,Supervisory Visitor Services Assistant (Backcountry Permits)
2021_12,628564400,Life Scientist/Environmental Engineer/Physical Scientist (Senior Surface Water Quality Specialist)
2021_12,626601700,Materials Handler
2021_12,628003400,Attorney-Advisor (General)
2021_12,628048100,"Supervisory Contract Specialist, MC-1102-2C"
2021_12,628200900,DIRECTOR LOGISTICS NF5
2021_12,628024200,Life Scientist/Physical Scientist/Environmental Engineer
2021_12,626006000,Project Manager (Transportation)
2021_12,621904600,Recreation Fee Clerk/Technician
2021_12,624684400,"Supervisory National Bank Examiner (EIC), NB-0570-7 Step 2 (Temporary NTE 1 Year)"
2021_12,624587300,"Director, Financial Management Systems Group"
2021_12,619600500,Environmental Engineer
2021_12,626600700,Plant Protection and Quarantine Officer (Plant Health Safeguarding Specialist - Predeparture Ops)
2021_12,624729400,Community Planner
2021_12,628160000,Plant Protection and Quarantine Officer (Plant Health Safeguarding Specialist - Predeparture Ops)
2021_12,625688500,Plant Protection and Quarantine Officer (Plant Health Safeguarding Specialist)
2021_12,628039500,Realty Specialist (Generalist)
2021_12,627959700,Plant Protection and Quarantine Officer (Canine Handler)
2021_12,626250700,IT Specialist (APPSW/INET)
2021_12,624693600,Environmental Protection Specialist (Title V Petitions National Expert)
2021_12,627560400,"NBE/BE (Large Bank Field Examiner) with emphasis in Compliance, NB-0570-V.2"
2021_12,625736100,Supervisory Engineering Technician
2021_12,626582500,Auditor (Financial)
2021_12,629122500,Mail Clerk
2021_12,625154400,Safety & Occupational Health Manager
2021_12,628420900,"NBE/BE (LB Field Examiner) w/emphasis in BIT, NB-570-V.2"
2021_12,628089000,Geologist (Geomorphology)
2021_12,629151300,Petroleum Engineer
2021_12,628049400,Plant Protection and Quarantine Officer (Plant Health Safeguarding Specialist)
2021_12,626581600,Auditor (Financial)
2021_12,629122100,Mail Clerk
2021_12,626174400,Civil Engineer
2021_12,625737000,Supervisory Engineering Technician
2021_12,628071500,Fish and Wildlife Administrator
2021_12,624932300,Revenue and Fee Business Manager
2021_12,627513700,Fish and Wildlife Administrator
2021_12,628602200,Supervisory Visitor Services Assistant (Backcountry Permits)
2021_12,628308100,Supervisory Biologist
2021_12,625419900,Fish and Wildlife Administrator
2021_12,627409800,Realty Officer
2021_12,627109800,Realty Specialist
2021_12,625482300,Wildlife Biologist
2021_12,628086400,Geologist (Geomorphology)
2021_12,628190900,"Financial Management Analyst, NB-501-V"
2021_12,626253900,"Search and Rescue Program Manager, GS-0301-13"
2021_12,625243600,Revenue and Fee Program Manager
2021_12,628245800,Environmental Protection Specialist (GEMS Coordinator)
2021_12,627755300,FIRE PROTECTION SPECIALIST
2021_12,628069800,Fish and Wildlife Administrator
2021_12,626205900,Financial Analyst
2021_12,627031300,Wildlife Biologist
2021_12,624717300,Environmental Protection Specialist (Open to both U.S. Citizens and Federal Employees)
2021_12,624818300,Environmental Engineer/Physical Scientist/Life Scientist
2021_12,628467200,Environmental Engineer/Physical Scientist/Life Scientist
2021_12,628752300,Life Scientist/Environmental Engineer/Physical Scientist (Senior State Lead)
2021_12,626534900,INTERDISCIPLINARY
2021_12,627147600,NBE/BE (Large Bank Field Examiner) with emphasis in Operational Risk
2021_12,624975900,Realty Specialist (Generalist)
2021_12,626452000,Chief Engineering and Technical Review Branch
2021_12,628829700,"NBE/BE (Large Bank Field Examiner) with emphasis in Retail Credit, NB-570-VI"
2021_12,626254700,IT Specialist (APPSW/INET)
2021_12,627049000,Plant Protection and Quarantine Officer (Plant Health Safeguarding Specialist)
2021_12,624728900,IT Specialist (APPSW)
2021_12,625421400,Fish and Wildlife Administrator
2021_12,624727200,Plant Protection and Quarantine Officer (Plant Health Safeguarding Specialist - Predeparture Ops)
2021_12,625277800,"Financial Analyst with emphasis in Commercial Credit, NB-1160-V"
2021_12,626816600,Wildlife Biologist
2021_12,624141100,"Environmental Protection Specialist, ZA-0028-3 (MAP)"
2021_12,627553800,"NBE/BE (Large Bank Field Examiner) with emphasis in Capital Markets, NB-0570-VI"
2021_12,624807400,Fish and Wildlife Resources Specialist
2021_12,625277700,"Financial Analyst with emphasis in Commercial Credit, NB-1160-V"
2021_12,627018200,FIRE PROTECTION SPECIALIST
2021_12,624731300,Community Planner
2021_12,625169100,Plant Protection and Quarantine Officer (Plant Health Safeguarding Specialist - Predeparture Ops)
2021_12,625395300,Plant Protection and Quarantine Officer (Plant Health Safeguarding Specialist)
2021_12,625378000,Environmental Protection Specialist
2021_12,625486700,Environmental Protection Specialist
2021_12,625688200,Environmental Protection Specialist
2021_12,625689200,Environmental Protection Specialist
2021_12,626450600,Chief Engineering and Technical Review Branch
2021_12,626599300,Supervisory Civil Engineer (Construction Engineer)
2021_12,628056900,Environmental Engineer/Physical Scientist
2021_12,626570600,Interdisciplinary Civil Engineer - Physical Scientist (Environmental)
2021_12,627793000,"Contract Specialist, NB-1102-V"
2021_12,626729900,"IT Specialist (ENTARCH), NB-2210-VI"
2021_12,626902000,Administrative Assistant (OA)
2021_12,626684200,"Program Analyst, NB-0343-VI"
2021_12,628832500,"Supervisory NBE/BE (LB Team Lead) w/emphasis in BIT, NB-0570-VII"
2021_12,625930300,Biologist
2022_01,630443600,"Secretary (OA), NB-0318-4 (Temporary NTE 6 Months)"
2022_01,632343100,"Attorney-Advisor (General), NB-0905-VI.2"
2022_01,629620300,ELECTRONICS MECHANIC
2022_01,629177000,Student Trainee (Accounting)
2022_01,631053500,"Attorney-Advisor, NB-0905-VI"
2022_01,630420500,"National Bank Examiner (Analyst to ADC), NB-570-5, Step 2 (Temporary NTE 6 months)"
2022_01,631054000,"Attorney-Advisor, NB-0905-VI"
2022_01,630583600,Supervisory Fish & Wildlife Biologist
2022_01,631998700,"Senior Director (Energy), MC-301-2D"
2022_01,631671500,Attorney-Adviser
2022_01,632550600,Infrastructure Project Advisor
2022_01,633436200,"Supervisory National Bank Examiner (Assistant Deputy Comptroller), NB-570-7"
2022_01,633371400,Realty Specialist (Generalist)
2022_01,629754000,"Supervisory National Bank Examiner (Assistant Deputy Comptroller), NB-0570-7"
2022_01,629152500,Plant Protection Technician (Domestic)
2022_01,629799800,"Supervisory Human Resources Specialist, NB-201-VI"
2022_01,629956900,"National Bank Examiner (Analyst to ADC), NB-570-5, Step 2"
2022_01,633436700,"National Bank Examiner (Analyst to MBS Examiner-in-Charge), NB-0570-5 Step 2"
2022_01,631027000,"National Bank Examiner/Bank Examiner (Commercial Credit), NB-570-6"
2022_01,633333500,"NBE/BE (LB Technical Team Lead) with emphasis in Compliance, NB-0570-6 Step 2"
2022_01,629568900,Environmental Protection Specialist (Project Manager)
2022_01,633638500,"Assistant National Bank Examiner, NB-0570-3"
2022_01,630584300,"National Bank Examiner (Field Examiner), NB-570-6"
2022_01,631335600,"National Bank Examiner/Bank Examiner (Innovation Officer), NB-0570-VI"
2022_01,629548200,Legal Instruments Examiner
2022_01,629584100,Administrative Officer
2022_01,632199100,"NBE/BE (LB FE) w/emphasis in Bank Information Technology, NB-570-VI"
2022_01,632787200,"NBE/BE (LB Field Examiner) with emphasis in Commercial Credit, NB-0570-5 Step 2"
2022_01,630980000,"Management and Program Analyst, NB-343-VI"
2022_01,629478800,"Supervisory NBE/BE (Director for District Licensing), NB-0570-VII"
2022_01,630612700,"National Bank Examiner/Bank Examiner (BIT), NB-570-5"
2022_01,630483300,Environmental Protection Specialist
2022_01,631875500,"Administrative Assistant (OA), NB-0303-3"
2022_01,630694500,NBE-BE Market Risk Specialist NB-570-6
2022_01,633249100,FIRE PROTECTION SPECIALIST
2022_01,633273200,Industrial Hygienist GEMS
2022_01,632099300,"Examination Technician, NB-0503-IV"
2022_01,629249800,Supervisory Park Ranger (I)
2022_01,633665200,Plant Protection Technician (Domestic)
2022_01,630029100,"National Bank Examiner/Bank Examiner (Analyst to LB EIC), NB-0570-5"
2022_01,632114800,"NBE/BE (LB Field Examiner) with emphasis in Commercial Credit, NB-0570-5"
2022_01,632552200,"Industrial Hygienist, Green Environmental Management System Coordinator"
2022_01,633220700,Park Ranger (River Patrol)
2022_01,633820500,"NBE/BE (LB Field Examiner) w/emphasis in Safety & Soundness, NB-570-V.2"
2022_01,633223600,"Administrative Assistant (Office Automation), NB-0303-III"
2022_01,632563800,"National Bank Examiner (International Banking Supervision Field Examiner), NB-0570-V.2"
2022_01,629638500,"Supervisory National Bank Examiner (Examiner-in-Charge),NB-570-6.2"
2022_01,631122700,Natural Resource Specialist (Sage Grouse Project Manager)
2022_01,632762700,"Personnel Psychologist, NB-0180-V"
2022_01,629107400,Environmental Protection Specialist
2022_01,629709500,Natural Resource Specialist
2022_01,629710100,Natural Resource Specialist
2022_01,629794500,HR Specialist (Work/Life)-NB-201-5
2022_01,629855900,"Supervisory NBE/BE (Director for the Community Reinvestment Act), NB-0570-VII"
2022_01,629887900,"National Bank Examiner/Bank Examiner (Retail Credit), NB 570-5.2"
2022_01,633222300,Park Ranger (River Patrol)
2022_01,630427900,Plant Protection Technician
2022_01,629514200,Plant Protection Technician
2022_01,632067500,NBE (Enterprise Governance/Ombudsman Analyst) NB-570-VI
2022_01,633644500,Plant Protection Technician (Domestic)
2022_01,630463900,Natural Resource Specialist (Environmental Compliance Specialist)
2022_01,633239000,Life Scientist/Environmental Engineer/Physical Scientist
2022_01,632192700,Supervisory Environmental Engineer/Physical Scientist/Life Scientist (Section Supervisor)
2022_01,634208500,Life Scientist/Environmental Engineer/Physical Scientist (Senior Permit Specialist)
2022_01,633211500,Life Scientist/Physical Scientist/Environmental Engineer
2022_01,631112400,Environmental Engineer/Physical Scientist/Life Scientist
2022_01,630632600,Interdisciplinary
2022_01,631194100,INTERDISCIPLINARY ECOLOGIST/WILDLIFE BIOLOGIST
2022_01,631526100,Interdisciplinary
2022_01,632696800,FIRE PROTECTION SPECIALIST
2022_01,631662400,"National Bank Examiner/Bank Examiner (Technical Expert for CRA/FL & Compliance), NB-0570-VII"
2022_01,629478500,"Supervisory NBE/BE (Director for District Licensing), NB-0570-VII"
2022_01,631276600,"National Bank Examiner (Field Examiner), NB-570-6"
2022_01,631989200,Registered Nurse - OR Assistant Nurse Manager
2022_01,629683400,"National Bank Examiner/Bank Examiner (Commercial Credit Risk), NB-0570-VI"
2022_01,634056400,Community Relations & Minority Affairs Program Manager NB-301-VI
2022_01,632399000,NBE-BE (Senior Core Policy Analyst) NB-570-6.2
2022_01,632280700,"Supervisory IT Specialist (APPSW), NB-2210-VI"
2022_01,629401000,NBE/BE (Large Bank Technical Team Lead) with emphasis in Operational Risk (Payments) NB-VI.2
2022_01,633809200,"NBE/BE (LB Field Examiner) w/emphasis in Retail Credit, NB-570-V.2"
2022_01,633643100,Administrative Support Assistant
2022_01,629547200,Legal Instruments Examiner
2022_01,631276400,"National Bank Examiner (Field Examiner), NB-570-6"
2022_01,632773400,Realty Specialist (Generalist)
2022_01,632126700,"NBE/BE (LB Field Examiner) with emphasis in Commercial Credit, NB-0570-6"
2022_01,630030100,Financial Analyst
2022_01,632293700,Plant Protection and Quarantine Officer (Plant Health Safeguarding Specialist)
2022_01,632786600,"NBE/BE (LB Field Examiner) with emphasis in Commercial Credit, NB-0570-5"
2022_01,630550900,Supervisory Natural Resource Specialist/Physical Scientist
2022_01,629704700,Physical Scientist/Environmental Engineer (Air Modeler)
2022_01,632942700,"Supervisory Resources Program Manager (Interdisciplinary), GS-0401/1301-12"
2022_01,632451500,Visitor Services Assistant
2022_01,632123900,"NBE/BE (LB Field Examiner) with emphasis in Operational Risk, NB-0570-6"
2022_01,634004100,Realty Specialist (Generalist)
2022_01,633999500,Realty Specialist (Generalist)
2022_01,634047400,BUILDING MANAGEMENT SPECIALIST
2022_01,631174900,"Personnel Psychologist, NB-0180-VI"
2022_02,635000200,"Supervisory Attorney-Advisor (Deputy Chief Counsel), NB-0905-VIII"
2022_02,637579700,LODGING FACILITY MGR NF3*
2022_02,636666100,"Supervisory Attorney-Advisor (Associate Chief Counsel), NB-0905-VIII"
2022_02,635512000,Supervisory Revenue Officer (Unit/Section Chief) (Frontline Leader Readiness Program)
2022_02,635604600,SB/SE Frontline Leader Readiness Program (FLRP)
2022_02,634861300,PERFORMANCE MANAGER
2022_02,635516300,SB/SE Frontline Leader Readiness Program (FLRP) (Bilingual-Spanish)
2022_02,636666500,"Supervisory Attorney-Advisor (Associate Chief Counsel), NB-0905-VIII"
2022_02,636639100,Supervisory Civil Engineer (Construction Engineer)
2022_02,638051000,Supervisory Internal Revenue Agent (Specialty Group Manager) (Frontline Leader Readiness Program)
2022_02,636308900,"Attorney-Advisor (General), NB-0905-VI"
2022_02,636668400,"Supervisory Attorney-Advisor (Deputy Chief Counsel), NB-0905-VIII"
2022_02,635603100,SB/SE Frontline Leader Readiness Program (FLRP)
2022_02,638773300,Deputy Director of Staff-Secretariat
2022_02,635513800,SB/SE Frontline Leader Readiness Program (FLRP)
2022_02,636511900,Environmental Protection Specialist
2022_02,638618300,Supervisory Fish Biologist
2022_02,635001100,"Supervisory Attorney-Advisor (Deputy Chief Counsel), NB-0905-VIII"
2022_02,638163700,Biological Resource Specialist
2022_02,637286400,Fish and Wildlife Biologist
2022_02,635605600,Supervisory Tax Analyst (Frontline Leader Readiness Program)
2022_02,634451100,Chief Deputy of Operations
2022_02,638157800,Biological Resource Specialist
2022_02,636308400,"Attorney-Advisor (General), NB-0905-VI"
2022_02,635509100,Supervisory Tax Examining Technician (Group/Unit Manager) (Frontline Leader Readiness Program)
2022_02,638047000,Supervisory Attorney (Estate Tax Group Manager) (Frontline Leader Readiness Program)
2022_02,634862000,PERFORMANCE MANAGER
2022_02,635346500,Biologist/General Engineer/Physical Scientist
2022_02,636669500,"Supervisory Attorney-Advisor (Deputy Chief Counsel), NB-0905-VIII"
2022_02,637618000,"Temporary Sr. Program Administrator, Federal Financial Institutions Examination Council (FFIEC)"
2022_02,635513900,SB/SE Frontline Leader Readiness Program (FLRP)
2022_02,635506800,SB/SE Frontline Leader Readiness Program (FLRP)
2022_02,635003600,"Supervisory Attorney-Advisor (Associate Chief Counsel), NB-0905-VIII"
2022_02,635002400,"Supervisory Attorney-Advisor (Associate Chief Counsel), NB-0905-VIII"
2022_02,639089000,Student Trainee (Law)
2022_02,639620900,Administrative Assistant
2022_02,635875500,"Customer Assistance Specialist, NB-301-III"
2022_02,636615600,"Examination Technician (SyRIS Compliance Risk), NB-0503-IV"
2022_02,638754500,Plant Protection Technician (Domestic)
2022_02,636491800,"Web Product Development Specialist, NB-301-VI"
2022_02,637827100,Plant Protection Technician (Domestic)
2022_02,636542100,"Supervisory NBE/BE (LB Team Lead) with emphasis in Retail & Commercial Credit, NB-570-VII"
2022_02,635270400,"Supervisory NBE/BE (Large Bank Team Lead) with emphasis in Retail Credit, NB-570-VII"
2022_02,637246300,"Financial Analyst with emphasis in Commercial Credit, NB-1160-V"
2022_02,636924800,"Supervisory Fishery Reporting Specialist, ZA-1101-4 (MAP)"
2022_02,634202100,Environmental Engineer
2022_02,634315600,"Supervisory NBE/BE (Large Bank Team Lead) with emphasis in Compliance, NB-570-VII"
2022_02,639172300,"Supervisory National Bank Examiner (Examiner-in-Charge), NB-570-6 step 2"
2022_02,637194600,Plant Protection Technician (Domestic)
2022_02,635600500,"NBE/BE (LB Technical Team Lead) with emphasis in ERM/Governance, NB-0570-6 Step 2"
2022_02,635815600,Realty Specialist
2022_02,637186700,"Secretary (OA), NB-0318-4"
2022_02,637194300,Plant Protection and Quarantine Officer (Plant Health Safeguarding Specialist)
2022_02,639015300,Realty Specialist (Generalist)
2022_02,639067200,Wildlife Biologist
2022_02,638627300,"Supervisory National Bank Examiner (Deputy EIC for Supervision & Operations), NB-0570-7"
2022_02,634452400,Realty Specialist
2022_02,635618600,Supervisory Internal Revenue Agent (Fraud Enforcement Advisor Manager) FLRP
2022_02,636734500,Environmental Protection Specialist (Project Manager)
2022_02,634438600,"Supervisory NBE/BE (LB Team Lead) with emphasis in Capital Markets, NB-0570-7"
2022_02,639179300,"NBE/BE (LB Field Examiner) with emphasis in Capital Markets, NB-0570-5"
2022_02,635492100,FIRE PROTECTION SPECIALIST
2022_02,637987800,Civil Engineer
2022_02,636587600,"Director, Workplace Services, NB-301-VII"
2022_02,635603300,Supervisory Revenue Officer (Unit/Section Chief) (Frontline Leadership Readiness Program)
2022_02,638309800,"Program Analyst (Workforce Planning), NB-343-V"
2022_02,634979900,Financial Economist (Research Analyst)
2022_02,635662700,Supervisory Revenue Officer (Unit/Section Chief)Front Line Manager Readiness Program(FLRP)
2022_02,638784200,Senior Transportation Program Specialist (Open to both U.S. Citizens and Federal Employees)
2022_02,637242800,"Director, Organizational Development and Engagement, NB-0301-VII"
2022_02,639517600,Assistant Hospital Housekeeping Officer
2022_02,634577200,"IT Specialist (SYSANALYSIS), NB-2210-V"
2022_02,634803800,"Systems Accountant, NB-510-V"
2022_02,635166700,Field Manager
2022_02,635877200,Supervisory Park Ranger
2022_02,638707600,Supv. NBE/BE -Director for Gov. and Oper. Risk Policy- NB-570-7
2022_02,636382000,"NBE/BE (LB Technical Team Lead) w/emphasis in Bank Information Technology, NB-570-VI.2"
2022_02,636581000,"NBE/BE (LB Field Examiner) with emphasis in Safety & Soundness, NB-0570-6"
2022_02,635511200,"Supervisory Tax Specialist (Tax Compliance Officer, Group Manager)(FLRP)"
2022_02,634292600,"Supervisory Telecommunication Specialist, NB-0391-VI"
2022_02,637234200,"Senior Advisor to the Comptroller, NB-0570-VII.2"
2022_02,639012600,National Bank Examiner/Bank Examiner (International Advisor)
2022_02,637247500,"Financial Analyst with emphasis in Commercial Credit, NB-1160-V"
2022_02,636488600,"Web Product Development Specialist, NB-301-VI"
2022_02,639097700,General Engineer
2022_02,637384400,"Deputy Director for Workforce Diversity and Inclusion, NB-301-VII"
2022_02,635506100,Supervisory Tax Examining Technician (Frontline Leadership Readiness Program)
2022_02,636587100,"Director, Workplace Services, NB-301-VII"
2022_02,637330600,"National Bank Examiner (Analyst to Associate Deputy Comptroller), NB-570-6"
2022_02,635288200,SUPERVISORY INTERDISCIPLINARY
2022_02,638781300,Interdisciplinary (Mitigation Specialist)
2022_02,637247700,INTERDISCIPLINARY NATURAL RESOURCE SPECIALIST/ENRIVONMENTAL ENGINEER/PHYSICAL SCIENTIST
2022_02,637500500,Interdisciplinary: GS-0819/1301/0401-12
2022_02,637931700,Interdisciplinary
2022_02,634163000,Environmental Engineer/Physical Scientist/Life Scientist (Senior Permit Specialist)
2022_02,638923300,Supervisory Environmental Engineer/Physical Scientist/Life Scientist
2022_02,638742900,Life Scientist/Environmental Engineer/Physical Scientist
2022_02,634350900,Life Scientist/Physical Scientist/Environmental Engineer
2022_02,636219500,SB/SE Frontline Manager Readiness Program (FLRP)
2022_02,635595700,SB/SE Frontline Manager Readiness Program (FLRP)
2022_02,638779900,Interdisciplinary
2022_02,637476200,Interdisciplinary (Lead Regulatory Project Manager)
2022_02,637589200,Environmental Protection Specialist
2022_02,638935700,"HR Specialist (Info Systems), NB-201-V"
2022_02,637192000,Plant Protection Technician (Domestic)
2022_02,636926600,"Supervisory Fishery Reporting Specialist, ZA-1101-4 (DE/CR)"
2022_02,638890600,"HR Specialist (Info Systems), NB-201-V"
2022_02,637141700,Park Ranger (Special Use and Permits)
2022_02,636027700,Environmental Protection Specialist
2022_02,637330500,"National Bank Examiner (Analyst to ADC), NB-570-5 step 2"
2022_02,636613400,"NBE/BE (Large Bank Field Examiner) with emphasis in Retail Credit, NB-0570-VI"
2022_02,634641800,"Realty Specialist, GS-1170-13"
2022_02,635600100,"NBE/BE (LB Technical Team Lead) with emphasis in Compliance, NB-0570-6 Step 2"
2022_02,634314600,"Supervisory NBE/BE (LB Team Lead) w/emphasis in Commercial Credit, NB-570-VII"
2022_02,638954300,"NBE/BE (Large Bank Field Examiner) with emphasis in BIT, NB-0570-V"
2022_02,636424900,"NBE/BE (Large Bank Field Examiner) with emphasis in ERM/Governance, NB-570-VI"
2022_02,636421200,"IT Specialist (Network Services), NB-2210-VI"
2022_02,638956700,"NBE/BE (Large Bank Field Examiner) with emphasis in BIT, NB-0570-V.2"
2022_02,635135000,"National Bank Examiner (Analyst to ADC), NB-570-5, Step 2"
2022_02,636025100,Environmental Protection Specialist
2022_02,638200000,Permit Coordinator
2022_02,638531300,Administrative Officer
2022_02,638624800,"NBE/BE (Large Bank Field Examiner) with emphasis in Retail Credit, NB-0570-V.2"
2022_02,638626000,"NBE/BE (Large Bank Field Examiner) with emphasis in Retail Credit, NB-0570-V"
2022_02,638682600,"NBE/BE (LB Field Examiner) with emphasis in Safety & Soundness, NB-570-V"
2022_02,638685400,"NBE/BE (LB Field Examiner) w/emphasis in Safety & Soundness, NB-570-V.2"
2022_02,639180400,"NBE/BE (LB Field Examiner) with emphasis in Capital Markets, NB-0570-5 Step 2"
2022_02,639518200,Assistant Hospital Housekeeping Officer
2022_02,639669800,Supervisory Park Ranger - Deputy Chief Ranger
2022_02,635875700,Customer Assistance Specialist (Bilingual) NB-301-III
2022_02,637579200,Interdisciplinary Supervisory Geophysicist/Geologist/Petroleum Engineer
2022_02,633279200,INTERDISCIPLINARY ENVIRONMENTAL ENGINEER/PHYSICAL SCIENTIST
2022_02,635595500,Supervisory Revenue Officer/Bankruptcy Specialist  Frontline Leader Readiness Program
2022_02,635615300,SB/SE Frontline Leader Readiness Program (FLRP)
2022_02,635076900,NBE-BE (Asset Management) NB-570-6
2022_02,637233800,"Senior Advisor to the Comptroller, NB-0570-VII.2"
2022_02,635085600,NBE-BE (Asset Management) NB-570-6
2022_02,636558500,Plant Protection Technician (Domestic)
2022_03,644537100,Supervisory Agriculturalist (Director)
2022_03,645394800,Materials Handler
2022_03,646032100,Records Clerk
2022_03,645316900,Materials Handler
2022_03,644953900,Attorney-Adviser (General)
2022_03,644689400,Division Programs Director SWD
2022_03,645542000,LODGING FACILITY MGR NF3*
2022_03,644567900,Biologist
2022_03,646031600,Courtroom Deputy
2022_03,642240500,Project Manager (Landscape Architecture)
2022_03,644089300,Plant Protection Technician (Domestic)
2022_03,641003400,Case Administrator
2022_03,642686500,Biological Science Information Specialist (Data Scientist)
2022_03,643549800,"Interdisciplinary, GS-0401/1301-11 / 12"
2022_03,640545100,"Supervisory Research Biologist (Aquaculture), ZP-0401-4 (Direct Hire)"
2022_03,641002700,Financial Specialist
2022_03,641717600,"NBE/BE (LB Field Examiner) w/emphasis in Compliance, NB-570-V"
2022_03,642244900,Family Advocacy Program (FAP) Specialist NF4
2022_03,641002900,Magistrate Judge Courtroom Deputy
2022_03,641178100,Director - Office of Environment and Energy
2022_03,644018100,Plant Protection and Quarantine Officer (Plant Health Safeguarding Specialist)
2022_03,643119500,"Temporary National Bank Examiner ( Analyst to the ADC), NB-570-5.2"
2022_03,642359000,Attorney-Adviser (General)
2022_03,641002800,Procurement and Facilities Specialist
2022_03,640250500,ELECTRONICS MECHANIC
2022_03,639947900,Environmental Protection Specialist
2022_03,645529100,Plant Protection Technician (Domestic)
2022_03,641341600,"Marine Information Specialist, GS-1361-11"
2022_03,640221300,Supervisory Tax Examining Technician (Group/Unit Manager) FLRP
2022_03,645002900,"NBE/BE (LB Field Examiner) w/ emphasis in Safety and Soundness, NB-0570-V.2"
2022_03,640750100,Civil Engineer
2022_03,645001900,"NBE/BE (LB Field Examiner) w/ emphasis in Safety and Soundness, NB-0570-V"
2022_03,642889700,Plant Protection and Quarantine Officer (Plant Health Safeguarding Specialist)
2022_03,641553500,Physical Science Technician (Minerals)
2022_03,642791300,Plant Protection and Quarantine Officer (Plant Health Safeguarding Specialist)
2022_03,644173600,Environmental Protection Specialist
2022_03,642505800,"Marine Transportation Specialist, GS-2101-13"
2022_03,645138700,Environmental Protection Specialist
2022_03,641917000,Environmental Resource Specialist
2022_03,641423000,"Technical Assistant (OA), NB-0303-3 (TERM Appointment)"
2022_03,641926100,Environmental Resource Specialist
2022_03,645166600,"NBE/BE (LB Field Examiner) with emphasis in BIT, NB-570-VI"
2022_03,641979300,"Technical Assistant (OA), NB-0303-3 (TERM Appointment)"
2022_03,643373200,"NBE/BE (Large Bank Field Examiner) with emphasis in Compliance, NB-570-VI"
2022_03,639992300,"NBE/BE (Large Bank Field Examiner) with emphasis in BSA/AML, NB-570-VI"
2022_03,641431900,Alcohol & Tobacco Tax Specialist
2022_03,641806300,Fish and Wildlife Biologist
2022_03,641714200,"NBE/BE (LB Field Examiner) w/emphasis in Compliance, NB-570-V.2"
2022_03,608723200,Natural Resources Specialist
2022_03,639921600,"NBE/BE (LB Field Examiner) with emphasis in BSA/AML, NB-0570-5 Step 2"
2022_03,642486000,"Marine Transportation Specialist, GS-2101-13"
2022_03,645851400,"Supervisory NBE/BE (LB Team Lead) with emphasis in Compliance, NB-0570-VII"
2022_03,645780100,"NBE/BE (LB Field Examiner) with emphasis in Operational Risk, NB-0570-VI"
2022_03,644537600,"Supervisory NBE/BE (LB Team Lead) with emphasis in ERM/Governance, NB-0570-7 (Temporary NTE 1 Year)"
2022_03,642901500,Clerk (Office Automation)
2022_03,644232800,"Administrative Assistant (OA), NB-0303-III"
2022_03,642123500,Realty Specialist (Right of Way Coordinator)
2022_03,645718800,"Supervisory NBE/BE (LB Team Lead) with emphasis in BIT, NB-0570-VII"
2022_03,641592500,"NBE/BE (LB Field Examiner) with emphasis in Commercial Credit, NB-0570-5 Step 2"
2022_03,641591300,"NBE/BE (LB Field Examiner) with emphasis in Commercial Credit, NB-0570-5"
2022_03,641567800,"NBE/BE (Large Banks Field Examiner) with emphasis in Operational Risk, NB-0570-V.2"
2022_03,645056100,"NBE/BE (LB Field Examiner) w/ emphasis in Capital Markets, NB-570-V.2"
2022_03,642003400,Supervisor Fire Protection Inspector
2022_03,642697100,Outdoor Recreation Planner
2022_03,642896800,Clerk (Office Automation)
2022_03,643445400,Supervisory Motor Carrier Safety Specialist (Border Inspector Supervisor)
2022_03,645383600,"NBE/BE (LB Field Examiner) w/ emphasis in Bank Info Technology, NB-570-V"
2022_03,643936700,Environmental Protection Specialist
2022_03,644650700,Marine Traffic Controller
2022_03,644846100,Marine Traffic Controller
2022_03,639980800,Environmental Protection Specialist
2022_03,645066300,"NBE/BE (LB Field Examiner) with emphasis in Operational Risk, NB-570-V.2"
2022_03,642697200,Outdoor Recreation Planner
2022_03,644842400,Marine Traffic Controller
2022_03,641933200,"Program Analyst (Data Governance), NB-343-VI"
2022_03,646136400,Plant Protection Technician (Domestic)
2022_03,642384800,Wildlife Biologist
2022_03,644760100,"Supervisory IT Specialist (SYSANALYSIS/CustSpt), NB-2210-VI"
2022_03,641866700,Environmental Protection Specialist (Open to both U.S. Citizens and Federal Employees)
2022_03,645009300,"IT Project Manager-Quality Assurance, NB-2210-V"
2022_03,641964800,"NBE/BE (LB Field Examiner) with emphasis in Asset Management, NB-0570-5 Step 2"
2022_03,642003100,"Realty Specialist (Leasing), NB-1170-IV/V"
2022_03,643544900,"Environmental Engineer, GS-0819-11 / 12"
2022_03,644636100,Plant Protection and Quarantine Officer (Plant Health Safeguarding Specialist)
2022_03,642807800,Industrial Hygienist (GEMS)
2022_03,640330000,Program Analyst
2022_03,640828200,"Public Affairs Specialist, NB-1035-V"
2022_03,643936600,Environmental Protection Specialist
2022_03,645306500,Senior Policy Analyst
2022_03,645779200,"NBE/BE (LB Field Examiner) with emphasis in ERM/Governance, NB-0570-VI"
2022_03,643419900,Program Analyst
2022_03,639831200,Interdisciplinary (Senior Regulatory Project Manager)
2022_03,641720000,INTERDISCIPLINARY BIOLOGIST/ENVIRONMENTAL ENGINEER/PHYSICAL SCIENTIST
2022_03,640995600,Supervisory Life Scientist/Environmental Engineer/Physical Scientist (Section Supervisor)
2022_03,642051200,Interdisciplinary Environmental Scientist/Physical Scientist/Environmental Engineer
2022_03,642049700,Interdisciplinary Environmental Scientist/Physical Scientist/Environmental Engineer
2022_03,643665000,Supervisory Interdisciplinary
2022_03,641046700,Resource Management Planner
2022_03,640328400,Program Analyst
2022_03,640815800,Wildlife Biologist (Staff)
2022_03,644999600,"NBE/BE (LB Field Examiner) with emphasis in Asset Management, NB-0570-V.2"
2022_03,645592200,"National Bank Examiner/Bank Examiner (Asset Management), NB-570-5.2"
2022_03,641564800,"NBE/BE (Large Banks Field Examiner) with emphasis in Operational Risk, NB-0570-V"
2022_03,644998100,"NBE/BE (LB Field Examiner) with emphasis in Asset Management, NB-0570-V"
2022_03,643495300,"HR Specialist (Info Sys), NB-201-V"
2022_03,641939200,"Program Analyst (Data Governance), NB-343-VI"
2022_03,645051000,"NBE/BE (LB Field Examiner) w/ emphasis in Capital Markets, NB-570-V"
2022_03,645062200,"NBE/BE (LB Field Examiner) with emphasis in Operational Risk, NB-570-V"
2022_03,645512700,Environmental Protection Specialist (Open to both U.S. Citizens and Federal Employees)
2022_03,645592600,"National Bank Examiner/Bank Examiner (Asset Management), NB-570-6"
2022_03,645593100,National Bank Examiner/ Bank Examiner (Asset Management) NB-570-5.2
2022_03,645104100,"Supervisory NBE/BE (LB Team Lead) with emphasis in Commercial Credit, NB-0570-VII"
2022_03,644084600,"Auditor, NB-511-V"
2022_03,645383800,"NBE/BE (LB Field Examiner) w/ emphasis in Bank Info Technology, NB-570-V.2"
2022_03,640292000,Industrial Hygienist (GEMS)
2022_03,640906900,Supervisory General Engineer
2022_03,641963000,"NBE/BE (LB Field Examiner) with emphasis in Asset Management, NB-0570-5"
2022_03,644194800,RESOURCE MANAGEMENT PLANNER
2022_03,640849400,"Supervisory NBE/BE (Licensing Manager), NB-0570-VI.2"
2022_03,640761400,Supervisory Environmental Protection Specialist
2022_03,643412900,INTERDISCIPLINARY ENVIRONMENTAL ENGINEER/PHYSICAL SCIENTIST
2022_03,639839500,"Supv HR Specialist (Manager for 401K), NB-201-VI"
2022_03,643542200,"Environmental Engineer, GS-0819-11 / 12"
2022_03,642003000,Fire Protection Inspector
2022_03,639921400,"NBE/BE (LB Field Examiner) with emphasis in BSA/AML, NB-0570-5"
2022_03,642718000,Environmental Protection Specialist
2022_03,640931300,Realty Specialist (Regional ROW Coordinator)
2022_03,643792500,Biologist
2022_03,645846200,"NBE/BE (LB FE) with emphasis in Capital Markets, NB-570-VI"
2022_04,647327600,OARO GROW Development Program (Excepted Service GS-905-13)
2022_04,649003000,Development Program Associate
2022_04,649001400,Development Program Associate
2022_04,649360900,Emergency Management Specialist (Mitigation)
2022_04,647063300,Physical Scientist/Life Scientist
2022_04,647608900,Civil Engineer
2022_04,647281700,OARO GROW Development Program (Excepted Service GS-905-12)
2022_04,649004000,Development Program Associate
2022_04,648999800,Development Program Associate
2022_04,646185100,OARO GROW Development Program (Competitive Service GS-15)
2022_04,647447900,OARO GROW Development Program (Excepted Service GS-905-14)
2022_04,645631900,OARO GROW Development Program (Competitive Service GS-13)
2022_04,645603600,OARO GROW Development Program (Competitive Service GS-12)
2022_04,645888600,OARO GROW Development Program (Competitive Service GS-14)
2022_04,647556700,OARO GROW Development Program (Excepted Service GS-905-15)
2022_04,649911200,Supervisory Fish Biologist
2022_04,650227600,Life Scientist / Environmental Engineer / Physical Scientist
2022_04,651082800,Lead Environmental Engineer/Physical Scientist/Life Scientist
2022_04,650092500,Historic Compliance Coordinator
2022_04,647918100,"NBE/BE (Large Bank Field Examiner) w/emphasis in Retail Credit, NB-570-V"
2022_04,649105600,"Supervisory Human Resources Specialist (HRD), NB-201-VII"
2022_04,649549300,"NBE/BE (LB Field Examiner) with emphasis in ERM/Governance, NB-0570-VI"
2022_04,648592500,Mining Engineer
2022_04,648867100,"Supervisory National Bank Examiner (Team Leader), NB-570-6"
2022_04,651338000,NBE-BE (Analyst To The Deputy Comptroller) w/ emphasis in Ops. Risk- NB-570-6.2
2022_04,650708600,Biologist
2022_04,649433900,"Supervisory National Bank Examiner (MCBS Team Leader), NB-0570-6"
2022_04,648378000,"NBE/BE (LB Technical Team Lead) with emphasis in Capital Markets, NB-0570-VI.2"
2022_04,649353600,ENVIRONMENTAL PROTECTION SPECIALIST
2022_04,647673600,"NBE/BE (LB Field Examiner) w/ emphasis in Bank Secrecy Act/Anti-Money Laundering, NB-570-V.2"
2022_04,647269900,"NBE/BE (LB Field Examiner) with emphasis in Retail Credit, NB-0570-V.2"
2022_04,649368000,Supervisory Park Ranger (P)
2022_04,651352900,"NBE/BE (Analyst To The Deputy Comptroller) w/ emphasis in Market Risk, NB-570-6.2"
2022_04,647491000,Plant Protection Technician (Domestic)
2022_04,649582900,"National Bank Examiner (Analyst to Director for IBS), NB-0570-V.2"
2022_04,651333800,"NBE/BE (Analyst to The Deputy Comptroller w/ emphasis in Intl Banking and Cap Policy), NB-0570-6.2"
2022_04,650605100,"IT Project Manager-Quality Assurance, NB-2210-V"
2022_04,651695500,"IT Specialist (DataMgmt), NB-2210-V"
2022_04,648968100,Realty Specialist (Generalist)
2022_04,647554100,Congressional Affairs Specialist
2022_04,646679700,REALTY SPECIALIST (GENERALIST)
2022_04,647670500,"NBE/BE (LB Field Examiner) w/ emphasis in Compliance, NB-570-V.2"
2022_04,649751200,"Examination Technician, NB-0503-4"
2022_04,648077300,"Supervisory National Bank Examiner/Bank Examiner (Risk Officer), NB-570-7"
2022_04,651334200,"NBE/BE (Analyst to The Deputy Comptroller w/ emphasis in Compliance Risk), NB-0570-6.2"
2022_04,649549600,"NBE/BE (Quality Assurance Program Examiner), NB-0570-VI"
2022_04,651211900,ENVIRONMENTAL PROTECTION SPECIALIST (Title 32)
2022_04,647442500,"NBE/BE (LB FE) with emphasis in Bank Information Technology, NB-570-V.2"
2022_04,649963400,Fish and Wildlife Biologist
2022_04,648077000,"Associate Deputy Comptroller, NB-570-7 step 2"
2022_04,649755500,"Examination Technician, NB-0503-3"
2022_04,650449700,General Biologist
2022_04,648527100,"NBE/BE (LB Field Examiner) with emphasis in Compliance, NB-0570-VI"
2022_04,651411800,"HR Assistant, NB-203-IV"
2022_04,651397900,"IT Specialist (Incident Manager), NB-2210-V"
2022_04,650861100,"HR Assistant, NB-203-IV"
2022_04,647632200,ENVIRONMENTAL PROTECTION SPECIALIST (Title 32)
2022_04,648309600,"National Bank Examiner (Problem Bank Specialist), NB-570-6"
2022_04,647132500,Plant Protection and Quarantine Officer (Plant Health Safeguarding Specialist)
2022_04,649109800,"IT Spec (DataMgmt), NB-2210-VI"
2022_04,648076800,"Supervisory National Bank Examiner (Assistant Deputy Comptroller) for Novel Banks, NB-570-VII"
2022_04,649457500,Realty Specialist (Generalist)
2022_04,648077400,"Supervisory National Bank Examiner/Bank Examiner (Risk Officer), NB-570-7"
2022_04,647431800,Permit Coordinator
2022_04,647586400,Environmental Protection Specialist (Grants Project Officer)
2022_04,648379300,"NBE/BE (LB Technical Team Lead) with emphasis in ERM/Governance, NB-0570-VI.2"
2022_04,650003800,"Supervisory Bank Examiner (Climate Risk), NB-0570-VII.2"
2022_04,650729500,"Program Analyst (Supervision Support) with emphasis in Data Stewardship, NB-0343-V"
2022_04,647374400,Fish and Wildlife Administrator
2022_04,647913800,"IT Specialist (Sys Analyst), NB-2210-V"
2022_04,650217600,"Organizational Development Specialist (Engagement), NB-0301-VI"
2022_04,648384000,"NBE/BE (SyRIS Lead Expert) with emphasis in ERM and Operational Risk, NB-0570-VII"
2022_04,647346400,"Program Analyst (Information Systems Management), NB-0343-5"
2022_04,648377200,NBE/BE (LB Field Examiner) with emphasis in Commercial Credit NB-0570-VI
2022_04,649580900,Interdisciplinary (Branch Chief)
2022_04,646281800,Interdisciplinary
2022_04,649719800,Industrial Hygienist/GEMS
2022_04,647991100,INTERDISCIPLINARY ENVIRONMENTAL ENGINEER
2022_04,647384300,INTERDISCIPLINARY ECOLOGIST/WILDLIFE BIOLOGIST
2022_04,647385500,Motor Carrier Safety Specialist (Border Inspector)
2022_04,648728400,Plant Protection and Quarantine Officer (Plant Health Safeguarding Specialist - Predeparture Ops)
2022_04,648854600,"National Bank Examiner (Analyst to ADC), NB-570- 5 step 2"
2022_04,649425800,"NBE/BE (Sr Lead Expert Risk Spec) w/ emphasis in Consumer Compliance/CRA/FL, NB-0570-VI.2"
2022_04,649580800,"NBE/BE (LB Field Examiner) with emphasis in Safety & Soundness, NB-0570-V.2"
2022_04,649710900,Outdoor Recreation Planner (Wilderness)
2022_04,648868800,"National Bank Examiner (Analyst to ADC), NB-570-5 step 2"
2022_04,650005800,"Supervisory Bank Examiner (Climate Risk), NB-0570-VII.2"
2022_04,650719300,"NBE/BE (Analyst to the Senior Deputy Comptroller), NB-0570-VI.2"
2022_04,650997100,Industrial Hygienist (GEMS)
2022_04,651333600,"NBE/BE (Analyst to The Deputy Comptroller w/ emphasis in Credit Risk), NB-0570-6.2"
2022_04,647915400,"NBE/BE (Large Bank Field Examiner) w/emphasis in Retail Credit, NB-570-V.2"
2022_04,647669800,"NBE/BE (LB Field Examiner) w/ emphasis in Compliance, NB-570-V"
2022_04,648933000,"NBE/BE (LB Field Examiner) with emphasis in BIT, NB-0570-VI"
2022_04,650530200,"Supervisory Program Analyst, NB-343-VII"
2022_04,647988700,Environmental Protection Specialist
2022_04,648028400,Senior Licensed Professional Mental Health Counselor
2022_04,648942900,"Personnel Psychologist, NB-180-V"
2022_04,647672000,"NBE/BE (LB Field Examiner) w/ emphasis in Bank Secrecy Act/Anti-Money Laundering, NB-570-V"
2022_04,649713200,Realty Specialist (Generalist)
2022_04,647044100,Petroleum Engineer
2022_04,647156100,PROGRAM MANAGER
2022_04,647220100,Social Worker - SUD CBOC
2022_04,647306800,Industrial Hygienist
2022_04,647704200,"NBE/BE (LB Field Examiner) with emphasis in Commercial Credit, NB-0570-V.2"
2022_04,647704600,"NBE/BE (LB Field Examiner) with emphasis in Safety and Soundness, NB-0570-VI"
2022_04,647704500,"Supervisory  NBE/BE (MCBS Director For Resource Management & Financial Analysis), NB-0570-7"
2022_04,647911800,"NBE/BE (LB Field Examiner) w/emphasis in Capital Markets, NB-570-VI"
2022_04,649656400,"NBE/BE (LB Field Examiner) w/emphasis in Compliance, NB-570-V"
2022_04,647912300,"IT Specialist (Sys Analyst), NB-2210-V"
2022_04,647678200,"NBE/BE (LB Field Examiner) w/ emphasis in Bank Info Technology, NB-0570-VI"
2022_04,647271400,"NBE/BE (LB Field Examiner) with emphasis in Compliance, NB-0570-V.2"
2022_04,649679300,"Administrative Assistant (Office Automation), NB-0303-III"
2022_04,648854300,"National Bank Examiner (Credit Card), NB-570-6"
2022_04,650730800,"Program Analyst (Supervision Support) with emphasis in Data Stewardship, NB-0343-V"
2022_04,650300100,Interdisciplinary Supervisory Geologist/Geophysicist/Petroleum Engineer
2022_04,648191800,Supervisory General Engineer/Physical Scientist
2022_04,647043800,Petroleum Engineer
2022_04,647703500,"NBE/BE (LB Field Examiner) with emphasis in Commercial Credit, NB-0570-V"
2022_04,647219700,Social Worker - SUD CBOC
2022_04,651695800,"IT Specialist (DataMgmt), NB-2210-V"
2022_04,651456700,"National Bank Examiner (Analyst To ADC), NB-570-5.2"
2022_04,647348400,"Program Analyst (Information Systems Management), NB-0343-5"
2022_05,656625400,Life Scientist/Environmental Engineer/Physical Scientist
2022_05,652813900,Life Scientist/Environmental Engineer/Physical Scientist
2022_05,652953000,Attorney-Advisor
2022_05,655504100,Engineering Equipment Operator
2022_05,655047500,Realty Specialist (Generalist)
2022_05,656087400,"Deputy Director, Bureau of Safety and Environmental Enforcement"
2022_05,656721900,Attorney Advisor
2022_05,655045700,"Financial Economist, NB-0110-5"
2022_05,655965500,"Supvy NBE/BE (EXCEL I Team Leader) w/emphasis in Operational Risk, NB-0570-VII (Temporary NTE 2 Yrs)"
2022_05,655890100,"Temporary National Bank Examiner/Bank Examiner (Financial Analyst), NB-570-6"
2022_05,655225900,Civil Engineer
2022_05,655888400,"Temporary National Bank Examiner/Bank Examiner (Financial Analyst), NB-570-6"
2022_05,656207500,Fish and Wildlife Biologist
2022_05,655394700,"Waterways Management & Port Recovery Specialist, GS-2101-12"
2022_05,655888200,"Temporary National Bank Examiner/Bank Examiner (Financial Analyst), NB-570-6"
2022_05,652443800,"Supervisory National Bank Examiner (Examiner-in-Charge), NB-570 6 step 2"
2022_05,657140100,Program Manager (Deputy State Director Lands & Minerals)
2022_05,653607300,Supervisory Interdisciplinary Architect/Engineer
2022_05,652844200,"National Bank Examiner/Bank Examiner (Technical Expert For CRA/FL & Compliance), NB-0570-7"
2022_05,655397400,"Waterways Management & Port Recovery Specialist, GS-2101-12"
2022_05,656351300,"NBE/BE (LB Field Examiner) with emphasis in Compliance, NB-0570-VI"
2022_05,654223300,"NBE/BE (Senior Advisor to the Senior Deputy Comptroller for LBS), NB-0570-VII"
2022_05,655234800,Internal Revenue Agent (Appeals Tax Computation Specialist)
2022_05,654732800,Supervisory Program Specialist (Permit Supervisor)
2022_05,656888400,"Community Affairs Officer, NB-0301-6"
2022_05,653528800,Realty Specialist (Generalist)
2022_05,656771500,"National Bank Examiner/Bank Examiner (International Advisor), NB-0570-5"
2022_05,655090100,Environmental Protection Specialist (Open to both U.S. Citizens and Federal Employees)
2022_05,654447100,Realty Specialist
2022_05,652680700,SECURITY ASSISTANT
2022_05,652201800,"National Bank Examiner (Field Examiner), NB-570-5 step 2"
2022_05,652333900,"Administrative Assistant (Office Automation), NB-0303-III"
2022_05,653984100,"Contract Specialist, NB-1102-V"
2022_05,652525100,"National Bank Examiner (Field Examiner), NB-570-5, Step 2"
2022_05,656626800,"Support Services Specialist, NB-342-V"
2022_05,655673200,"NBE/BE (Large Bank Field Examiner) with emphasis in Bank Information Technology, NB-570-VI"
2022_05,656334000,"Senior Financial Economist (Team Manager), NB-0110-VI.2"
2022_05,652111200,"IT Specialist, NB-2210-VI"
2022_05,652116000,Supervisory Environmental Protection Specialist
2022_05,653189000,Supv NBE-BE Dir for Consumer Compliance Policy- NB-570-7
2022_05,652843400,"National Bank Examiner/Bank Examiner (Technical Expert For CRA/FL & Compliance), NB-0570-7"
2022_05,656355100,ENVIRONMENTAL PROTECTION SPECIALIST
2022_05,653753300,Environmental Protection Specialist
2022_05,653422100,"Community Affairs Officer, NB-0301-6"
2022_05,653695500,"NBE/BE (LB Field Examiner) with emphasis in Compliance, NB-0570-V.2"
2022_05,653972000,"IT Specialist (PlcyPln), NB-2210-VI"
2022_05,654444600,Realty Specialist
2022_05,654609600,"NBE/BE (Sr Lead Expert Risk Specialist) w/ emphasis in Bank Information Technology, NB-0570-VI.2"
2022_05,655104100,Environmental Protection Specialist
2022_05,655527900,"National Bank Examiner (Analyst to Deputy Comptroller), NB-0570-6, Step 2"
2022_05,655505000,Industrial Hygienist/GEMS
2022_05,656351000,"NBE/BE (LB Tech Team Lead) with emphasis in Compliance, NB-0570-VI.2"
2022_05,656795300,"National Bank Examiner (Analyst to ADC), NB-570-5, Step 2"
2022_05,653429800,General Biologist-Direct Hire Authority (DHA)
2022_05,656750400,Environmental Engineer
2022_05,653990700,"NBE/BE (Analyst to Large Bank Examiner-In-Charge), NB-0570-VI"
2022_05,656755900,"Supervisory Program Manager, NB-340-VI.2"
2022_05,655354900,"National Bank Examiner (Field Examiner), NB-570-6"
2022_05,653457100,"NBE Enterprise Governance/Ombudsman Analyst, NB-570-VI"
2022_05,656468800,Pharmacy Technician - OR Pharmacy Technician
2022_05,652217900,"NBE/BE (Lead Expert Risk Specialist) with emphasis in Retail Credit, NB-0570-VI"
2022_05,651472200,Auditor (Financial)
2022_05,652726800,Regulatory Systems Administrator
2022_05,657139500,Program Manager (Deputy State Director Lands & Minerals)
2022_05,656178700,"National Bank Examiner (Large Branch Examiner In Charge), NB-570-VI.2"
2022_05,655524200,NBE/BE (Market Risk Specialist) NB-570-6
2022_05,656064700,ENVIRONMENTAL PROECTION SPECIALIST
2022_05,653422300,"Community Affairs Officer, NB-0301-6"
2022_05,657001800,TRAINING INSTRUCTOR
2022_05,653950100,"IT Specialist (CustSpt), NB-2210-V"
2022_05,656772700,"National Bank Examiner/Bank Examiner (International Advisor), NB-0570-5"
2022_05,652142300,Interdisciplinary - Regulatory Project Manager
2022_05,654134200,INTERDISCIPLINARY - Regulatory - Direct Hire Authority Announcement
2022_05,652137600,Interdisciplinary - Regulatory Project Manager - Direct Hire Announcement
2022_05,654152400,INTERDISCIPLINARY - Regulatory
2022_05,652078100,Interdisciplinary
2022_05,653896600,Interdisciplinary
2022_05,654624200,Lead Interdisciplinary
2022_05,653913900,Interdisciplinary
2022_05,656664000,Recreation Planner
2022_05,653132900,Interdisciplinary (Regulatory Project Manager)  - Direct Hire (Open Continuous)
2022_05,652335400,Life Scientist/Environmental Engineer/Physical Scientist
2022_05,655152000,Interdisciplinary (Senior Regulatory Project Manager) - Direct Hire
2022_05,652559300,Interdisciplinary
2022_05,656583100,Interdiscplinary (Regulatory Project Manager)
2022_05,651357100,Biologist
2022_05,653742400,"NBE/BE (LB Field Examiner) with emphasis in ERM/Governance, NB-0570-V Step 2"
2022_05,655440400,Public Affairs Specialist
2022_05,652443900,"Supervisory National Bank Examiner/Bank Examiner (Examiner in Charge), NB-570-6 step 2"
2022_05,651477600,Auditor (Financial)
2022_05,652202800,"Supervisory Realty Specialist, NB-1170-VI"
2022_05,653948300,Substation Operations Specialist
2022_05,655714200,Plant Protection Technician (Domestic)
2022_05,652956500,"Human Resources Specialist (Benefits), NB-0201-V"
2022_05,653948600,Substation Operations Specialist
2022_05,652662900,Animal Health Technician
2022_05,656504900,"Supervisory NBE/BE (LB Team Lead) with emphasis in Compliance, NB-0570-VII"
2022_05,653753900,Environmental Protection Specialist
2022_05,653189600,Supv NBE-BE (Dir for Consumer Compliance Policy)- NB-570-7
2022_05,654842400,"Senior Financial Management Analyst, NB-0501-VI"
2022_05,656056300,Realty Specialist (Generalist)
2022_05,653743700,"NBE/BE (LB Field Examiner) with emphasis in Asset Management, NB-0570-V Step 2"
2022_05,652203600,"Government Information Specialist, NB-306-IV"
2022_05,654607000,Supervisory Industrial Hygienist
2022_05,653751900,"NBE/BE (LB Field Examiner) with emphasis in Retail Credit, NB-0570-V Step 2"
2022_05,652368700,"National Bank Examiner (Field Examiner), NB-570-5, Step 2"
2022_05,655930600,INDUSTRY PROPERTY MGMT SPECIALIST
2022_05,655938600,General Engineer/Physical Scientist
2022_05,656697700,Hospital Housekeeping Officer
2022_05,652072000,Supervisory Realty Specialist
2022_05,652343500,"Examination Technician, NB-503-IV"
2022_05,653231200,Plant Protection Technician (Domestic)
2022_05,653997200,"Supervisory NBE/BE (LB Team Lead) with emphasis in Capital Markets, NB-0570-VII"
2022_06,662969100,"Temporary National Bank Examiner (Analyst to the ADC), NB-570 step 2"
2022_06,661659400,GENERAL ATTORNEY
2022_06,661255800,Life Scientist/Environmental Engineer/Physical Scientist
2022_06,662491900,"IT Specialist (INFOSEC), NB-2210-V"
2022_06,662263800,"IT Specialist (INFOSEC), NB-2210-V"
2022_06,661246500,Supervisory Fish & Wildlife Biologist
2022_06,661485100,Student Trainee (Financial Analysis)
2022_06,661873300,Fish and Wildlife Biologist
2022_06,659948400,ENGINEER
2022_06,662220100,"IT Specialist (INFOSEC), NB-2210-V"
2022_06,659098600,Title 5 ENVIRONMENTAL PROTECTION SPECIALIST (MI 127th CES)
2022_06,658478400,Supervisory Fish Biologist
2022_06,659740500,Conservation Planner
2022_06,659203600,Environmental Protection Specialist - DIRECT HIRE (Term NTE 4 Years)
2022_06,658767300,POWERED SUPPORT SYSTEMS MECHANIC LEADER
2022_06,657837500,ENGINEERING TECHNICIAN/NF-3
2022_06,658201700,GENERAL ATTORNEY
2022_06,657275200,"Environmental Engineer, Physical Scientist, Life Scientist"
2022_06,659578300,"Program Analyst (Supervision Support), NB-0343-V"
2022_06,661283800,Supervisory Program Director (Alaska Regional Director)
2022_06,662775500,"NBE/BE (LB Technical Team Lead) with emphasis in Capital Markets, NB-0570-VI Step 2"
2022_06,659579000,"Program Analyst (Supervision Support), NB-0343-V"
2022_06,662122100,"Supervisory Accountant, NB-0510-VI.2"
2022_06,658369600,Marine Traffic Controller
2022_06,661455100,ELECTRICAL ENGINEER
2022_06,659008800,Civil Engineer
2022_06,660273900,"NBE/BE (Sr Lead Expert Risk Specialist) w/ emphasis in Commercial Credit, NB-0570-VI.2"
2022_06,662402900,"National Bank Examiner (Analyst to the ADC), NB-570 step 2"
2022_06,659036400,Concessions Management Specialist
2022_06,659183500,"Supervisory Financial Management Analyst, NB-0501-VI.2"
2022_06,659694200,"NBE/BE (LB Field Examiner) with emphasis in Compliance, NB-570-V.2"
2022_06,659709100,Social Worker  (Program Coordinator)
2022_06,659343700,Environmental Protection Specialist (Grants Project Officer)
2022_06,658699800,Plant Protection and Quarantine Officer (Plant Health Safeguarding Specialist)
2022_06,662936200,"Senior Deputy Comptroller, NB-0570-IX"
2022_06,659625800,Wildlife Refuge Manager
2022_06,661895700,Senior Policy Analyst
2022_06,658923700,"Program Analyst (IT Asset Management), NB-0343-5"
2022_06,657564100,IT Project Manager
2022_06,657535900,SUPERVISORY PARK RANGER (I)
2022_06,659320500,"National Bank Examiner/Bank Examiner (Risk Specialist), NB-0570-VI"
2022_06,657819500,Criminal Investigator (Special Agent)
2022_06,657625700,Plant Protection Technician (Domestic)
2022_06,658368600,Marine Traffic Controller
2022_06,662774400,"NBE/BE (LB Technical Team Lead) with emphasis in Capital Market, NB-0570-VI Step 2"
2022_06,662629500,SECURITY ASSISTANT
2022_06,659583500,"NBE/BE (LB Field Examiner) with emphasis in Safety & Soundness, NB-0570-V"
2022_06,661773500,Civil Engineer (CTAP/ICTAP)
2022_06,658018700,IT Project Manager
2022_06,660852000,"Sr IT Program Manager, NB-2210-VI"
2022_06,659010800,Civil Engineer
2022_06,659710800,Social Worker  (Program Coordinator)
2022_06,661026600,"National Bank Examiner (Large Branch Examiner In Charge), NB-570-VI.2"
2022_06,660181500,"National Bank Examiner (Analyst to ADC), NB-570-5, Step 2"
2022_06,661764500,Supervisory Recreation Fee Technician
2022_06,658723300,"NBE/BE (LB Field Examiner) with emphasis in BIT, NB-0570-V Step 2"
2022_06,660274000,"Administrative Assistant (OA), NB-0303-3"
2022_06,660433800,Petroleum Engineer
2022_06,658566100,Environmental Policy Analyst
2022_06,662936900,"Senior Deputy Comptroller, NB-0570-IX"
2022_06,660523400,"Human Resources Specialist (Human Resources Development), NB-201-VI"
2022_06,661591300,FIRE PROTECTION SPECIALIST
2022_06,659704300,"HR Specialist (Info Sys), NB-201-V"
2022_06,659682200,"NBE/BE (LB Field Examiner) with emphasis in Compliance, NB-570-V"
2022_06,659715900,"Director, Project Management Office - NB-301-VII"
2022_06,660936800,Industrial Hygienist
2022_06,661201700,Realty Specialist
2022_06,661286600,Supervisory Program Director (Pacific Regional Director)
2022_06,658377000,Environmental Engineer
2022_06,658335000,SUPERVISORY FACILITY OPERATIONS SPECIALIST
2022_06,660285300,GENERAL BUSINESS & INDUSTRIAL SPECIALIST
2022_06,658333300,Assistant Hospital Housekeeping Officer
2022_06,661284900,Supervisory Program Director (Pacific Regional Director)
2022_06,658705600,"National Bank Examiner (International Banking Supervision Field Examiner), NB-0570-V Step 2"
2022_06,659585300,"NBE/BE (LB Field Examiner) with emphasis in Safety & Soundness, NB-0570-V.2"
2022_06,662935800,"Senior Deputy Comptroller, NB-0301-IX"
2022_06,659463900,Regulatory Project Manager
2022_06,661686800,Interdisciplinary - Regulatory - DIRECT HIRE AUTHORITY
2022_06,659450300,Regulatory Project Manager - DIRECT HIRE AUTHORITY
2022_06,661666400,Interdisciplinary - Regulatory
2022_06,662936300,"Senior Deputy Comptroller, NB-0570-IX"
2022_06,658003400,Life Scientist/Environmental Engineer/Physical Scientist (Senior Permit Specialist)
2022_06,657633000,Life Scientist/Environmental Engineer/Physical Scientist (Senior Surface Water Quality Specialist)
2022_06,661262800,SUPERVISORY INTERDISCIPLINARY
2022_06,660498400,INTERDISCIPLINARY ENGINEER ARCHITECT
2022_06,663145500,Interdisciplinary
2022_06,658636000,INTERDISCIPLINARY ECOLOGIST/WILDLIFE BIOLOGIST
2022_06,659470400,INTERDISCIPLINARY
2022_06,656819800,Marine Traffic Controller
2022_06,661897200,Senior Policy Analyst
2022_06,657474200,Social Worker - Primary Care
2022_06,661502000,Plant Protection and Quarantine Officer (Plant Health Safeguarding Specialist)
2022_06,660749800,"Contract Specialist, NB-1102-V.2"
2022_06,660993400,"National Bank Examiner (Assistant Deputy Comptroller), NB-570-7"
2022_06,657796800,Backcountry Visitor Technician (Wilderness)
2022_06,661790800,NBE/BE (Payment Risk Analyst))-NB-570-6
2022_06,657478000,Social Worker - Primary Care
2022_06,659715400,"Director Project Management Office, NB-301-VII"
2022_06,660596800,"Supervisory NBE/BE (LB Team Lead) with emphasis in Compliance, NB-0570-VII"
2022_06,662935600,"Senior Deputy Comptroller, NB-0301-IX"
2022_06,662936700,"Senior Deputy Comptroller, NB-0570-IX"
2022_06,661284300,Supervisory Program Director (Alaska Regional Director)
2022_06,658704500,"National Bank Examiner  (International Banking Supervision Field Examiner), NB-0570-V"
2022_06,658808900,"NBE/BE (LB Field Examiner) with emphasis in BIT, NB-0570-V"
2022_06,659485100,"Supervisory HR Specialist (Info Sys), NB-201-VI"
2022_06,656779100,Biologist
2022_06,661768100,Interdisciplinary Geologist/Geophysicist/Petroleum Engineer
2022_06,661688900,Natural Resource Specialist/Physical Scientist
2022_06,662662400,INTERDISCIPLINARY ENVIRONMENTAL ENGINEER/PHYSICAL SCIENTIST
2022_06,661542400,Supervisory Industrial Hygienist
2022_06,660617700,FIRE PROTECTION SPECIALIST
2022_06,657984300,"National Bank Examiner/Bank Examiner (Enterprise Governance and Operational Risk), NB-570-5 step 2"
2022_06,657719000,Supervisory Natural Resources Specialist
2022_06,659933600,Realty Specialist (Generalist)
2022_07,667346700,Locksmith
2022_07,664921300,Financial Specialist - Funding Transfer Program Specialist
2022_07,667225100,Materials Handler
2022_07,665405000,Environmental Protection Specialist (Leader)
2022_07,666630200,Biological Science Information Specialist
2022_07,666627800,Biological Science Information Specialist
2022_07,666971900,Leading Leaders Readiness Program - TEMP NTE 1 yr
2022_07,665288500,SUPVERVISORY ENVIRONMENTAL ENGINEER/NATURAL RESOURCES SPECIALIST/PHYSICAL SCIENTIST
2022_07,666791700,Biological Science Information Specialist (Data Scientist)
2022_07,666545900,Frontline Manager Readiness Program - NTE 18 Months
2022_07,667831900,Civil Engineer
2022_07,663317100,"Honors Attorney Program, Law Clerk/Attorney, GS-0904/0905-11/12/13/14"
2022_07,663548300,"Attorney-Advisor (General), NB-0905-VI"
2022_07,664071100,SUPERVISORY ENVIRONMENTAL PROTECTION SPECIALIST
2022_07,664284000,Manager Naval Reactors Laboratory Field Office
2022_07,664063200,"Interdisciplinary, GS-0401/1301-12"
2022_07,662942300,Supervisory Fish Biologist
2022_07,664745800,"NBE (IBS Field Examiner/Portfolio Manager) w/ emphasis in Safety & Soundness, NB-0570-VI"
2022_07,666986400,"Supervisory Financial Manager, NB-0505-VII.2"
2022_07,664732900,"NBE/BE (LB Field Examiner) with emphasis in Safety & Soundness, NB-0570-VI"
2022_07,665965900,"National Bank Examiner/Bank Examiner (Asset Management Lead Expert), NB-0570-6"
2022_07,666151400,"National Bank Examiner/Bank Examiner (Consumer Compliance Lead Expert), NB-570-6"
2022_07,666757200,Environmental Protection Specialist
2022_07,666443800,"NBE/BE (LB Field Examiner) with emphasis in BIT, NB-0570-V Step 2"
2022_07,668507400,"NBE/BE (Risk Expert - Capital), NB-0570-6"
2022_07,666078800,"Supervisory NBE/BE (Director for District Licensing), NB-0570-VII"
2022_07,663235200,Realty Specialist (Generalist)
2022_07,666151200,"National Bank Examiner/Bank Examiner (Consumer Compliance Lead Expert), NB-570-6"
2022_07,666444800,"NBE/BE (LB Field Examiner) with emphasis in Commercial Credit, NB-0570-V"
2022_07,666488200,"Supervisory NBE/BE (LB Team Lead) with emphasis in BIT, NB-0570-VII"
2022_07,666730800,"NBE/BE (Significant Service Providers/Central Point of Contact), NB-0570-VI"
2022_07,666832400,"Examination Technician, NB-0503-IV"
2022_07,667086700,Environmental Protection Assistant
2022_07,667283600,"NBE/BE (LB Technical Team Lead) w/ emphasis in Compliance, NB-0570-VI.2"
2022_07,667532700,"NBE/BE (Significant Service Providers/Central Point of Contact), NB-0570-VI"
2022_07,664802200,"National Bank Examiner (Novel Banks), NB-570-6"
2022_07,668235300,"Human Resources Specialist, NB-0201-VI.2"
2022_07,667535100,"NBE/BE (Significant Service Providers/Central Point of Contact), NB-0570-VI"
2022_07,664539700,Supervisory National Bank Examiner/Bank Examiner (MCBS Financial Analysis Team Lead) NB-570-6 step 2
2022_07,666854500,"Supervisory National Bank Examiner (Team Leader), NB-0570-6"
2022_07,667460200,"National Bank Examiner (Field Examiner), NB-570-6"
2022_07,666774400,NBE-BE (Consumer Compliance Specialist)-NB-570-6
2022_07,667282700,"NBE/BE (LB Field Examiner) w/ emphasis in Operational Risk, NB-0570-VI"
2022_07,664425000,"NBE/BE (LB Field Examiner) w/ emphasis in Commercial Credit, NB-570-VI"
2022_07,665470200,Ecologist
2022_07,667625100,Plant Protection and Quarantine Officer (Plant Health Safeguarding Specialist)
2022_07,665970800,"National Bank Examiner/Bank Examiner (Asset Management Lead Expert), NB-0570-6"
2022_07,665454900,Environmental Engineer
2022_07,666151700,"National Bank Examiner/Bank Examiner (BSA/AML) Lead Expert, NB-570-6"
2022_07,664539300,"Supervisory National Bank Examiner/Bank Examiner (MCBS Resource Team Manager), NB-570 -6 step 2"
2022_07,666739200,"NBE/BE (LB Field Examiner) with emphasis in Compliance, NB-0570-VI"
2022_07,664098900,"National Bank Examiner (Analyst to Associate Deputy Comptroller), NB-0570-6"
2022_07,665464900,Environmental Engineer
2022_07,667459500,National Bank Examiner/Bank Examiner (Enterprise Governance and Operational Risk LE) NB-570-6
2022_07,667649400,Environmental Protection Specialist
2022_07,668298400,"Supervisory National Bank Examiner/Bank Examiner (Examiner-In-Charge), NB-570-6 step 2"
2022_07,665992100,"National Bank Examiner/Bank Examiner (Commercial Credit Lead Expert), NB-0570-6"
2022_07,667861900,Natural Resource Specialist
2022_07,666078500,"Supervisory NBE/BE (Director for District Licensing), NB-0570-VII"
2022_07,665089000,"Regulatory Specialist, NB-0301-V"
2022_07,665438800,"National Bank Examiner (Analyst to Deputy Comptroller), NB-0570-6, Step 2"
2022_07,667460100,"National Bank Examiner (Field Examiner), NB-570-6"
2022_07,663763400,"NBE/BE (LB Technical Team Lead), with emphasis in Compliance, NB-570-VI.2"
2022_07,664421200,"NBE/BE (LB Field Examiner) w/ emphasis in Compliance, NB-570-V"
2022_07,665069600,"National Bank Examiner/ Bank Examiner (Retail Credit), NB-570- 5 step 2"
2022_07,664189600,"NBE/BE (Analyst to the IBS Director), NB-0570-VI"
2022_07,664055500,"Environmental Engineer, GS-0819-12"
2022_07,666984900,"Supervisory Program Manager, NB-340-VII.2"
2022_07,664258100,"Environmental Engineer, GS-0819-12"
2022_07,667862400,Natural Resource Specialist
2022_07,663509400,Renewable Energy Specialist (Safety)
2022_07,663666100,Environmental Engineer
2022_07,666057400,REALTY SPECIALIST (GENERALIST)
2022_07,665674300,Alcohol & Tobacco Tax Specialist
2022_07,667418200,Hospital Housekeeping Officer
2022_07,664170300,"National Bank Examiner/Bank Examiner (Risk Officer Analyst), NB-0570-5, Step 2"
2022_07,665974500,"National Bank Examiner/Bank Examiner (Commercial Credit Lead Expert), NB-0570-6"
2022_07,666307800,PPQ Technician (Domestic)
2022_07,667007100,Plant Protection and Quarantine Officer (Plant Health Safeguarding Specialist)
2022_07,666494100,Civil Engineer
2022_07,665949700,"National Bank Examiner (Analyst to ADC), NB-570-5, Step 2"
2022_07,666829800,"Examination Technician, NB-0503-IV"
2022_07,667158800,Environmental Protection Assistant
2022_07,665512200,Supv Interdisciplinary
2022_07,664009300,"Environmental Engineer, Physical Scientist, Life Scientist"
2022_07,667692600,Environmental Engineer/Physical Scientist/Life Scientist (Permit Specialist)
2022_07,668403100,Interdisciplinary
2022_07,667089000,Environmental Engineer/Life Scientist/Physical Scientist (Permit Specialist)
2022_07,663698400,Interdisciplinary (Senior Regulatory Project Manager) - Direct Hire (Open Continuous)
2022_07,667052200,Life Scientist/Environmental Engineer/Physical Scientist
2022_07,668402600,Interdisciplinary
2022_07,666513200,Interdisciplinary position Biologist - Wildlife Biologist
2022_07,663411200,Industrial Hygienist
2022_07,667459400,National Bank Examiner/Bank Examiner (CRA/FL) Lead Expert NB-570-6
2022_07,664424300,"NBE/BE (LB Field Examiner) w/ emphasis in Compliance, NB-570-V.2"
2022_07,668503600,"NBE /BE (LB Field Examiner) w/ emphasis in Compliance, NB-0570-VI"
2022_07,668298300,"Supervisory National Bank Examiner (Examiner-in-Charge), NB-570 6 step 2"
2022_07,667459200,National Bank Examiner/Bank Examiner (CRA/FL) Lead Expert NB-570-6
2022_07,663071700,Supervisory Range Operations Specialist
2022_07,668505000,"NBE/BE (Risk Expert - Capital), NB-0570-6"
2022_07,663770800,"NBE/BE (Large Banks Field Examiner) w/emphasis in Capital Markets, NB-570-V"
2022_07,663564300,"Realty Specialist, ZA-1170-2/3 (DE/CR)"
2022_07,667211600,Environmental Protection Specialist
2022_07,658378700,Environmental Engineer
2022_07,667758800,"National Bank Examiner/Bank Examiner (Enterprise Governance and Operational Risk), NB-570-6"
2022_07,664718100,Lead Environmental Engineer
2022_07,667545100,Plant Protection Technician (Domestic)
2022_07,664999900,"Supvy NBE/BE (LBS Quality Assurance Program Mgr), NB-570-VI.2"
2022_07,667373400,"NBE/BE (LB Field Examiner) w/ emphasis in Compliance, NB-0570-VI"
2022_07,665997600,"National Bank Examiner/Bank Examiner (Retail Credit Lead Expert), NB-0570-6"
2022_07,664226900,HR Specialist (Benefits)-NB-201-4
2022_07,663377300,"Executive Assistant to the Chief of Staff, NB-0301-V"
2022_07,663909900,Supervisory Civil Engineer
2022_07,664103000,"National Bank Examiner/Bank Examiner (Technology Service Providers), NB-0570-6"
2022_07,664204300,Supervisory Alcohol and Tobacco Tax Specialist
2022_07,664282200,Realty Specialist
2022_07,664423100,"NBE/BE (LB Field Examiner) w/ emphasis in Safety and Soundness, NB-0570-V.2"
2022_07,663935200,Supvy. HR Specialist (Performance Culture) - NB-201-VI
2022_07,664575000,"National Bank Examiner/Bank Examiner (Technology Service Providers), NB-0570-6"
2022_07,664750000,"NBE/BE (Large Banks Field Examiner) w/emphasis in Compliance, NB-570-V.2"
2022_07,663780900,"NBE/BE (LB Field Examiner) with emphasis in Capital Markets, NB-570-V.2"
2022_07,667107700,"Human Resources Specialist, NB-0201-VI.2"
2022_07,666004200,"National Bank Examiner/Bank Examiner (Retail Credit Lead Expert), NB-0570-6"
2022_07,664200200,ALCOHOL & TOBACCO TAX SPECIALIST
2022_07,667459600,National Bank Examiner/Bank Examiner (Enterprise Governance and Operational Risk LE) NB-570-6
2022_07,666687700,"NBE/BE (LB Field Examiner) with emphasis in Commercial Credit, NB-570-V.2"
2022_07,666753500,"NBE/BE (Large Bank Field Examiner) w/emphasis in Retail Credit, NB-570-V.2"
2022_07,663082300,INTERDISCIPLINARY INSTALLATION AIR QUALITY PROGRAM MANAGER
2022_07,666151800,"National Bank Examiner/Bank Examiner (BSA/AML) Lead Expert, NB-570-6"
2022_07,666770500,NBE-BE (Consumer Compliance Specialist)-NB-570-6
2022_07,663564400,"Realty Specialist, ZA-1170-2/3 (MAP)"
2022_07,665609100,"NBE/BE (Analyst To LBS Deputy Comptroller), NB-570-VI.2"
2022_07,664539500,"Supervisory National Bank Examiner/Bank Examiner (MCBS Resource Team Manager), NB-570-6 step 2"
2022_07,666124900,Field Manager
2022_07,666291300,FIRE PROTECTION SPECIALIST
2022_07,662975900,Wildlife Biologist
2022_08,671962000,"Director, Office of Railroad Planning & Engineering"
2022_08,666842600,Life Scientist/Physical Scientist/Environmental Engineer
2022_08,668655700,Natural Resource Specialist
2022_08,671686700,Biological Scientist
2022_08,674675400,Chief Environmental Safety & Health Group
2022_08,672539600,Attorney-Adviser (General)
2022_08,674599300,POWERED SUPPORT SYSTEMS MECHANIC LEADER
2022_08,671008900,Biological Scientist/Physical Scientist
2022_08,673432100,Permits Biologist
2022_08,673286400,"Temporary Supervisory National Bank Examiner (Assistant Deputy Comptroller), NB-570-7"
2022_08,670604500,"Interdisciplinary, GS-0401/1301-12"
2022_08,674682800,Chief Environmental Safety & Health Group
2022_08,671972200,"Director, Office of Railroad Planning & Engineering"
2022_08,670626000,Environmental Protection Specialist
2022_08,672708500,Supervisory Attorney Advisor (General)
2022_08,671326900,"Natural Resources Manager/Physical Scientist, GS-0401/1301-12"
2022_08,672447200,Lead Park Ranger (Wilderness)
2022_08,674399600,ELECTRONICS MECHANIC
2022_08,671913900,"Biologist, ZP-0401-3 (DHA)"
2022_08,669276400,"Legal Assistant, NB-0986-IV"
2022_08,667938600,Social Worker (Program Coordinator)
2022_08,669678400,"National Bank Examiner/Bank Examiner (Bank Information Technology), NB-570-6"
2022_08,674787000,Assistant Field Manager (Minerals and Lands)
2022_08,669427600,Plant Protection Technician (Domestic)
2022_08,669132400,General Engineer
2022_08,670588600,"Secretary (OA), NB-0318-4"
2022_08,669282400,Petroleum Engineer
2022_08,673961400,PARALEGAL SPECIALIST
2022_08,669385100,"National Bank Examiner (Field Examiner), NB-570-6"
2022_08,674369700,Administrative Officer (Deputy Associate Director for Management)
2022_08,668833000,"Supervisory NBE/BE (LB Team Lead), NB-570-VII (Temporary NTE 1 Year)"
2022_08,670757900,Environmental Protection Specialist
2022_08,668555100,"National Bank Examiner (Analyst to ADC), NB-570-5 step 2"
2022_08,669959600,"National Bank Examiner (Analyst to MBS Examiner-in-Charge), NB-570 5 step 2"
2022_08,668823300,"Supervisory National Bank Examiner (Examiner-In-Charge), NB-0570-VII.2"
2022_08,668980400,"Examination Technician, NB-0503-IV"
2022_08,669298100,Supervisory IT Specialist (PLCYPLN)
2022_08,669428800,Plant Protection Technician (Domestic)
2022_08,672880700,Biological Scientist (Environmental)
2022_08,670221500,Environmental Engineer
2022_08,673630600,Environmental Engineer
2022_08,671669500,Alcohol & Tobacco Tax Specialist
2022_08,669274900,Petroleum Engineer
2022_08,672883200,Biological Scientist (Environmental)
2022_08,672830500,Clerk (Office Automation)
2022_08,673870200,Administrative Officer (Deputy Associate Director for Management)
2022_08,674353700,"Associate Deputy Comptroller, NB-570-7.2"
2022_08,669606900,Realty Specialist
2022_08,670568300,Nurse Practitioner - Public Health Department
2022_08,671324800,"Environmental Engineer,GS-0819-12"
2022_08,670444300,"NBE/BE (LB Field Examiner) with emphasis in Safety and Soundness, NB-0570-V"
2022_08,668555200,"National Bank Examiner (Team Leader), NB-570-6"
2022_08,669892400,Wildlife Refuge Manager
2022_08,673151900,"Supervisory Investigative Analyst, ZA-1805-4 (MAP)"
2022_08,673371900,"Administrative Assistant (OA), NB-0303-III"
2022_08,672835500,Clerk (Office Automation)
2022_08,669275600,"Legal Assistant, NB-0986-IV"
2022_08,673325900,"NBE/BE (LB Technical Team Lead) with emphasis in ERM/Governance, NB-0570-VI.2"
2022_08,672147900,"National Bank Examiner (Enterprise Governance/Ombudsman Analyst), NB-0570-VI"
2022_08,671672300,Alcohol & Tobacco Tax Specialist
2022_08,669250300,"Supervisory NBE/BE (LB Team Lead), Capital Markets, NB-570-VII (Temp NTE 1 Year)"
2022_08,673669200,FIRE PROTECTION INSPECTOR
2022_08,669909400,Regulatory Project Manager
2022_08,669891800,Regulatory Project Manager - DIRECT HIRE ANNOUNCEMENT
2022_08,674443700,Frontline Manager Readiness Program
2022_08,667936400,Social Worker (Program Coordinator)
2022_08,674136400,ENVIRONMENTAL ENGINEER
2022_08,674141300,"Public Affairs Specialist, NB-1035-V"
2022_08,670307300,Supervisory Life Scientist/Environmental Engineer/Physical Scientist
2022_08,671821300,"Environmental Engineer, Physical Scientist, Life Scientist"
2022_08,671014500,Life Scientist/Environmental Engineer/Physical Scientist
2022_08,672819500,INTERDISCIPLINARY ENGINEER/ARCHITECT
2022_08,669960900,INTERDISCIPLINARY ECOLOGIST/WILDLIFE BIOLOGIST
2022_08,674307300,"Administrative Assistant (OA), NB-0303-III"
2022_08,670383100,"Administrative Assistant (Office Automation), NB-0303-III"
2022_08,670609500,"Environmental Engineer, GS-0819-12"
2022_08,673465000,Realty Specialist (Generalist)
2022_08,670015700,Pharmacy Technician (Controlled Substances)
2022_08,668949600,"NBE/BE (LB Field Examiner) with emphasis in Community Reinvestment Act, NB-0570-VI"
2022_08,669430500,Plant Protection Technician (Domestic)
2022_08,670016500,"NBE/BE (LB Field Examiner) with emphasis in Operational Risk, NB-0570-V"
2022_08,673158300,"Supervisory Investigative Analyst, ZA-1805-4 (DE/CR)"
2022_08,670016700,"NBE/BE (LB Field Examiner) with emphasis in Operational Risk, NB-0570-V.2"
2022_08,672475700,Environmental Protection Specialist
2022_08,673047300,ENVIRONMENTAL PROTECTION SPECIALIST
2022_08,670401300,Environmental Protection Specialist
2022_08,670608100,"Environmental Engineer, GS-0819-12"
2022_08,671655900,"NBE/BE (LB Field Examiner) with emphasis in Commercial Credit, NB-0570-V.2"
2022_08,671732400,"NBE/BE (LB Field Examiner) with emphasis in Asset Management, NB-570-VI"
2022_08,674536800,HR Specialist (Payroll)
2022_08,673136600,Safety & Occupational Health Specialist
2022_08,672258300,"NBE/BE (LB Field Examiner) with emphasis in Retail Credit, NB-0570-V Step 2"
2022_08,673322800,"NBE/BE (LB Technical Team Lead) with emphasis in Capital Markets, NB-0570-VI.2"
2022_08,664783600,Environmental Protection Specialist
2022_08,669084700,Realty Specialist (Generalist)
2022_08,671588700,Fish and Wildlife Administrator
2022_08,671652900,"NBE/BE (LB Field Examiner) with emphasis in Commercial Credit, NB-0570-V"
2022_08,669415200,"NBE/BE (LB Field Examiner) with emphasis in Compliance, NB-0570-V"
2022_08,672955300,Administrative Support Assistant
2022_08,674441000,Interdisciplinary
2022_08,669314000,"NBE/BE (LB Field Examiner) with emphasis in Commercial Credit, NB-570-VI"
2022_08,669427200,Plant Protection Technician (Domestic)
2022_08,673002600,Supervisory Environmental Engineer
2022_08,669609000,Realty Specialist
2022_08,669892300,Wildlife Refuge Manager
2022_08,669415700,"NBE/BE (LB Field Examiner) with emphasis in Compliance, NB-0570-V.2"
2022_08,668942500,"NBE/BE (LB Compliance) with emphasis in CRA, NB-0570-VI.2"
2022_08,668949100,"NBE/BE (LB Field Examiner) with emphasis in Community Reinvestment Act, NB-0570-V.2"
2022_08,672256900,"NBE/BE (LB Field Examiner) with emphasis in Retail Credit, NB-0570-V"
2022_08,671902900,"NBE/BE (LB Field Examiner) with emphasis in Compliance, NB-570-VI"
2022_08,669157700,Interdisciplinary Mining Engineer/Geologist
2022_08,669158000,Interdisciplinary Mining Engineer/Geologist
2022_08,670417200,Environmental Engineer/ Physical Scientist (Permit Specialist)
2022_08,671452700,Senior Technical Advisor for Environment and Regulatory Compliance
2022_08,671424900,Deputy Manager Los Alamos Field Office
2022_08,670199100,"NBE/BE (LB Field Examiner) with emphasis in ERM/Governance, NB-0570-V.2"
2022_08,669397200,Mining Engineer
2022_08,670351600,"NBE/BE (LB Technical Team Lead) w/ emphasis in Commercial Credit, NB-570-VI.2"
2022_08,668951100,ENVIRONMENTAL PROTECTION SPECIALIST
2022_09,679955900,Chief Environmental Safety & Health
2022_09,680199100,Physical Science Technician
2022_09,680182700,Physical Science Technician
2022_09,679957000,Chief Environmental Safety & Health
2022_09,680224900,Physical Science Technician
2022_09,679953900,Chief Environmental Safety & Health
2022_09,675081400,"Supervisory National Bank Examiner (Examiner-In-Charge), NB-0570-VII.2 (Temporary NTE 1 Year)"
2022_09,614887100,Court Reporter
2022_09,676358300,Student Trainee (Accounting/Auditing)
2022_09,675345100,Financial Management Specialist
2022_09,679045900,Law Clerk (Trainee)
2022_09,675012200,"Natural Resources Manager/Physical Scientist, GS-0401/1301-12"
2022_09,678242800,APPEALS Frontline Leader Readiness Program  (FLRP)
2022_09,676462800,Leading Leaders Readiness Program (TAS)
2022_09,678873700,Jury Specialist
2022_09,679451500,Materials Handler
2022_09,676110300,"Temporary National Bank Examiner/Bank Examiner (Technology Service Provider), NB-570-6"
2022_09,675957900,Administrative Officer
2022_09,679042500,Law Clerk (Trainee)
2022_09,678374100,Fish and Wildlife Biologist
2022_09,677792200,Environmental Protection Specialist
2022_09,678634900,POWERED SUPPORT SYSTEMS MECHANIC
2022_09,674907200,"Natural Resource Specialist, ZP-0401-3 (Direct Hire)"
2022_09,679037200,General Attorney (Labor)
2022_09,679721500,Emergency Management Specialist (Mitigation)
2022_09,677505700,Frontline Manager Readiness Program
2022_09,675858100,Capital Program Branch Manager
2022_09,677352300,Natural Resource Specialist
2022_09,677792400,Environmental Protection Specialist
2022_09,703941000,Court Reporter
2022_09,678283300,Realty Specialist (Generalist)
2022_09,679484600,Physical Scientist (Environmental)
2022_09,679562000,"NBE/BE (LB Field Examiner) w/ emphasis in Bank Information Technology, NB-0570-VI"
2022_09,679839000,"National Bank Examiner (Analyst to ADC), NB-570-5, Step 2"
2022_09,678876000,"Supervisory National Bank Examiner (Assistant Deputy Comptroller), NB-0570-7"
2022_09,679613200,"National Bank Examiner/Bank Examiner (Commercial Credit Lead Expert Support), NB-570-5, Step 2"
2022_09,677394100,"NBE/BE (LB Field Examiner) with emphasis in BSA/AML, NB-0570-VI"
2022_09,679286600,SAFETY & OCCUPATIONAL HEALTH MANAGER
2022_09,678312500,Environmental Protection Specialist
2022_09,679523800,Realty Specialist
2022_09,678886200,SUPERVISORY ENVIRONMENTAL PROTECTION SPECIALIST
2022_09,678153300,Realty Specialist (Contracts Management)
2022_09,675245600,ENVIRONMENTAL ENGINEER
2022_09,676155600,"Administrative Assistant (OA), NB-0303-3"
2022_09,676306900,"NBE/BE (Large Bank Field Examiner) with emphasis in Capital Markets, NB-0570-V.2"
2022_09,676597100,"NBE/BE (LB Field Examiner) w/ emphasis in Compliance, NB-0570-V.2"
2022_09,679215100,"NBE/BE (Senior Advisor to the Senior Deputy Comptroller for SRA), NB-0570-VII"
2022_09,677214200,Realty Specialist (Generalist)
2022_09,678785700,SUPERVISORY ENVIRONMENTAL PROTECTION SPECIALIST (TITLE 5)
2022_09,674785800,"NBE/BE (LB Field Examiner) with emphasis in ERM/Governance and Ops Risk, NB-0570-V"
2022_09,677394300,"NBE/BE (LB Field Examiner) with emphasis in ERM/Governance, NB-0570-V"
2022_09,679540300,"NBE/BE (LB Field Examiner) w/ emphasis in Operational Risk, NB-0570-V.2"
2022_09,679838500,"Supervisory National Bank Examiner (Team Leader), NB-0570-6"
2022_09,679272300,"NBE/BE (LB Field Examiner) w/emphasis in Capital Markets, NB-570-VI"
2022_09,678445800,"NBE/BE (Sr Lead Expert Risk Specialist) with emphasis in ERM/Governance/Ops Risk, NB-0570-VI.2"
2022_09,677282100,SUPERVISORY ENVIRONMENTAL PROTECTION SPECIALIST
2022_09,674931700,Pharmacy Technician
2022_09,678690500,Realty Specialist  - (ROW Coordinator)
2022_09,677467600,"NBE/BE (LB Field Examiner) with emphasis in Safety & Soundness, NB-570-V.2"
2022_09,679370500,"NBE/BE (LB Field Examiner) with emphasis in Retail Credit, NB-0570-V"
2022_09,680699200,ENVIRONMENTAL PROTECTION SPECIALIST
2022_09,679719900,"Government Information Specialist, NB-0306-IV (FPL NB-V)"
2022_09,679721000,Emergency Management Specialist (Mitigation)
2022_09,676597400,"NBE/BE (LB Field Examiner) w/ emphasis in Bank Information Technology, NB-0570-V.2"
2022_09,680081600,"National Bank Examiner (Analyst to the Examiner-In-Charge), NB-570-5 step 2"
2022_09,676212000,"NBE/BE (LB Field Examiner) with emphasis in Asset Management, NB-0570-V"
2022_09,679955100,Alcohol and Tobacco Tax and Permit Technician
2022_09,677720200,"NBE/BE (Tech Expert-Commercial Credit Risk), NB-0570-VII"
2022_09,679726300,"Organizational Consultant, NB-0301-VI"
2022_09,679271800,"NBE/BE (LB Field Examiner) with emphasis in Commercial Credit, NB-570-VI"
2022_09,676307600,"NBE/BE (LB Field Examiner) w/emphasis in Commercial Credit, NB-0570-V"
2022_09,676597000,"NBE/BE (LB Field Examiner) w/ emphasis in Compliance, NB-0570-V"
2022_09,676213400,"NBE/BE (LB Field Examiner) with emphasis in Safety & Soundness, NB-0570-5"
2022_09,676413800,Social Scientist
2022_09,675006500,"Environmental Engineer,GS-0819-12"
2022_09,675145600,Director for Community Development-NB-301-7
2022_09,679946700,Alcohol and Tobacco Tax and Permit Technician
2022_09,678685700,"Executive Support Administrator, NB-0301-V"
2022_09,678727700,Fire Protection Inspector
2022_09,676306500,"NBE/BE (Large Bank Field Examiner) w/emphasis in Capital Markets, NB-0570-V"
2022_09,675858200,Capital Program Branch Manager
2022_09,677466500,"NBE/BE (Analyst to Large Bank Examiner-In-Charge), NB-0570-VI"
2022_09,675143800,Director for Community Development-NB-301-7
2022_09,676156800,"Administrative Assistant (OA), NB-0303-3"
2022_09,676961700,Interdisciplinary (Supervisory)
2022_09,677605900,Interdisciplinary
2022_09,678794200,Interdisciplinary Watershed Manager
2022_09,677601400,Interdisciplinary
2022_09,678633700,Interdisciplinary Watershed Manager
2022_09,677468100,Supervisory Interdisciplinary Biologist Historian Archaeologist Physical Scientist Engineer
2022_09,679371600,"NBE/BE (LB Field Examiner) with emphasis in Retail Credit, NB-0570-V.2"
2022_09,677956800,Supervisory Life Scientist/Physical Scientist/Environmental Engineer
2022_09,679407600,Life Scientist/Environmental Engineer/Physical Scientist
2022_09,680459800,SUPV INTERDISCIPLINARY
2022_09,679183300,Interdisciplinary
2022_09,675960900,Interdisciplinary
2022_09,679487100,Interdisciplinary
2022_09,676308200,"NBE/BE (LB Field Examiner) w/emphasis in Commercial Credit, NB-0570-V.2"
2022_09,674932400,Pharmacy Technician (Controlled Substances)
2022_09,675681100,"Examination Technician, NB-0503-IV"
2022_09,676211600,"NBE/BE (LB Field Examiner) with emphasis in Asset Management, NB-0570-V.2"
2022_09,677801900,"Senior Web Content Specialist, NB-301-VI"
2022_09,675680100,"Examination Technician, NB-0503-IV"
2022_09,679376800,"NBE/BE (LB Field Examiner) with emphasis in Safety & Soundness, NB-0570-VI"
2022_09,676698600,Internal Revenue Agent - Joint Committee Specialist
2022_09,679372000,"NBE/BE (LB Field Examiner) with emphasis in Asset Management, NB-0570-VI"
2022_09,677230200,Mail Supervisor
2022_09,676212700,"NBE/BE (LB Field Examiner) with emphasis in Safety & Soundness, NB-0570-V.2"
2022_09,675009300,"Environmental Engineer,GS-0819-12"
2022_09,675043600,"Waterways Management & Port Recovery Specialist, GS-2101-12"
2022_09,675540300,"Assistant National Bank Examiner, NB-0570-3"
2022_09,674720400,SECURITY ASSISTANT
2022_09,678774400,"NBE/BE (Sr Lead Expert Risk Specialist) with emphasis in Asset Management, NB-0570-VI.2"
2022_09,676750100,MANAGER
2022_09,679569800,"NBE/BE (LB Field Examiner) w/ emphasis in Compliance, NB-0570-VI"
2022_09,677467100,"NBE/BE (LB Field Examiner) with emphasis in Asset Management, NB-570-V.2"
2022_09,679816100,"National Bank Examiner/Bank Examiner (BIT Lead Expert Support), NB-570-5 step 2"
2022_09,677723700,"NBE/BE (Tech Expert-Commercial  Credit Risk), NB-0570-VII"
2022_09,680839300,Realty Specialist (Generalist)
2022_09,675040100,"Waterways Management & Port Recovery Specialist, GS-2101-12"
2022_09,675075800,General Engineer Physical Scientist
2022_09,674495400,Environmental Protection Specialist
2022_09,675753500,"Administrative Assistant (OA), NB-0303-3"
2022_09,675571400,SUPERVISORY ENVIRONMENTAL PROTECTION SPECIALIST
2022_09,677394400,"NBE/BE (LB Field Examiner) with emphasis in ERM/Governance, NB-0570-V.2"
2022_09,676349200,Environmental Care Specialist
2022_09,679540200,"NBE/BE (LB Field Examiner) w/ emphasis in Operational Risk, NB-0570-V"
2022_09,679272200,"NBE/BE (LB Field Examiner) w/emphasis in Bank Secrecy Act/Anti-Money Laundering, NB-570-V"
2022_09,676597300,"NBE/BE (LB Field Examiner) w/ emphasis in Bank Information Technology, NB-0570-V"
2022_10,685347000,Attorney-Adviser (General)
2022_10,685516900,Attorney Adviser
2022_10,685886600,"Temporary Supervisory National Bank Examiner (Team Leader), NB-570-6"
2022_10,682076400,Special Advisor for Implementation
2022_10,684214000,Pipefitter
2022_10,682140000,Special Advisor for Implementation
2022_10,683075700,Civil Engineer
2022_10,682955400,Interdisciplinary Life Scientist/Physical Scientist
2022_10,681883700,"Temporary National Bank Examiner (Analyst to the Associate Deputy Comptroller), NB-570-6"
2022_10,680894900,SUPERVISORY GENERAL ATTORNEY
2022_10,682232800,"Supervisory Human Resources Specialist, NB-201-VII (Temporary NTE 1 Year)"
2022_10,680727000,Administrative Support Assistant
2022_10,683154500,Program Manager
2022_10,684213800,Pipefitter
2022_10,682102600,Supervisory Attorney - Adviser
2022_10,681968400,POWERED SUPPORT EQUIPMENT REPAIRER
2022_10,682117100,Special Advisor for Implementation
2022_10,679452400,Materials Handler
2022_10,681259800,Transportation Engineer
2022_10,682605600,Pipefitter
2022_10,685978700,POWERED SUPPORT SYSTEMS MECHANIC LEADER
2022_10,685373100,Life Scientist/Environmental Engineer/Physical Scientist
2022_10,686083100,INTERDISCIPLINARY ENVIRONMENTAL ENGINEER/ PHYSICAL SCIENTIST
2022_10,686486700,"Financial Economist, NB-0110-V.2 (FPL NB-VI)"
2022_10,686211700,"Natural Resources Management Specialist/Physical Scientist, GS-0401/1301-12"
2022_10,685844900,Realty Specialist (Contracts Management)
2022_10,682436600,"Supervisory National Bank Examiner (Team Leader), NB-0570-6"
2022_10,682654200,"Deputy Comptroller for Systemic Risk Identification and Support, NB-0570-VIII"
2022_10,686005600,"NBE/BE  (Deputy Comptroller and Chief Financial Technology Officer), NB-570-8"
2022_10,680897900,Industrial Hygienist
2022_10,686241200,"Lead Accountant, NB-0510-VI"
2022_10,682710800,Internal Revenue Agent  (Appeals Tax Computation Specialist)
2022_10,685386100,"NBE/BE (LB Field Examiner) with emphasis in BSA/AML, NB-0570-VI"
2022_10,681517100,"NBE/BE (Large Banks Field Examiner) with emphasis in Capital Markets, NB-570-VI"
2022_10,682754000,Supervisory Range Operations Specialist
2022_10,681457700,"NBE/BE (LB Field Examiner) w/ emphasis in Safety and Soundness, NB-0570-V"
2022_10,684280900,Plant Protection and Quarantine Officer (Plant Health Safeguarding Specialist)
2022_10,684388300,"National Bank Examiner/Bank Examiner (Financial Analysis), NB-570-6"
2022_10,681836000,"National Bank Examiner/Bank Examiner (CRA/Fair Lending Lead Expert Support), NB-0570-5, Step 2"
2022_10,685341100,"NBE/BE (Analyst to the Deputy Comptroller for SRA), NB-0570-VI.2"
2022_10,681396900,"NBE/BE (LB Field Examiner) with emphasis in Bank Information Technology, NB-0570-V"
2022_10,682324600,"Supervisory Human Resources Specialist, NB-0201-VI.2"
2022_10,685503800,Management Analyst
2022_10,684219300,Interior Designer
2022_10,684558000,"National Bank Examiner (Field Examiner), NB-570-6"
2022_10,682425800,"National Bank Examiner/Bank Examiner (Consumer Compliance Lead Expert Support), NB-0570-5 step 2"
2022_10,685715900,"Supervisory IT Program Manager, NB-2210-VI.2"
2022_10,683369400,Supervisory Management and Program Analyst
2022_10,684618300,"National Bank Examiner (Field Examiner), NB-570-6"
2022_10,684706300,"National Bank Examiner/Bank Examiner (Capital Markets), NB-570-6"
2022_10,685679600,"National Bank Examiner (MCBS Liaison), NB-570-7"
2022_10,685919600,Safety & Occupational Health Manager
2022_10,686112300,Realty Specialist
2022_10,686385100,Permits Biologist
2022_10,684126700,"National Bank Examiner/Bank Examiner (BIT), NB-570-5 step 2"
2022_10,681104400,"Supervisory NBE/BE (Licensing Manager), NB-0570-VI.2, Temporary Promotion/Detail NTE 1 Year"
2022_10,684553600,"NBE/BE (LB Field Examiner) with emphasis in Compliance, NB-0570-VI"
2022_10,684933200,"NBE/BE (Technical Expert-Asset Management), NB-0570-7"
2022_10,681516500,"Data Scientist, NB-1560-V"
2022_10,686004900,"NBE/BE  (Deputy Comptroller and Chief Financial Technology Officer), NB-570-8"
2022_10,681601100,Park Ranger (Special Events Coordinator)
2022_10,684706100,"National Bank Examiner/Bank Examiner (Enterprise Governance and Operational Risk), NB-570-6"
2022_10,680369300,"National Bank Examiner/Bank Examiner (BSA/AML Lead Expert Support), NB--570-5, Step 2"
2022_10,680015200,"HR Specialist (Staffing), NB-0201-V"
2022_10,684126500,"National Bank Examiner/Bank Examiner (BIT), NB-570 5 step 2"
2022_10,686214400,"Environmental Engineer, GS-0819-12"
2022_10,686263400,Environmental Protection Specialist
2022_10,681284100,"National Bank Examiner/Bank Examiner (Ent Gov & Ops Risk Lead Expert Support), NB-0570-5 Step 2"
2022_10,685503700,Management Analyst
2022_10,686364900,Realty Specialist (Generalist)
2022_10,681399100,"NBE/BE (LB Field Examiner) with emphasis in Bank Information Technology, NB-0570-VI"
2022_10,684706000,"National Bank Examiner/Bank Examiner (BIT), NB-570-6"
2022_10,683802100,Legal Instruments Examiner
2022_10,683902100,"Personnel Psychologist, NB-0180-VI"
2022_10,683389300,Financial Analyst
2022_10,683102600,Realty Specialist (Generalist)
2022_10,681674900,"HR Assistant, NB-0203-IV"
2022_10,684638400,"National Bank Examiner (Field Examiner), NB-570-6"
2022_10,683805800,Auditor (Financial)
2022_10,684085500,"National Bank Examiner (Analyst to Deputy Comptroller), NB-570-6 step 2"
2022_10,682425900,"National Bank Examiner/Bank Examiner (Capital Markets Lead Expert Support), NB-0570-5 step 2"
2022_10,681029800,"Chief Diversity Officer, NB-0301-VIII"
2022_10,684931200,"NBE/BE (Technical Expert-Asset Management), NB-0570-7"
2022_10,681395200,"NBE/BE (LB Field Examiner) with emphasis in Bank Information Technology, NB-0570-V.2"
2022_10,682528100,"Marine Information Specialist, GS-1361-11"
2022_10,684822000,Realty Specialist (Generalist)
2022_10,682194600,"Assistant National Bank Examiner, NB-0570-3"
2022_10,684074700,Environmental Coordinator
2022_10,683369600,Supervisory Interdisciplinary
2022_10,683353600,Industrial Hygienist
2022_10,682831000,SUPERVISORY ENVIRONMENTAL PROTECTION SPECIALIST
2022_10,683546700,Financial Analyst
2022_10,683373400,Interdisciplinary
2022_10,685750100,Life Scientist/Toxicologist/Environmental Engineer/Physical Scientist/Geologist
2022_10,681517600,"Data Scientist, NB-1560-V"
2022_10,682842900,"Equal Employment Specialist (DAP), NB-0260-IV (FPL NB-V)"
2022_10,681456900,"Examination Technician, NB-0503-IV"
2022_10,683332200,"NBE/BE (LB Field Examiner) with emphasis in Operational Risk, NB-570-VI"
2022_10,683804600,Auditor (Financial)
2022_10,686221200,"Supervisory National Bank Examiner (Examiner-In-Charge), NB-0570-VII.2"
2022_10,683096500,Administrative Assistant (OA) GS-0303-06/07
2022_10,683711500,Director of Management & Administrative Services (Open to both U.S. Citizens and Federal Employees)
2022_10,682654900,"Deputy Comptroller for Systemic Risk Identification and Support, NB-0570-VIII"
2022_10,683895500,"Personnel Psychologist, NB-0180-VI"
2022_10,684665500,Program Support Assistant
2022_10,681433000,"Examination Technician, NB-0503-III"
2022_10,685216600,Environmental Protection Specialist
2022_10,684526000,"National Bank Examiner/Bank Examiner (Compliance), NB-0570-6"
2022_10,683372300,Financial Analyst
2022_10,682530400,"Marine Information Specialist, GS-1361-11"
2022_10,682490200,"MCBS Deputy Comptroller, NB-570-8"
2022_10,681030000,"Chief Diversity Officer, NB-0301-VIII"
2022_10,681415000,Civil Engineer
2022_10,684718900,"Accountant, NB-0510-V.2"
2022_10,685688200,Interdisciplinary Mining Engineer / Geologist
2022_10,683326500,Environmental Engineer/Physical Scientist
2022_10,685064100,Environmental Engineer/Physical Scientist
2022_10,684639700,"National Bank Examiner/Bank Examiner (Bank Information Technology), NB-0570-5"
2022_10,686212700,"Environmental Engineer, GS-0819-12"
2022_10,682328900,"Supervisory HR Specialist, NB-0201-VI.2"
2022_10,684683400,REALTY SPECIALIST (GENERALIST)
2022_10,685784100,Supervisory Biologist
2022_10,682299100,SUPERVISORY ENVIRONMENTAL PROTECTION SPECIALIST
2022_10,684706200,"National Bank Examiner/Bank Examiner (Mortgage Banking), NB-570-6"
2022_10,684433600,"Human Resources Assistant (Human Resources Development), NB-203-IV"
2022_11,691858900,Materials Handler Leader
2022_11,686693500,Attorney-Adviser (General)
2022_11,689914000,Pipefitter
2022_11,688419800,"Temporary Supervisory National Bank Examiner/Bank Examiner (Examiner-in Charge), NB-570-7"
2022_11,689498600,ENGINEER
2022_11,688969200,Transportation Engineer
2022_11,689872300,Environmental Protection Specialist
2022_11,687501000,Supervisory Attorney􀀐Adviser
2022_11,689438200,Environmental Engineer/Physical Scientist (Air Monitoring Coordinator)
2022_11,686847500,"Attorney-Advisor, NB-0905-VI"
2022_11,689572900,Pipefitter
2022_11,687503600,Supervisory Attorney-Adviser
2022_11,689130000,Environmental Engineer/Physical Scientist/Life Scientist
2022_11,687967800,Conservation Planner
2022_11,683872200,Budget Director
2022_11,689246400,Deputy Associate Administrator
2022_11,689205500,"Financial Economist (Research), NB-0110-V.2/VI"
2022_11,687045800,Environmental Protection Specialist
2022_11,690041400,Fish and Wildlife Biologist
2022_11,687291200,Legal Instruments Examiner
2022_11,686954000,POWERED SUPPORT SYSTEMS MECHANIC
2022_11,689915300,Pipefitter
2022_11,689575600,Pipefitter
2022_11,686849200,"Attorney-Advisor, NB-0905-VI"
2022_11,690474300,ATTORNEY-ADVISER (GENERAL)
2022_11,691422500,"Human Resources Specialist, NB-0201-VI"
2022_11,688194900,"Director (Administration and Operations), NB-0301-VII"
2022_11,691665600,Supervisory Recreation Fee Technician
2022_11,690325900,"Director, Environmental Review and Permitting"
2022_11,690384100,"Associate Deputy Comptroller, NB-570-7 step 2"
2022_11,690786300,Planning & Environmental Coordinator
2022_11,688615600,NBE/BE (BSA/AML Compliance Policy Specialist)-NB-570-6
2022_11,688673700,"NBE/BE (Consumer Compliance Policy Specialist), NB-0570-6"
2022_11,689620700,"Supervisory National Bank Examiner (Assistant Deputy Comptroller), NB-0570-7"
2022_11,688815300,Green Environmental Mangement Systems Program Manager-Environmental Protection Specialist
2022_11,688483900,"Administrative Assistant (OA), NB-0303-III"
2022_11,689497800,"Supervisory Information Technology Specialist, NB-2210-VIII"
2022_11,689872400,Environmental Protection Specialist
2022_11,691623700,Civil Engineer
2022_11,691135900,Electrical Engineer
2022_11,688407100,"Deputy Chief Accountant, NB-0510-7"
2022_11,689551300,"NBE/BE (LB Field Examiner) with emphasis in Commercial Credit, NB-0570-V.2"
2022_11,689285400,"Supervisory NBE/BE (LB Technical Team Lead) with emphasis in Capital Markets, NB-0570-VI.2"
2022_11,689310800,PHYSICAL SCIENTIST
2022_11,688617200,NBE/BE (CRA/FL Compliance Policy Specialist)-NB-570-6
2022_11,690696300,Realty Specialist
2022_11,685309800,Biologist
2022_11,688674400,"NBE/BE (Consumer Compliance Policy Specialist), NB-0570-6"
2022_11,689840200,Legal Instruments Examiner
2022_11,689913400,Outdoor Recreation Planner
2022_11,691322800,"Web Content Specialist, NB-0301-V"
2022_11,686580700,Environmental Engineer
2022_11,687982000,Realty Specialist (Generalist)
2022_11,691666300,Supervisory Recreation Fee Technician
2022_11,689338800,Concessions Management Specialist
2022_11,688330700,"Marine Information Specialist, GS-1361-11"
2022_11,690080200,"Supervisory Human Resources Specialist, NB-201-VII.2"
2022_11,689405100,Environmental Engineer
2022_11,690607900,NEPA Coordinator
2022_11,687268900,"Supervisory National Bank Examiner (Team Leader), NB-0570-6"
2022_11,691459400,"Supervisory NBE/BE (LB Technical Team Lead), NB-0570-VI.2"
2022_11,689039300,PARALEGAL SPECIALIST
2022_11,687926000,REALTY SPECIALIST (GENERALIST)
2022_11,691020700,COMMUNICATIONS-COMPUTER SYSTEMS SPEC
2022_11,688906400,"Legal Assistant, NB-0986-IV"
2022_11,687270600,"National Bank Examiner (Analyst to ADC), NB-570-5, Step 2"
2022_11,688616500,NBE/BE (CRA/FL Compliance Policy Specialist)-NB-570-6
2022_11,688406700,"Deputy Chief Accountant, NB-0510-7"
2022_11,688905500,Visitor Services Assistant (Angels Landing Pilot)
2022_11,688327300,"Marine Information Specialist, GS-1361-11"
2022_11,689313500,Supervisory Civil Engineer
2022_11,689627800,"NBE/BE (LB Field Examiner) with emphasis in Commercial Credit, NB-0570-VI"
2022_11,690946900,Concessions Management Specialist
2022_11,688905900,"Legal Assistant, NB-0986-IV"
2022_11,689279700,"Supervisory NBE/BE (LB Technical Team Lead) with emphasis in Asset Management, NB-0570-VI.2"
2022_11,690291400,ENVIRONMENTAL PROTECTION SPECIALIST
2022_11,687622900,Supervisory Environmental Protection Specialist
2022_11,689775900,Interdisciplinary
2022_11,688854600,Interdisciplinary Regulatory
2022_11,688840400,Interdisciplinary Regulatory Project Manager - DIRECT HIRE
2022_11,691849900,"NBE/BE (Analyst to the Senior Deputy Comptroller), NB-0570-VI.2"
2022_11,690350600,Wildlife Biologist
2022_11,689743800,Supervisory Environmental Engineer/Physical Scientist/Life Scientist
2022_11,689424700,Supervisory Environmental Engineer/Physical Scientist/Life Scientist
2022_11,688419500,"Supervisory National Bank Examiner (Examiner-in Charge), NB-570-7"
2022_11,691134300,Electrical Engineer
2022_11,688672800,"NBE/BE (Analyst to Large Bank Examiner-In-Charge), NB-0570-VI"
2022_11,691652700,Assistant Field Manager (Recreation)
2022_11,691460300,"Supervisory NBE/BE (LB Technical Team Lead), NB-0570-VI.2"
2022_11,689280400,"Supervisory NBE/BE (LB Technical Team Lead) w/ emphasis in Operational Risk, NB-VI.2"
2022_11,691806300,"Associate Deputy Comptroller, NB-570-7 step 2"
2022_11,689815200,Environmental Protection Specialist (Title 5) (Permanent)
2022_11,688535800,"Deputy Chief Accountant, NB-0510-7"
2022_11,691652900,Assistant Field Manager (Recreation)
2022_11,688536800,"Deputy Chief Accountant, NB-0510-7"
2022_11,687244200,Supervisory Mail Assistant
2022_11,690263300,Fire Protection Inspector
2022_11,688340700,"Compliance Policy Analyst, NB-0301-5"
2022_11,687871700,Natural Resources Specialist
2022_11,688469800,"Interdisciplinary, NB-0110/1520/1529/1530-V.2 (FPL NB-VI)"
2022_11,688153800,INTERDISCIPLINARY General Engineer/ Physical Scientist
2022_11,686442300,INTERDISCIPLINARY ENVIRONMENTAL ENGINEER/ PHYSICAL SCIENTIST
2022_11,688194000,"Director (Administration and Operations), NB-0301-VII"
2022_11,689625900,"NBE/BE (LB Field Examiner) with emphasis in Operational Risk, NB-0570-VI"
2022_11,689498200,"Supervisory Information Technology Specialist, NB-2210-VIII"
2022_11,688398000,"NBE/BE (Lead Expert Risk Specialist) w/ ERM/Governance and Operational Risk, NB-0570-VI"
2022_11,689279800,"Supervisory NBE/BE (LB Technical Team Lead) w/ emphasis in Compliance, NB-0570-VI.2"
2022_11,688616200,NBE/BE (BSA/AML Compliance Policy Specialist)-NB-570-6
2022_12,694868800,"Supervisory Attorney-Advisor (Director, Administrative and Internal Law), NB-0905-VIII"
2022_12,694865500,"Supervisory Attorney-Advisor (Assistant Director, Administrative and Internal Law), NB-0905-VII"
2022_12,691860100,Materials Handler Leader
2022_12,693240200,"Environmental Engineer, Physical Scientist, Life Scientist"
2022_12,695694900,"Supervisory Attorney-Advisor (Senior Advisor to the Chief Counsel), NB-0905-VII (NTE 1 Year)"
2022_12,695394000,Environmental Engineer
2022_12,693187000,Supervisory Visitor Services Assistant (Backcountry Permits/AIS)
2022_12,692856600,Human Resources Director
2022_12,694866600,"Supervisory Attorney-Advisor (Assistant Director, Administrative and Internal Law), NB-0905-VII"
2022_12,693986300,GENERAL ATTORNEY
2022_12,692446400,Plant Protection and Quarantine Officer (Plant Health Safeguarding Specialist)
2022_12,693963300,GENERAL ATTORNEY
2022_12,694418700,Lead Visitor Services Assistant (Backountry Permits/AIS)
2022_12,694091200,General Engineer (DIRECT HIRE)
2022_12,695699300,POWERED SUPPORT SYSTEMS MECHANIC
2022_12,691999300,Supervisory Life Scientist/Environmental Engineer/Physical Scientist
2022_12,694743400,"Director, Resource Conservation and Sustainability Division"
2022_12,694318800,POWERED SUPPORT SYSTEMS MECHANIC LEADER
2022_12,694091400,General Engineer (DIRECT HIRE)
2022_12,694833500,"Supervisory Attorney-Advisor (District Counsel), NB-0905-VII.2"
2022_12,694832700,"Supervisory Attorney-Advisor (District Counsel), NB-0905-VII.2"
2022_12,692646600,Senior/Project Manager (Utilities Engineer)
2022_12,694868400,"Supervisory Attorney-Advisor (Director, Administrative and Internal Law), NB-0905-VIII"
2022_12,693165800,Supervisory Visitor Services Assistant (Backcountry Permits/AIS)
2022_12,694220900,SUPERVISORY ENVIRONMENTAL PROTECTION SPECIALIST
2022_12,692443200,Plant Protection and Quarantine Officer (Plant Health Safeguarding Specialist)
2022_12,696836900,Transportation Engineer
2022_12,697067600,Director of Management & Administrative Services
2022_12,696258300,Senior Advisor for Building Decarbonization and Finance
2022_12,692887500,"National Bank Examiner (Analyst to ADC), NB-570-5, Step 2"
2022_12,692918600,Industrial Hygienist
2022_12,693685000,Biologist
2022_12,691810300,Fish and Wildlife Administrator
2022_12,692120700,Program Support Assistant
2022_12,695394900,Environmental Engineer
2022_12,694443400,SECURITY ASSISTANT
2022_12,695531500,"Community Relations and Minority Affairs Specialist, NB-0301-V"
2022_12,695914200,"Bank Examiner (Climate Risk), NB-0570-VI.2"
2022_12,696056400,Realty Specialist (Generalist)
2022_12,693482500,Outdoor Recreation Planner
2022_12,693012800,Emergency Management Specialist (Mitigation)
2022_12,692849400,Resource Management Planner
2022_12,695753100,"Supervisory HR Specialist (Mgr for Payroll and Processing), NB-201-VI"
2022_12,693901700,Biologist
2022_12,691810800,Fish and Wildlife Administrator
2022_12,694106700,Permits Biologist
2022_12,692315700,Wildlife Biologist
2022_12,696694400,Surface Mining Reclamation Specialist
2022_12,695714400,Wildlife Biologist
2022_12,693017900,"Supervisory BE/NBE (AsDC for Compliance Risk Supervision), NB-0570-VII.2"
2022_12,693014200,Emergency Management Specialist (Mitigation)
2022_12,693607200,Resource Management Planner
2022_12,696888700,Life Scientist/Environmental Engineer/Physical Scientist
2022_12,695009700,INTERDISCIPLINARY ENGINEER/ARCHITECT
2022_12,696441500,Interdisciplinary
2022_12,693016300,INTERDISCIPLINARY
2022_12,695911600,SUPERVISORY ENVIRONMENTAL ENGINEER
2022_12,694815400,"Environmental Protection Specialist, GS-0028-11"
2022_12,695911800,"Bank Examiner (Climate Risk), NB-0570-VI.2"
2022_12,693602200,Biologist
2022_12,697117100,Wildlife Refuge Manager
2022_12,695067200,Environmental Protection Specialist (Direct Hire)
2022_12,692228600,Interdisciplinary Mining Engineer or Geologist
2022_12,692227700,Interdisciplinary Mining Engineer or Geologist
2022_12,695991000,Supervisory Environmental Protection Specialist
2023_01,702028800,"Supervisory Bank Examiner (Climate Risk), NB-0570-VII"
2023_01,703370900,Social Worker (Program Coordinator)
2023_01,699242700,Physical Science Technician
2023_01,700958800,General Engineer/Physical Scientist/Life Scientist
2023_01,694187700,Life Scientist/Physical Scientist/Environmental Engineer
2023_01,698454200,Environmental Engineer
2023_01,697644900,Supervisory Life Scientist/Environmental Engineer/Physical Scientist
2023_01,697969600,GS-11 Branch Out Program 2023
2023_01,698625300,Supervisory Information Technology Specialist (IT Frontline Leader Readiness Program) FLRP
2023_01,699360700,Attorney-Adviser (General)
2023_01,698703900,Special Park Uses Assistant
2023_01,697971400,GS-07 Branch Out Program 2023
2023_01,699053900,Civil Engineer
2023_01,697970400,GS-09 Branch Out Program 2023
2023_01,697967900,GS-12 Branch Out Program 2023
2023_01,697966700,GS-13 Branch Out Program 2023
2023_01,698394600,Student Trainee (Biological Sciences)
2023_01,697880500,Attorney-Adviser
2023_01,698410600,"Financial Economist (Research), NB-0110-V.2 (FPL NB-VI)"
2023_01,699221300,Physical Science Technician
2023_01,698624600,Supervisory Information Technology Specialist (IT Frontline Leader Readiness Program) FLRP
2023_01,697965600,GS-14 Branch Out Program 2023
2023_01,698143900,Supervisory Attorney Advisor (Enforcement)
2023_01,699564300,Environmental Engineer
2023_01,699255600,Physical Science Technician
2023_01,700624200,Petroleum Engineer
2023_01,702562200,"Supervisory Human Resources Specialist (Human Resources Development), NB-201-VI"
2023_01,701447500,Special Advisor for Implementation
2023_01,702171500,"Supvy NBE/BE (LBS Quality Assurance Program Mgr), NB-570-VI.2 (Temp NTE 1 year)"
2023_01,701878600,"Attorney-Advisor, NB-0905-VI"
2023_01,701875300,"Attorney-Advisor, NB-0905-VI"
2023_01,702232700,"NBE/BE (Analyst to the LB EIC/IBS Director), NB-0570-VI"
2023_01,699686400,"NBE/BE (LB Field Examiner) with emphasis in Capital Markets, NB-0570-V.2"
2023_01,700192800,Civil Engineer
2023_01,702030500,Administrative Support Assistant
2023_01,698668200,Interior Designer
2023_01,698986200,"NBE/BE (LB Field Examiner) w/ emphasis in ERM/Governance, NB-0570-V.2"
2023_01,699232700,"Program Analyst, NB-0343-V"
2023_01,699386800,"Administrative Assistant, NB-0303-IV"
2023_01,703426700,"Supervisory NBE/BE (LB Team Lead) with emphasis in BIT, NB-0570-VII"
2023_01,700137200,Environmental Protect Specialist
2023_01,700196200,"National Bank Examiner (Analyst to ADC), NB-570-5, Step 2"
2023_01,701756600,Pharmacy Technician
2023_01,701763500,"Supervisory NBE/BE (LB Team Lead) with emphasis in Capital Markets, NB-0570-VII"
2023_01,701766300,"Supervisory NBE/BE (LB Technical Team Lead) with emphasis in ERM/Governance, NB-0570-VI.2"
2023_01,702114000,"Supervisory National Bank Examiner (Team Leader), NB-0570-6"
2023_01,701056000,"Examination Technician, NB-503-4"
2023_01,702710500,Health Physicist
2023_01,699769100,"National Bank Examiner (Analyst to ADC), NB-570-5, Step 2"
2023_01,701760100,"Supervisory NBE/BE (LB Team Lead) with emphasis in Asset Management, NB-0570-VII"
2023_01,700455900,"Human Resources Specialist (Staffing), NB-201-V"
2023_01,697469200,Plant Protection Technician (Domestic)
2023_01,697513400,Plant Protection and Quarantine Technician
2023_01,699005700,"NBE/BE (LB Field Examiner) with emphasis in Compliance, NB-0570-V.2"
2023_01,700721000,"National Bank Examiner/Bank Examiner (Asset Management), NB-570-6"
2023_01,702005200,"Assistant National Bank Examiner, NB-0570-3"
2023_01,702196100,"National Bank Examiner (International Banking Supervision Field Examiner), NB-0570-V"
2023_01,702515500,Assistant Field Manager (Minerals and Lands)
2023_01,702336300,"National Bank Examiner (Program Manager for Examiner Development), NB-570-6"
2023_01,703154800,Supervisory Project Manager
2023_01,702566600,Realty Specialist (Contracts Management)
2023_01,703369700,Social Worker (Program Coordinator)
2023_01,699108500,"Supervisory NBE/BE (LB Team Lead) with emphasis in Retail Credit, NB-0570-VII"
2023_01,698100500,Plant Protection Technician (Domestic)
2023_01,699628300,"NBE/BE (LB Field Examiner) with emphasis in Operational Risk, NB-0570-VI"
2023_01,702513900,Assistant Field Manager (Minerals and Lands)
2023_01,700534300,Wildlife Biologist
2023_01,702690000,Biologist
2023_01,703122800,Planning and Environmental Coordinator
2023_01,700419600,Environmental Protection Specialist
2023_01,699007000,"NBE/BE (LB Field Examiner) with emphasis in Compliance, NB-0570-VI"
2023_01,699577700,Physical Scientist (Air)
2023_01,701460800,Natural Resource Specialist (Oil & Gas)
2023_01,700249600,Concessions Management Specialist
2023_01,700413800,"Supervisory National Bank Examiner (Regional Director), NB-570-7"
2023_01,697527200,Plant Protection Technician (Domestic)
2023_01,697468500,Plant Protection Technician (Domestic)
2023_01,700721100,"MCBS Administrative Officer, NB-341-5"
2023_01,700534100,Wildlife Biologist
2023_01,698951800,"Program Analyst, NB-0343-V"
2023_01,703153900,Supervisory Project Manager
2023_01,699007500,"NBE/BE (LB Field Examiner) with emphasis in BSA/AML, NB-0570-VI"
2023_01,699648900,Biologist
2023_01,699933900,Construction Control Representative
2023_01,701762500,NBE/BE (Gov & Ops Risk Pol Analyst)-NB-570-6
2023_01,702029300,"Supervisory Bank Examiner (Climate Risk), NB-0570-VII"
2023_01,699984400,"Administrative Assistant (OA), NB-0303-3"
2023_01,699456100,"Supervisory NBE/BE (AsDC for Operational Risk), NB-0570-VII.2"
2023_01,700426000,"National Bank Examiner (Analyst to the Associate Deputy Comptroller), NB-570-6"
2023_01,700453000,Program Manager
2023_01,699520800,Social Worker - Personal Care Services
2023_01,698254900,"Marine Information Specialist, GS-1361-11"
2023_01,703274100,Realty Specialist
2023_01,703173700,Supervisory Interdisciplinary
2023_01,700631800,Industrial Hygienist
2023_01,699631000,NBE/BE (LB Field Examiner) w/emphasis in Operational Risk NB-0570-VI
2023_01,698263700,"Marine Information Specialist, GS-1361-11"
2023_01,703428700,"Supervisory NBE/BE (LB Team Lead) with emphasis in ERM/Governance, NB-0570-VII"
2023_01,698800400,Environmental Engineer/Life Scientist/Physical Scientist (Permit Specialist)
2023_01,701180300,Life Scientist / Environmental Engineer / Physical Scientist
2023_01,700442300,Life Scientist/Physical Scientist/Environmental Engineer
2023_01,701320900,Interdisciplinary General Engineer/Civil Engineer
2023_01,701321300,Interdisciplinary General Engineer/Civil Engineer
2023_01,702834100,Environmental Engineer
2023_01,703305900,Realty Specialist
2023_01,699520200,Social Worker - Personal Care Services
2023_01,700466900,Supervisory Program Specialist
2023_01,703506300,Deputy Realty Officer
2023_01,700955900,Industrial Hygienist
2023_01,697526000,Plant Protection Technician (Domestic)
2023_01,700529200,"Examination Technician, NB-0503-3"
2023_01,701739400,"NBE/BE (LB Field Examiner) with emphasis in BIT and Operational Risk, NB-0570-VI"
2023_01,699387300,"Administrative Assistant, NB-0303-IV"
2023_01,702567200,National Monument and National Conservation Area Specialist
2023_01,699799500,"Supervisory HR Specialist, NB-0201-VI.2"
2023_01,701093200,Supervisory Management and Program Analyst
2023_01,699004300,"NBE/BE (LB Field Examiner) with emphasis in Compliance, NB-0570-V"
2023_01,697513200,Plant Protection Technician (Domestic)
2023_01,699119800,"NBE/BE (LB Field Examiner) w/emphasis in Safety and Soundness, NB-0570-V"
2023_01,701611100,NBE/BE (Retail Credit Risk Specialist)-NB-570-6
2023_01,702177200,"NBE/BE (LB Field Examiner) with emphasis in Retail Credit, NB-0570-V Step 2"
2023_01,700413100,"Supervisory National Bank Examiner (Examiner-in-Charge), NB-570- 6 step 2"
2023_01,699684700,"NBE/BE (LB Field Examiner) with emphasis in Capital Markets, NB-0570-V"
2023_01,702566300,National Monument and National Conservation Area Specialist
2023_01,700416400,"Examination Technician, NB-0503-3"
2023_01,701547500,Environmental Engineer/Physical Scientist
2023_01,694362000,"Supervisory Environmental Engineer, Physical Scientist"
2023_01,698801600,Marine Resource Management Specialist
2023_01,699358000,"NBE/BE (Sr Lead Expert Risk Specialist) with emphasis in Commercial Credit, NB-0570-VI.2"
2023_01,697468100,Plant Protection Technician (Domestic)
2023_01,702117600,Human Resources Specialist (Information Systems)
2023_01,698742900,"Supvy NBE/BE (EXCEL I Team Leader) w/emphasis in Retail Credit, NB-0570-VII (Temporary NTE 2 Years)"
2023_01,700720900,"Supervisory National Bank Examiner/Bank Examiner (Examiner-in-Charge), NB-570-7"
2023_01,702116200,"National Bank Examiner (Analyst to ADC), NB-570-5, Step 2"
2023_01,701055900,"Examination Technician, NB-503-3"
2023_01,702196700,"National Bank Examiner (International Banking Supervision Field Examiner), NB-0570-V Step 2"
2023_01,702559400,"Supervisory Human Resources Specialist (Human Resources Development), NB-201-VII"
2023_01,698976600,"NBE/BE (LB Field Examiner) w/emphasis in Safey & Soundness, NB-0570-V.2"
2023_01,697469600,Plant Protection Technician (Domestic)
2023_02,706469900,Pipefitter
2023_02,706345700,Supervisory Museum Curator (Art)
2023_02,706470700,Pipefitter
2023_02,709004500,Programmer/Systems Administrator
2023_02,705048100,"Student Trainee (Law), NB-0999-3"
2023_02,703579800,"Interdisciplinary: Engineer, GS-1301/0401-12"
2023_02,703430900,"NBE/BE (LB Field Examiner) with emphasis in CRA, NB-0570-VI"
2023_02,704789700,"Student Trainee (Employee Benefits), NB-0299-3"
2023_02,704729900,Pipefitter
2023_02,705064600,Materials Handler
2023_02,704900700,TECHNICAL PROJECT MANAGER
2023_02,704626300,Civil Engineer
2023_02,705655400,Lead Civil Engineer (Hydraulics) - DIRECT HIRE
2023_02,703954000,Biologist
2023_02,704732800,Pipefitter
2023_02,705067300,Materials Handler
2023_02,707496600,SB/SE Frontline Leader Readiness Program - MSP - Temporary NTE 3 Years
2023_02,709003400,Courtroom Deputy
2023_02,709091300,Manager-Carlsbad Field Office
2023_02,709003800,Financial Specialist
2023_02,707459700,SUPERVISORY CUSTOMER SERVICE REPRESENTATIVE (BILINGUAL-SPANISH) (Frontline Leader Readiness Program)
2023_02,706437100,Conservation Planner
2023_02,705883500,Civil Engineer
2023_02,709003200,Case Administrator
2023_02,709004600,Court Services Coordinator
2023_02,706284000,Life Scientist/Environmental Engineer/Physical Scientist
2023_02,707921800,Assistant Director - International Affairs
2023_02,707988400,"Supv HR Specialist, NB-201-VI.2 (Temporary Not-To-Exceed 6 months)"
2023_02,709335600,Senior Scientific and Technical Advisor  Nuclear Hardness and Survivability/
2023_02,709003100,Systems and Network Administrator
2023_02,709004200,Assistant Director of Information Technology
2023_02,707988200,"Supervisory NBE/BE (Director BSA & AML Policy),  NB-0570-7"
2023_02,706457800,"Supervisory NBE/BE (Director BSA & AML Policy), NB-0570-7"
2023_02,706572600,"Secretary (Executive Staff Assistant), NB-0318-IV"
2023_02,706812900,Outdoor Recreation Planner
2023_02,706918800,ENVIRONMENTAL PROTECTION SPECIALIST (TITLE 5)
2023_02,707253400,ENVIRONMENTAL ENGINEER
2023_02,707843900,Realty Specialist (Generalist)
2023_02,708375700,Backcountry Visitor Technician (Wilderness)
2023_02,708689300,"Senior Advisor to the Senior Deputy Comptroller, NB-301-VII"
2023_02,704766300,Convention on International Trade in Endangered Species (CITES) Policy Specialist
2023_02,705997600,Clerk (Office Automation)
2023_02,707983300,"Supervisory NBE/BE (Director BSA & AML Policy), NB-0570-7"
2023_02,704939400,"Program Analyst (Supervision Support), NB-0343-VI"
2023_02,705068200,"Supervisory National Bank Examiner (Assistant Deputy Comptroller), NB-0570-7"
2023_02,704768900,Convention on International Trade in Endangered Species (CITES) Policy Specialist
2023_02,706208900,Realty Specialist (ROW Coordinator)
2023_02,709369500,"National Bank Examiner/Bank Examiner (Retail Credit), NB-570- 5 step 2"
2023_02,707369700,"NBE/BE (Analyst to the Associate Deputy Comptroller), NB-0570-VI"
2023_02,704659100,ENVIRONMENTAL PROTECTION SPECIALIST
2023_02,706034600,"Financial Analyst, NB-1160-V"
2023_02,708769000,"Senior Advisor to the Senior Deputy Comptroller, NB-301-VII"
2023_02,705281600,"NBE/BE (LB Field Examiner) with emphasis in Safety & Soundness, NB-0570-VI"
2023_02,706919300,ENVIRONMENTAL PROTECTION SPECIALIST (TITLE 5)
2023_02,708466900,Legal Instruments Examiner
2023_02,704151800,Civil Engineer
2023_02,707547500,"National Bank Examiner/Bank Examiner (Compliance), NB-570-5 step 2"
2023_02,707547400,"National Bank Examiner/Bank Examiner (Compliance), NB-570 5 step 2"
2023_02,707540100,Management and Program Analyst
2023_02,706084400,Marine Traffic Controller
2023_02,706471700,Civil Engineer
2023_02,706461400,"NBE/BE (Bank Information Technology Analyst), NB-0570-6"
2023_02,707351500,Industrial Hygienist
2023_02,706713000,"National Bank Examiner (Analyst to ADC), NB-570-5, Step 2"
2023_02,705138700,NATURAL RESOURCES SPECIALIST
2023_02,709278700,"Supervisory NBE/BE (LB Team Lead) w/ emphasis in Commercial Credit and Capital Markets, NB-0570-VII"
2023_02,704973300,"National Bank Examiner/Bank Examiner (Asset Management), NB-570-5"
2023_02,709467200,"Supervisory National Bank Examiner (Director for International Banking Supervision), NB-570-VII"
2023_02,704914800,Wildlife Refuge Manager
2023_02,705517500,"Administrative Assistant, NB-0303-IV"
2023_02,704153300,Civil Engineer
2023_02,703992500,"Temporary National Bank Examiner (Senior Program Administrator) (FFIEC), NB-570-6"
2023_02,709276500,"Supervisory NBE/BE (LB Team Lead) w/ emphasis in Ops Risk, BIT, and ERM, NB-0570-VII"
2023_02,709513200,"Examination Technician, NB-503-IV"
2023_02,708688400,"Senior Advisor to the Senior Deputy Comptroller, NB-301-VII"
2023_02,703772600,Wildlife Biologist
2023_02,707547600,"National Bank Examiner/Bank Examiner (Compliance), NB-570-5 step 2"
2023_02,709369700,"National Bank Examiner/Bank Examiner (Retail Credit Lead Expert), NB-570-6"
2023_02,704231000,"Supervisory NBE/BE (LB Team Lead) with emphasis in BIT, NB-0570-VII"
2023_02,706455800,"Executive Staff Assistant / Secretary (OA), NB-0318-4"
2023_02,705731000,"National Bank Examiner (Field Examiner), NB-570-6"
2023_02,706035500,Financial Analyst
2023_02,705839900,"National Bank Examiner/Bank Examiner (Compliance), NB-0570-5"
2023_02,703917400,"Supervisory Program Analyst, NB-0343-VI.2"
2023_02,703429000,"NBE/BE (LB Field Examiner) with emphasis in Commercial Credit, NB-0570-VI"
2023_02,706461600,Civil Engineer
2023_02,706460200,"Supervisory NBE/BE (Director BSA & AML Policy), NB-0570-7"
2023_02,706010900,Petroleum Engineer (Field Engineer)
2023_02,706009700,Petroleum Engineer (Field Engineer)
2023_02,704407500,"Director (Administration and Operations), NB-0301-VII"
2023_02,707648300,Program Analyst
2023_02,703431600,"NBE/BE (LB Field Examiner) with emphasis in Capital Markets, NB-0570-VI"
2023_02,703921800,Interdisciplinary Regulatory Project Manager - DIRECT HIRE AUTHORITY
2023_02,704474100,Interdisciplinary
2023_02,703931400,Interdisciplinary Regulatory Project Manager
2023_02,707613000,Wildlife Biologist
2023_02,706403600,Wildlife Refuge Manager
2023_02,703915500,"Supervisory Program Analyst, NB-0343-VI.2"
2023_02,705281300,"NBE/BE (LB Field Examiner) with emphasis in Bank Information Technology, NB-0570-V.2"
2023_02,703617700,"Interdisciplinary: Engineer, GS-0819/1301/0401-12"
2023_02,703616100,Interdisciplinary: GS-0819/1301/0401-12
2023_02,706900400,Interdisciplinary (Regulatory Project Manager) - Biology/Engineer/Physical - DHA/Open Continuous
2023_02,705356400,Life Scientist/Environmental Engineer/Physical Scientist
2023_02,706004900,Interdisciplinary Senior Regulatory Project Manager- Biology/Engineer/Physical - DHA/Open Continuous
2023_02,707734800,SB/SE Frontline Leader Readiness Program - MSP - Temporary NTE 3 Years
2023_02,707342500,SB/SE Frontline Leader Readiness Program - Temp NTE 1 yr MBE 3 yrs
2023_02,707510500,"Frontline Leader Readiness Program 'MSP' TEMP NTE 1 Yr., MBE 3 Yrs."
2023_02,706238600,"Frontline Leader Readiness Program 'MSP' TEMP NTE 1 YR, MBE 3 YRS."
2023_02,707508900,"Frontline Leader Readiness Program 'MSP' TEMP NTE 1 YR, MBE 3 YRS."
2023_02,704593600,Life Scientist/Environmental Engineer/Physical Scientist/Geologist/Toxicologist
2023_02,707225000,Supervisory Interdisciplinary
2023_02,704407800,"Director (Administration and Operations), NB-0301-VII"
2023_02,704154900,Recreation Management Specialist
2023_02,706551100,"National Bank Examiner/Bank Examiner (Consumer Compliance Lead Expert), NB-570-6"
2023_02,704150700,Civil Engineer
2023_02,703019800,NATURAL RESOURCE SPECIALIST
2023_02,704860800,Environmental Protection Specialist
2023_02,704266100,Wildlife Biologist
2023_02,708764500,"Senior Advisor to the Senior Deputy Comptroller, NB-301-VII"
2023_02,708466200,Legal Instruments Examiner
2023_02,706551300,"National Bank Examiner/Bank Examiner (CRA/FL Lead Expert), NB-570-6"
2023_02,708166200,"Personnel Psychologist, NB-0180-VI"
2023_02,709495500,"NBE/BE (LB Field Examiner) with emphasis in ERM/Governance, NB-0570-V.2"
2023_02,703649100,"National Bank Examiner/Bank Examiner (BSA/AML), NB-570-5"
2023_02,705518700,"Administrative Assistant, NB-0303-IV"
2023_02,706817600,"Secretary (Executive Staff Assistant), NB-0318-IV"
2023_02,707349600,Interdisciplinary
2023_02,707625600,Environmental Engineer/Physical Scientist (Air Monitoring Program Manager)
2023_02,707508100,"Frontline Leader Readiness Program 'MSP' TEMP NTE 1 YR, MBE 3 YRS"
2023_02,706316100,SB/SE Frontline Leader Readiness Program (FLRP)
2023_02,709369600,"National Bank Examiner/Bank Examiner (Retail Credit), NB 570-5 step 2"
2023_02,706920200,ENVIRONMENTAL PROTECTION SPECIALIST (TITLE 32)
2023_02,705992600,Clerk (Office Automation)
2023_02,704271200,Wildlife Biologist
2023_02,708886600,Fire Protection Inspector
2023_02,706560400,Administrative Assistant/Administrative Officer
2023_02,705282400,"NBE/BE (LB Field Examiner) with emphasis in Bank Information Technology, NB-0570-VI"
2023_02,704154800,Civil Engineer
2023_03,714971100,POWERED SUPPORT SYSTEMS MECHANIC LEADER
2023_03,716046000,"Attorney-Advisor, NB-0905-VI"
2023_03,712354700,Environmental Protection Specialist
2023_03,716109300,Biologist
2023_03,708280600,Development Program Associate
2023_03,707371900,"Student Trainee (Accounting/Auditing), NB-0599-2"
2023_03,684991200,ENVIRONMENTAL ENGINEER
2023_03,708281300,Development Program Associate
2023_03,708279600,Development Program Associate
2023_03,710667700,OARO GROW Development Program (Competitive Service GS-13)
2023_03,710666500,OARO GROW Development Program (Excepted Service GS-905-15)
2023_03,706443600,"NBE/BE (Senior Advisor to the Senior Deputy Comptroller for LBS), NB-0570-VII (Temp NTE 1 year)"
2023_03,708279000,Development Program Associate
2023_03,710652500,OARO GROW Development Program (Competitive Service GS-14)
2023_03,710634000,OARO GROW Development Program (Competitive Service GS-12)
2023_03,710637600,OARO GROW Development Program (Excepted Service GS-905-12)
2023_03,708844500,Interdisciplinary
2023_03,709681800,"NBE/BE (LB Field Examiner) with emphasis in Capital Markets, NB-0570-V"
2023_03,710668100,OARO GROW Development Program (Excepted Service GS-905-13)
2023_03,710655700,OARO GROW Development Program (Excepted Service GS-905-14)
2023_03,710667000,OARO GROW Development Program (Competitive Service GS-15)
2023_03,712980600,"Financial Economist, NB-0110-V.2 (Full Performance Level is NB-VI)"
2023_03,711928100,GENERAL BUSINESS & INDUSTRIAL SPECIALIST
2023_03,716043200,"Attorney-Advisor, NB-0905-VI"
2023_03,715966200,Life Scientist/Environmental Engineer/Physical Scientist
2023_03,713722900,Environmental Protection Specialist
2023_03,713190300,Biologist
2023_03,714701400,Lead Civil Engineer (Hydraulics) - Direct Hire
2023_03,713885900,Emergency Management Specialist (Hazard Mitigation Floodplain Management Specialist)­ - intermittent
2023_03,715529500,Director for Office of Federal Agency Programs
2023_03,716089500,ELECTRONICS MECHANIC
2023_03,716193300,Civil Engineer (CTAP/ICTAP)
2023_03,716739700,Park Ranger
2023_03,710980700,"NBE/BE (LB Field Examiner) with emphasis in Retail Credit, NB-0570-V"
2023_03,714996400,"NBE/BE (LB Field Examiner) with emphasis in BSA/AML, NB-0570-VI"
2023_03,715327500,"NBE/BE (LB Field Examiner) with emphasis in Operational Risk (Payments), NB-0570-VI"
2023_03,715381200,"NBE/BE (LB Field Examiner) with emphasis in Compliance, NB-0570-V"
2023_03,712302000,"NBE (Enterprise Governance/Ombudsman Analyst), NB-0570-VI"
2023_03,710277800,Range Technician
2023_03,711312000,"National Bank Examiner/Bank Examiner (BIT), NB-570-5 step 2"
2023_03,710383200,Biologist
2023_03,711983500,"NBE/BE (LB Field Examiner) with emphasis in Commercial Credit, NB-0570-V.2"
2023_03,709484500,"NBE/BE (Retail Credit) with emphasis in Mortgage Banking, NB-0570-5.2"
2023_03,711986300,"NBE/BE (LB Field Examiner) with emphasis in Commercial Credit, NB-570-VI"
2023_03,711311800,"National Bank Examiner/Bank Examiner (BIT), NB-570-5 step 2"
2023_03,712058500,"NBE/BE (LB Field Examiner) with emphasis in Asset Management, NB-0570-V"
2023_03,714407100,Bridge Management Specialist GS-2101-12
2023_03,714943000,Plant Protection and Quarantine Officer (Plant Health Safeguarding Specialist Predeparture Ops)
2023_03,715504800,Realty Specialist (Generalist)
2023_03,712560100,General Engineer (Project Manager)
2023_03,715084900,"NBE/BE (LB Field Examiner) with emphasis in ERM/Governance, NB-0570-V"
2023_03,711260300,Senior Advisor for Environmental Review and Permitting (Environmental Policy Specialist)
2023_03,715381900,"NBE/BE (LB Field Examiner) with emphasis in Compliance, NB-0570-VI"
2023_03,713278000,"Policy Program Analyst, NB-0343-6"
2023_03,710930000,"NBE/BE (LB Field Examiner) w/ emphasis in Asset Management, NB-0570-VI"
2023_03,709593300,"NBE/BE (LB Field Examiner) with emphasis in Commercial Credit, NB-0570-VI"
2023_03,714544700,Natural Resources Specialist
2023_03,715327300,"NBE/BE (LB Field Examiner) with emphasis in Operational Risk, NB-0570-VI"
2023_03,710382800,SUPERVISORY ENVIRONMENTAL ENGINEER
2023_03,711996200,"NBE/BE (Large Banks Field Examiner) with emphasis in Safety & Soundness, NB-570-VI"
2023_03,709597400,"NBE/BE (Sr Lead Expert Risk Specialist) with emphasis in Asset Management, NB-0570-VI.2"
2023_03,715326900,"NBE/BE (LB Field Examiner) with emphasis in Operational Risk, NB-0570-V"
2023_03,709607300,"NBE/BE (LB Field Examiner) with emphasis in Bank Information Technology, NB-0570-V"
2023_03,714984900,"NBE/BE (LB Field Examiner) with emphasis in Retail Credit, NB-0570-V.2"
2023_03,712064600,"NBE/BE (LB Field Examiner) with emphasis in Asset Management, NB-0570-VI"
2023_03,714236000,"NBE/BE (LB Field Examiner) with emphasis in Retail Credit, NB-0570-VI"
2023_03,715457100,Plant Protection and Quarantine Officer(Plant Health Safeguarding Specialist/Pest Identification)
2023_03,714668300,"Environmental Protection Specialist, GS-0028-11"
2023_03,713600300,Supervisory Natural Resources Specialist
2023_03,710928500,"NBE/BE (LB Field Examiner) w/ emphasis in Asset Management, NB-0570-V.2"
2023_03,712053300,"NBE/BE (LB Field Examiner) with emphasis in Capital Markets, NB-0570-V"
2023_03,714200200,"Supvy NBE/BE (Coordinated Cybersecurity Review Program Manager), NB-0570-VII"
2023_03,712291600,Environmental Engineer
2023_03,711980800,"NBE/BE (LB Field Examiner) with emphasis in Commercial Credit, NB-0570-V"
2023_03,713679300,Environmental Protection Specialist
2023_03,709771800,"National Bank Examiner/Bank Examiner (Capital Markets), NB-0570-5.2"
2023_03,711569100,"National Bank Examiner/Bank Examiner (Asset Management Lead Expert), NB-0570-6"
2023_03,711311700,"National Bank Examiner/Bank Examiner (Enterprise Governance and Operational Risk), NB-570-5 step 2"
2023_03,709548700,"NBE/BE (LB Field Examiner) with emphasis in Capital Markets, NB-0570-VI"
2023_03,711480600,"Supervisory National Bank Examiner (Examiner-In-Charge), NB-0570-VIII"
2023_03,714280900,"NBE/BE (LB Field Examiner) with emphasis in Capital Markets, NB-0570-V2"
2023_03,713151500,"NBE/BE (SyRIS Lead Expert) with emphasis in Consumer Compliance/CRA/FL, NB-0570-VII"
2023_03,712498700,Supervisory Environmental Care Specialist
2023_03,712684300,SUPERVISORY EQUIPMENT SPECIALIST
2023_03,710943700,Supervisory Senior Policy Advisor (Director of Policy)
2023_03,711312200,"National Bank Examiner/Bank Examiner (BIT), NB-570-5 step 2"
2023_03,714988100,"NBE/BE (LB Field Examiner) with emphasis in Retail Credit, NB-0570-VI"
2023_03,712318900,"NBE/BE (LB Field Examiner) with emphasis in Bank Information Technology, NB-0570-V"
2023_03,715639800,Business Specialist (Recreation Permits)
2023_03,712759100,Supervisory Civil Engineer
2023_03,713429300,Program Manager
2023_03,714543200,Natural Resources Specialist
2023_03,713428900,Program Manager
2023_03,716389600,Range Technician
2023_03,712057100,"NBE/BE (LB Field Examiner) with emphasis in Capital Markets, NB-0570-VI"
2023_03,713244800,Environmental Protection Specialist
2023_03,714093400,Supervisory Substation Operations Specialist
2023_03,713842700,Fish Biologist
2023_03,714543900,Natural Resources Specialist
2023_03,714192500,"NBE/BE (LB Field Examiner) with emphasis in Compliance, NB-570-V"
2023_03,714237700,"National Bank Examiner/Bank Examiner (Analyst to LB Examiner-In-Charge), NB-0570-V.2"
2023_03,714280000,"NBE/BE (LB Field Examiner) with emphasis in Capital Markets, NB-0570-VI"
2023_03,715098600,Plant Protection and Quarantine Officer (Plant Health Safeguarding Specialist)
2023_03,716211100,FIRE PROTECTION SPECIALIST
2023_03,710920800,"NBE/BE (LB Field Examiner) with emphasis in Commercial Credit, NB-0570-V.2"
2023_03,711326000,Auditor (Financial)
2023_03,709591800,"NBE/BE (LB Field Examiner) with emphasis in Commercial Credit, NB-0570-V.2"
2023_03,709561700,Supervisory Interdisciplinary
2023_03,713366300,Interdisciplinary Regulatory Project Manager - DIRECT HIRE
2023_03,713375200,Interdisciplinary Regulatory Project Manager
2023_03,712530900,Frontline Readiness Program (FLRP)
2023_03,715274400,Plant Protection and Quarantine Officer (Plant Health Safeguarding Specialist)
2023_03,712096600,Life Scientist / Environmental Engineer / Physical Scientist
2023_03,713166900,Life Scientist/Physical Scientist/Environmental Engineer
2023_03,716639900,Life Scientist/Environmental Engineer/Physical Scientist (Senior Surface Water Quality Specialist)
2023_03,710950100,Interdisciplinary (Supervisory Regulatory Project Manager)
2023_03,714267000,SECURITY ASSISTANT
2023_03,709595900,"NBE/BE (Sr Lead Expert Risk Specialist) with emphasis in Capital Markets, NB-0570-VI.2"
2023_03,710279900,"HR Assistant, NB-203-IV"
2023_03,711878900,"NBE/BE (LB Field Examiner) with emphasis in Commercial Credit, NB-0570-V.2"
2023_03,714980500,"NBE/BE (LB Field Examiner) with emphasis in Retail Credit, NB-0570-V"
2023_03,713842900,Fish Biologist
2023_03,715678600,Wildlife Biologist
2023_03,713228100,"National Bank Examiner/Bank Examiner (Financial Analysis), NB-570-6"
2023_03,713301500,"Administrative Assistant (OA), NB-0303-3"
2023_03,715264800,Health Physicist
2023_03,714092900,Supervisory Substation Operations Specialist
2023_03,715327100,"NBE/BE (LB Field Examiner) with emphasis in Operational Risk, NB-0570-V.2"
2023_03,715085900,"NBE/BE (LB Field Examiner) with emphasis in ERM/Governance, NB-0570-V.2"
2023_03,712560600,General Engineer (Project Manager)
2023_03,711755300,"Government Information Specialist, NB-0306-IV"
2023_03,712319500,"NBE/BE (LB Field Examiner) with emphasis in Bank Information Technology, NB-0570-V.2"
2023_03,714994800,"NBE/BE (LB Field Examiner) with emphasis in BSA/AML, NB-0570-V.2"
2023_03,714544500,Natural Resources Specialist
2023_03,713739900,Realty Specialist (Generalist)
2023_03,710981300,"NBE/BE (LB Field Examiner) with emphasis in Retail Credit, NB-0570-V Step 2"
2023_03,715327400,"NBE/BE (LB Field Examiner) with emphasis in Operational Risk (Payments), NB-0570-V.2"
2023_03,709598100,"Examination Technician, NB-0503-IV"
2023_03,713884800,"Examination Technician, NB-0503-IV"
2023_03,709607700,"NBE/BE (LB Field Examiner) with emphasis in Bank Information Technology, NB-0570-V.2"
2023_03,709681400,"NBE/BE (LB Field Examiner) with emphasis in Capital Markets, NB-0570-V.2"
2023_03,715283500,Plant Protection and Quarantine Officer (Plant Health Safeguarding Specialist)
2023_03,709968000,"Supervisory NBE/BE (LB Technical Team Lead) w/emphasis in Commercial Credit, NB-570-VI.2"
2023_03,714991400,"NBE/BE (LB Field Examiner) with emphasis in BSA/AML, NB-0570-V"
2023_03,710421900,Alcohol and Tobacco Tax Specialist
2023_03,710486200,Wildlife Biologist
2023_03,710526900,"Supervisory NBE/BE (Director BSA & AML Policy),  NB-0570-7"
2023_03,710921800,"NBE/BE (LB Field Examiner) with emphasis in Bank Information Technology, NB-0570-V.2"
2023_03,711168700,HR Assistant
2023_03,711312100,"National Bank Examiner/Bank Examiner (BIT), NB-570-5 step 2"
2023_03,711329400,Auditor (Financial)
2023_03,711519800,Environmental Protection Specialist
2023_03,711536200,"Lead Financial Economist (Lead Economic Expert), NB-0110-VI.2"
2023_03,711993000,"NBE/BE (Large Banks Field Examiner) with emphasis in Safety & Soundness, NB-570-V"
2023_03,712054900,"NBE/BE (LB Field Examiner) with emphasis in Capital Markets, NB-0570-V.2"
2023_03,712095800,Biologist
2023_03,712283300,"National Bank Examiner/Bank Examiner (BIT), NB-570-6"
2023_03,712490500,GENERAL BUSINESS & INDUSTRIAL SPECIALIST
2023_03,710436600,Alcohol and Tobacco Tax Specialist
2023_03,710526400,"Supervisory NBE/BE (Director BSA & AML Policy), NB-0570-7"
2023_03,715253600,"Supervisory National Bank Examiner, NB-0570-VII.2 (Temporary, NTE 1 Year)"
2023_03,712319800,"NBE/BE (LB Field Examiner) with emphasis in Bank Information Technology, NB-0570-VI"
2023_03,710935200,"NBE/BE (LB Field Examiner) with emphasis in Safety & Soundness, NB-0570-V.2"
2023_03,715381600,"NBE/BE (LB Field Examiner) with emphasis in Compliance, NB-0570-V.2"
2023_03,715170200,Wildlife Biologist
2023_03,712030200,"Administrative Assistant (OA), NB-0303-III"
2023_03,714966600,"National Bank Examiner/Bank Examiner (Compliance), NB0570-6"
2023_03,710954900,Realty Specialist (ROW Coordinator)
2023_03,715279700,Plant Protection and Quarantine Officer (Plant Health Safeguarding Specialist)
2023_03,711432000,Environmental Engineer (GEMS Coordinator)
2023_03,710934800,"NBE/BE (LB Field Examiner) with emphasis in Safety & Soundness, NB-0570-V"
2023_03,712060200,"NBE/BE (LB Field Examiner) with emphasis in Asset Management, NB-0570-V.2"
2023_03,710366200,"NBE/BE (Analyst to Large Bank Examiner-In-Charge), NB-0570-VI"
2023_03,711814200,"Organizational Development Specialist, NB-0301-V"
2023_03,709625700,Physical Scientist/Environmental Engineer
2023_03,711970200,GEN BIOLOGICAL SCIENTIST/GEN PHYSICAL SCIENTIST
2023_03,715494800,INTERDISCIPLINARY General Engineer/Physical Scientist
2023_03,713294300,Wildlife Biologist
2023_03,714269700,GENERAL BUSINESS & INDUSTRIAL SPECIALIST
2023_03,710858500,"Supervisory NBE/BE (LB Team Lead) with emphasis in Operational Risk, NB-0570-VII"
2023_03,716698400,Legal Instruments Examiner
2023_03,710935700,"NBE/BE (LB Field Examiner) with emphasis in Safety & Soundness, NB-0570-VI"
2023_03,710927500,"NBE/BE (LB Field Examiner) w/ emphasis in Asset Management, NB-0570-V"
2023_03,715365600,Legal Instruments Examiner
2023_03,709589400,"NBE/BE (LB Field Examiner) with emphasis in Commercial Credit, NB-0570-V"
2023_03,711994800,"NBE/BE (Large Banks Field Examiner) with emphasis in Safety & Soundness, NB-570-V.2"
2023_03,712715700,Environmental Protection Specialist
2023_03,714193100,"NBE/BE (LB Field Examiner) with emphasis in Compliance, NB-570-VI"
2023_03,714195100,"NBE/BE (LB Field Examiner) with emphasis in Compliance, NB-570-V.2"
2023_03,712283600,"National Bank Examiner/Bank Examiner (Commercial Credit), NB-570-5"
2023_04,716738700,Administrative Support Assistant
2023_04,719734000,Marine Traffic Controller
2023_04,718516900,"Supervisory Attorney-Advisor (Director, Litigation), NB-0905-VIII"
2023_04,718701000,GENERAL ATTORNEY
2023_04,717794000,SUPERVISORY ATTORNEY-ADVISOR (CONTRACT)
2023_04,716456200,"Attorney-Advisor, NB-0905-VII (Bank Advisory)"
2023_04,716452900,"Attorney-Advisor, NB-0905-VI.2 (Litigation)"
2023_04,716457200,"Attorney-Advisor, NB-0905-VII (Enforcement)"
2023_04,716450700,"Attorney-Advisor, NB-0905-VI.2 (Enforcement)"
2023_04,716446600,"Attorney-Advisor, NB-0905-VI.2 (Bank Advisory)"
2023_04,716454700,"Attorney-Advisor, NB-0905-VII (Administrative and Internal Law)"
2023_04,716458000,"Attorney-Advisor, NB-0905-VII (Litigation)"
2023_04,716449600,"Attorney-Advisor, NB-0905-VI.2 (Administrative and Internal Law)"
2023_04,721927400,Supervisory Civil Engineer
2023_04,721149400,Supervisory Civil Engineer
2023_04,718917000,Temporary Supervisory National Bank Examiner (Team Leader)
2023_04,717985100,Attorney - Adviser
2023_04,718518900,"Supervisory Attorney-Advisor (Director, Litigation), NB-0905-VIII"
2023_04,720640100,Park Ranger (Special Park Uses) (Code 4 Supervisor) (Temporary Promotion)
2023_04,720270500,Assistant Field Manager (Minerals and Lands)
2023_04,719810000,FISH AND WILDLIFE BIOLOGIST
2023_04,717257500,"Supvy NBE/BE (EXCEL I Team Leader) w/ emphasis in Compliance, NB-0570-VII Temporary NTE 2 Yrs"
2023_04,718756800,"Financial Economist, NB-0110-V.2 (Full Performance Level is NB-VI)"
2023_04,719341900,Emergency Management Specialist (Mitigation)
2023_04,720708100,Financial Analyst
2023_04,718092600,Manager of Financial Services
2023_04,717278200,"Supvy NBE/BE (EXCEL I Team Leader) w/Commercial Credit, NB-0570-VII (Temporary NTE 2 Years)"
2023_04,719414400,"Financial Economist (Research), NB-0110-VI"
2023_04,717251100,"Supvy NBE/BE (EXCEL I Team Leader) w/ emphasis in BIT, NB-0570-VII Temporary NTE 2 yrs"
2023_04,718751200,Attorney-Advisor
2023_04,717655100,INTERDISCIPLINARY ENGINEER/ARCHITECT
2023_04,718091600,District Court Executive/Clerk of Court
2023_04,718666200,POWERED SUPPORT SYSTEMS MECHANIC LEADER
2023_04,720143800,Frontline Manager Readiness Program  (FLRP)(TEMP NTE 1 Year MBE)
2023_04,722734400,Civil Engineer
2023_04,722760300,Jury Specialist
2023_04,719819800,Natural Resources Specialist
2023_04,718080500,"Lead Financial Economist (Lead Economic Expert) with emphasis in Fair Lending, NB-0110-VI.2"
2023_04,716929300,Supervisory Biologist
2023_04,718332100,Permits Manager
2023_04,721640200,"NBE/BE (Commercial Credit Risk Specialist), NB-0570-6"
2023_04,721290800,Legal Instruments Examiner
2023_04,717290700,Environmental Protection Specialist
2023_04,719419600,Environmental Protection Specialist
2023_04,717295800,Wildlife Biologist (Staff)
2023_04,716271700,Emergency Management Specialist (Mitigation)
2023_04,720012600,"NBE/BE (Analyst to the LB EIC/IBS Director), NB-0570-VI"
2023_04,719342400,"Administrative Assistant (OA), NB-0303-III"
2023_04,720310000,Firearms and Explosives Services Specialist
2023_04,721716900,Supervisory Motor Carrier Safety Specialist (Border Inspector)
2023_04,718005600,Supervisory Realty Specialist
2023_04,715966100,"Contact Representative Cadre (Mgmt Trainee/Frontline Mgr Trainee) (FLRP) (Temp NTE 1-year, MBE)"
2023_04,717184100,NBE/BE (CRA/FL Compliance Policy Specialist)-NB-570-5
2023_04,719819700,Natural Resources Specialist
2023_04,722302000,COMMUNICATIONS SECURITY SPECIALIST
2023_04,718006000,Supervisory Realty Specialist
2023_04,716871600,Plant Protection and Quarantine Officer (Canine Officer)
2023_04,716990800,"Supervisory Human Resources Specialist (Human Resources Development), NB-201-VII"
2023_04,721578800,"National Bank Examiner/Bank Examiner (BIT), NB-570-6"
2023_04,717182500,NBE/BE (CRA/FL Compliance Policy Specialist)-NB-570-5
2023_04,721802400,"Supervisory Financial Management Specialist, NB-0501-VII"
2023_04,720450900,"NBE/BE (Compliance Policy Analyst), NB-0570-5"
2023_04,722442900,Realty Specialist (Generalist)
2023_04,719705100,REALTY SPECIALIST (GENERALIST)
2023_04,716933100,Supervisory Biologist
2023_04,721578500,"National Bank Examiner (Analyst to the EIC), NB-570-5 step 2"
2023_04,721992000,"Customer Assistance Specialist, NB-0301-III"
2023_04,722625800,"Waterways Management Specialist, GS-2101-12"
2023_04,721125800,Alcohol and Tobacco Tax Specialist
2023_04,719466200,Pharmacy Technician - Prosthetics Procurement
2023_04,721991800,"Customer Assistance Specialist, NB-0301-IV"
2023_04,717148600,Wildlife Biologist
2023_04,718818600,"NBE/BE (LB Field Examiner) with emphasis in Retail Credit, NB-0570-V"
2023_04,716726300,Plant Protection and Quarantine Officer (Plant Health Safeguarding Specialist)
2023_04,720013600,Supervisory Civil Engineer
2023_04,717809800,Plant Protection and Quarantine Officer (Plant Health Safeguarding Specialist)
2023_04,717935400,Senior Advisor for Envrnmntl Review and Permitting (Environmental Policy and Permitting Specialist)
2023_04,718826800,"NBE/BE (LB Field Examiner) with emphasis in Retail Credit, NB-0570-V.2"
2023_04,721931200,Supervisory Civil Engineer
2023_04,716002100,Plant Protection Technician (Domestic)
2023_04,720165900,Environmental Protection Specialist
2023_04,720330000,Supervisory Environmental Protection Specialist
2023_04,721126900,Alcohol and Tobacco Tax Specialist
2023_04,716871400,Plant Protection and Quarantine Officer (Plant Health Safeguarding Specialist)
2023_04,721579000,"National Bank Examiner/Bank Examiner (Commercial Credit), NB-570-6"
2023_04,721578900,"National Bank Examiner/Bank Examiner (Compliance), NB-570-6"
2023_04,718385400,Interdisciplinary
2023_04,718850400,INTERDISCIPLINARY ENVIRONMENTAL POSITION
2023_04,716728700,Life Scientist/Environmental Engineer/Physical Scientist
2023_04,716916100,Supervisory Life Scientist/Physical Scientist/Environmental Engineer
2023_04,720155900,Supervisory Life Scientist/Environmental Engineer/Physical Scientist
2023_04,720392000,Biologist/General Engineer/Physical Scientist
2023_04,715754500,INTERDISCIPLINARY ECOLOGIST/WILDLIFE BIOLOGIST
2023_04,721992400,"Customer Assistance Specialist, NB-0301-III"
2023_04,720422100,"National Bank Examiner (Analyst to Assistant Deputy Comptroller), NB-570-5 step 2"
2023_04,719568500,Environmental Engineer
2023_04,719411000,"Marine Information Specialist, GS-1361-12"
2023_04,721578700,"National Bank Examiner/Bank Examiner(Enterprise Governance and Operational Risk), NB-570-6"
2023_04,721863100,Industrial Hygienist (GEMS Coordinator)
2023_04,716305400,Plant Protection and Quarantine Officer Plant Health Safeguarding Specialist  Predeparture Ops
2023_04,717353900,Environmental Protection Specialist
2023_04,718933800,Administrative Support Assistant
2023_04,718916700,"Supervisory National Bank Examiner (Team Leader), NB-570-6"
2023_04,717730900,Interdisciplinary
2023_04,720650700,Natural Resource Specialist (Air and Climate) / Physical Scientist (Air and Climate)
2023_04,722326300,PHYSICAL SCIENTIST (ENVIRONMENTAL)
2023_04,719058100,Natural Resource Specialist (State Compliance Specialist)
2023_04,715964900,Environment Protection Specialist
2023_04,718916900,"Supervisory Nation Bank Examiner (Team Leader), NB-570-6"
2023_04,716271600,Emergency Management Specialist (Mitigation)
2023_04,722323400,"Program Analyst, NB-0343-6"
2023_04,722622400,"Waterways Management Specialist, GS-2101-12"
2023_05,728798000,"Attorney-Advisor, NB-0905-VI"
2023_05,727302400,Attorney-Advisor (Contract)
2023_05,725264500,Biologist
2023_05,723145500,Supervisory Emergency Management Specialist (Mitigation)
2023_05,726778100,Attorney Advisor (Real Property)
2023_05,726572600,Attorney-Advisor (Labor)
2023_05,728016100,"National Bank Examiner/Bank Examiner (Special Assistant to the EIC), Temporary NTE 1 Yr."
2023_05,724937200,Emergency Management Specialist (Mitigation)
2023_05,728106500,"Supervisory NBE/BE (MCBS Resource Team Manager), NB-0570-VI.2 (Temp NTE 6 months)"
2023_05,727977000,"Supvy NBE/BE (LB Technical Team Lead) w/ ERM/Governance, NB-0570-VI.2 (Temporary NTE 2 years)"
2023_05,724336800,Biologist/Environmental Engineer/Physical Scientist (Senior Permit Specialist)
2023_05,722865000,Supervisory Life Scientist/Environmental Engineer/Physical Scientist
2023_05,723303300,Civil Engineer
2023_05,728011700,"Temporary National Bank Examiner (Analyst to ADC), NB-V.2"
2023_05,726270900,"Temporary National Bank Examiner/Bank Examiner (Regional Advisor), NB-570-VI"
2023_05,727211600,Civil Engineer
2023_05,725633800,Biological Scientist
2023_05,724953200,Interdisciplinary: GS-1301/0401-12
2023_05,724762600,Biologist/General Engineer/Physical Scientist
2023_05,723722900,"Temporary National Bank Examiner (Analyst to ADC), NB-570-5 step 2"
2023_05,728281500,Director for Permitting Excellence
2023_05,728797500,"Attorney-Advisor, NB-0905-VI"
2023_05,725358900,"Supervisory Program Analyst, NB-0343-VI.2"
2023_05,727709600,Realty Specialist (Generalist)
2023_05,722826200,"Temporary National Bank Examiner (Senior Program Administrator) (FFIEC), NB-570-6"
2023_05,726887200,"Supervisory National Bank Examiner (Team Leader), NB-570-VI"
2023_05,723291700,"Supervisory National Bank Examiner (Assistant Deputy Comptroller), NB-0570-7"
2023_05,723484700,"MCBS Administrative Officer, NB-0341-5"
2023_05,726228500,"Program Manager, NB-0340-VII"
2023_05,724667700,NBE-BE Governance & Operations Risk Policy Analyst-NB-570-6
2023_05,727677300,"Executive Director for Workforce Diversity and Inclusion, NB-0301-VIII"
2023_05,724665800,NBE-BE (Governance & Operations Risk Policy Analyst) NB-570-6
2023_05,725306300,"Examination Technician, NB-0503-IV"
2023_05,726147400,"Program Manager (Outreach/Banker Education), NB-0340-VI"
2023_05,728033400,"NBE/BE (LB Field Examiner) with emphasis in Retail Credit, NB-570-VI"
2023_05,723073600,Museum Curator
2023_05,727728000,Alcohol & Tobacco Tax Specialist
2023_05,725652900,NBE/BE (Analyst to the DC w/ emphasis in Financial Technology) NB-570-6.2
2023_05,725532200,"Environmental Protection Specialist, GS-0028-11"
2023_05,725858700,Surface Mining Reclamation Specialist
2023_05,727718200,"National Bank Examiner (Analyst to ADC), NB-570-V.2"
2023_05,722872800,Community Development Specialist-NB-301-5
2023_05,725798100,Wildlife Refuge Manager
2023_05,728018300,"NBE/BE (LB Field Examiner) with emphasis in Compliance, NB-570-V.2"
2023_05,727493700,"Regulatory Specialist, NB-0301-V"
2023_05,728642200,"Supervisory National Bank Examiner (Deputy EIC for Supervision & Operations), NB-0570-VII"
2023_05,722711800,"Human Resources Specialist (Compensation), NB-201-V"
2023_05,728679600,Environmental Engineer
2023_05,723992000,Electrical Engineer
2023_05,726610000,Project Manager
2023_05,723410400,"National Bank Examiner (Analyst to the EIC), NB-570 step 2"
2023_05,724856800,National Bank Examiner/Bank Examiner (Bank Information Technology Lead Expert). NB-570-VI
2023_05,728887800,Biologist
2023_05,726971100,Wildlife Biologist
2023_05,726656800,"National Bank Examiner/Bank Examiner (Retail Credit Risk Specialist), NB-0570-VI"
2023_05,726187000,"Marine Information Specialist, GS-1361-12"
2023_05,727440900,Plant Protection Technician
2023_05,728023600,"NBE/BE (LB Field Examiner) with emphasis in Capital Markets, NB-570-V.2"
2023_05,725511300,Emergency Management Specialist (Mitigation)
2023_05,727949100,Realty Specialist (Conveyances)
2023_05,727868700,"Supervisory NBE/BE (LB Technical Team Lead) with emphasis in Commercial Credit, NB-0570-VI.2"
2023_05,725984500,Realty Specialist (Generalist)
2023_05,728034100,"Supervisory National Bank Examiner/Bank Examiner(Examiner-in-Charge), NB-570-VII"
2023_05,726667900,"Supervisory National Bank Examiner (Team Leader), NB-0570-VI"
2023_05,726761800,Realty Specialist (Contracts Management)
2023_05,725531800,"Environmental Protection Specialist, GS-0028-11"
2023_05,723072700,Interdisciplinary (Regulatory Project Manager)
2023_05,724019800,Supervisory Interdisciplinary (Resource Stewardship and Science Program Manager)
2023_05,724645000,Criminal Investigation Frontline Readiness Program (MSP) Temp NTE MBE
2023_05,723073200,Museum Curator
2023_05,728584700,Life Scientist/ Environmental Engineer/ Physical Scientist
2023_05,728023700,INTERDISCIPLINARY ENV ENGINEER/PHYSICAL SCIENTIST/NATURAL RESOURCES SPEC
2023_05,722628400,Life Scientist/ Environmental Engineer/ Physical Scientist
2023_05,724256300,Interdisciplinary (Regional Technical Specialist - Transportation and Infrastructure)
2023_05,728082000,"NBE/BE (LB Field Examiner) with emphasis in Capital Markets, NB-570-VI"
2023_05,726880600,PLANT PROTECTION TECHNICIAN (DOMESTIC)
2023_05,727463500,"Program Analyst (IT Asset Management), NB-0343-V"
2023_05,727376000,"Examination Technician, NB-0503-IV"
2023_05,727493900,"Regulatory Specialist, NB-0301-V"
2023_05,727677000,"Executive Director for Workforce Diversity and Inclusion, NB-0301-VIII"
2023_05,727718100,"Supervisory National Bank Examiner (Assistant Deputy Comptroller), NB-570-VII"
2023_05,727994600,Civil Engineer
2023_05,728030600,"Supervisory NBE/BE (LB Technical Team Lead) with emphasis in Capital Markets, NB-570-VI.2"
2023_05,728042700,"Supervisory NBE/BE (LB Team Lead) with emphasis in ERM/Governance, NB-0570-VII"
2023_05,728103200,"Supervisory National Bank Examiner/Bank Examiner (MCBS Resource Team Manager), NB-0570-VI.2"
2023_05,727857900,"NBE/BE (LB Field Examiner) with emphasis in Asset Management, NB-0570-V.2"
2023_05,727379800,"National Bank Examiner/Bank Examiner (LB Field Examiner) with emphasis in Retail Credit, NB-0570-VI"
2023_05,728553200,"National Bank Examiner/Bank Examiner (Asset Management), NB-570-VI"
2023_05,725472000,Supervisory Civil Engineer
2023_05,724906200,"National Bank Examiner/Bank Examiner (Risk Expert - Capital), NB-570-VI"
2023_05,726813000,Plant Protection Technician (Domestic)
2023_05,727110300,Environmental Protection Specialist
2023_05,727858600,"NBE/BE (LB Field Examiner) with emphasis in Safety & Soundness, NB-0570-V.2"
2023_05,724696900,Environmental Protection Specialist
2023_05,727378900,"NBE/BE (LB Field Examiner) with emphasis in BIT, NB-0570-VI"
2023_05,724696700,Supervisory Environmental Protection Specialist
2023_05,726861000,Environmental Protection Specialist
2023_05,722873500,Community Development Specialist-NB-301-5
2023_05,724303200,Quality Review Specialist
2023_05,727726600,Alcohol & Tobacco Tax Specialist
2023_05,728033600,"National Bank Examiner/Bank Examiner (Examiner-in-Charge), NB-570-VI.2"
2023_05,723292800,"Supervisory National Bank Examiner (Team Leader), NB-0570-6"
2023_05,723420700,"Administrative Assistant (OA), NB-0303-3"
2023_05,723858000,"Financial Management Specialist, NB-0501-IV"
2023_05,723991700,Electrical Engineer
2023_05,724303700,Quality Review Specialist
2023_05,724905900,"National Bank Examiner/Bank Examiner (Risk Expert - Capital), NB-570-VI"
2023_05,724057600,Supervisory Program Analyst (Assistant Director)
2023_05,725759300,"Contact Representative Management Trainee Cadre (Bilingual) NTE 1 Year, MBE"
2023_05,725804900,Realty Assistant (Generalist/OA)
2023_05,723631000,Supervisory Interdisciplinary
2023_05,728360100,Supervisory Natural Resource Specialist/Physical Scientist
2023_05,727762300,INTERDISCIPLINARY ENVIRONMENTAL ENGINEER/PHYSICAL SCIENTIST
2023_05,724004800,Environmental Protection Specialist
2023_05,727722900,"Supervisory National Bank Examiner (Large Branch EIC), NB-0570-VI.2"
2023_05,725512400,Emergency Management Specialist (Mitigation)
2023_05,724472100,"Supervisory NBE (Examiner Development Team Lead), NB-0570-VII"
2023_05,726970700,Wildlife Biologist
2023_05,726609800,Project Manager
2023_05,722494300,Environmental Protection Specialist
2023_06,733958100,BIOLOGIST
2023_06,731928700,"Temporary National Bank Examiner (Analyst to ADC), NB-570 V.2"
2023_06,731139700,Legal Instruments Examiner
2023_06,731911300,Fish and Wildlife Biologist
2023_06,731913300,Civil/Transportation Engineer
2023_06,733165900,"Supervisory National Bank Examiner (Assistant Deputy Comptroller), NB-0570-VII (TEMP NTE 1 YEAR)"
2023_06,731280200,Civil Engineer
2023_06,731065300,Utility Locator
2023_06,733746800,Museum Specialist (Zoology)
2023_06,730734800,Deputy Assistant Administrator for Weather Services
2023_06,729924700,"Temporary National Bank Examiner/Bank Examiner (Regional Advisor), NB-570-VI"
2023_06,733718300,Museum Specialist (Zoology)
2023_06,734113400,Special Assistant to the Clerk
2023_06,729620400,Bridge Management Specialist GS-2101-12
2023_06,730136400,"Supervisory NBE/BE (Director for Commercial Credit Risk), NB-0570-VII"
2023_06,730735100,Plant Protection Technician
2023_06,734491700,"NBE/BE (LB Field Examiner) w/emphasis in Asset Management, NB-0570-VI"
2023_06,734006500,Natural Resource Specialist (Environmental Compliance Specialist)
2023_06,734172000,Physician (Perioperative Clinic)
2023_06,734256100,"Assistant Freedom of Information Act (FOIA) Officer, NB-0306-V.2"
2023_06,731235600,"National Bank Examiner (Field Examiner), NB-570-VI"
2023_06,734498800,"National Bank Examiner/Bank Examiner (Problem Bank Specialist), NB-570-VI"
2023_06,732004800,"National Bank Examiner/Bank Examiner (Fair Lending), NB-0570-V"
2023_06,732339700,Wildlife Refuge Manager
2023_06,730401500,Plant Protection Technician
2023_06,733486000,NBE-BE (CRA/FL Compliance Policy Specialist) NB-570-VI
2023_06,733929600,"NBE/BE (LB Field Examiner) with emphasis in Commercial Credit, NB-0570-V.2"
2023_06,731142800,"Supervisory Contract Specialist, NB-1102-VI"
2023_06,733924400,"NBE/BE (LB Field Examiner) with emphasis in Compliance, NB-0570-V"
2023_06,734489900,"NBE/BE (LB Field Examiner) w/emphasis in Retail Credit, NB-570-VI"
2023_06,733927600,"NBE/BE (LB Field Examiner) with emphasis in Commercial Credit, NB-0570-V"
2023_06,733819500,Industry Outreach Specialist
2023_06,733311400,"National Bank Examiner/Bank Examiner (Compliance), NB-V.2"
2023_06,730975700,Legal Instruments Examiner
2023_06,733199800,"Examination Technician, NB-0503-III"
2023_06,729940100,Environmental Specialist--Direct Hire Authority
2023_06,731969100,Realty Assistant (Generalist/OA)
2023_06,729141100,"Supervisory NBE/BE (LB Technical Team Lead) with emphasis in Ops Risk & BIT, NB-570-VI.2"
2023_06,734083100,Financial Analyst
2023_06,731590200,"NBE/BE (LB Field Examiner) with emphasis in Compliance and CRA, NB-0570-VI"
2023_06,734498700,"National Bank Examiner/Bank Examiner (Problem Bank Specialist), NB-570-VI"
2023_06,732700800,Realty Officer
2023_06,732861800,Environmental Protection Specialist
2023_06,731146000,PPQ Technician
2023_06,732862700,Environmental Protection Specialist
2023_06,733422600,"NBE/BE (LB Field Examiner) with emphasis in Safety & Soundness, NB-0570-V.2"
2023_06,733208900,"NBE/BE (LB Field Examiner) with emphasis in Capital Markets, NB-0570-V.2"
2023_06,729515900,Realty Assistant (Generalist/OA)
2023_06,729001700,"NBE/BE (Sr Lead Expert Risk Specialist) with emphasis in Commercial Credit, NB-0570-VI.2"
2023_06,732967500,Project Manager
2023_06,734066800,"Supervisory IT Specialist, NB-2210-VII.2"
2023_06,731046200,"Contract Specialist, NB-1102-V (ICTAP/CTAP/VEOA Eligibles)"
2023_06,733311500,"National Bank Examiner/Bank Examiner (Compliance), NB-570-VI"
2023_06,734689900,Supervisory Outdoor Recreation Planner
2023_06,730316300,Plant Protection Technician
2023_06,732443300,Supervisory Biologist
2023_06,732443600,Supervisory Biologist
2023_06,734501000,"NBE/BE (LB Field Examiner) with emphasis in Operational Risk, NB-0570-VI"
2023_06,732683500,"NBE/BE (Lead Expert Risk Specialist) w/ ERM/Governance and Operational Risk, NB-0570-VI"
2023_06,733486700,NBE-BE (CRA/FL Compliance Policy Specialist) NB-570-VI
2023_06,730825400,INTERDISCIPLINARY SENIOR ENVIRONMENTAL PLANNER
2023_06,729208200,INTERDISCIPLINARY
2023_06,729974200,"Deputy Comptroller (Deputy Comptroller for Large Banks), NB-0570-VIII"
2023_06,731177900,"Bank Examiner/National Bank Examiner, NB-0570-VI"
2023_06,732880800,Life Scientist/Physical Scientist/Environmental Engineer (Enforcement Officer/Inspector)
2023_06,732702100,Life Scientist/Environmental Engineer/Physical Scientist
2023_06,729201300,Life Scientist/Environmental Engineer/Physical Scientist
2023_06,730366800,INTERDISCIPLINARY BIOLOGIST/ENVIRONMENTAL ENGINEER/PHYSICAL SCIENTIST
2023_06,734501600,"NBE/BE (LB Field Examiner) with emphasis in ERM/Governance, NB-0570-V"
2023_06,728938400,Supervisory Investigative Analyst (Frontline & Readiness program)
2023_06,733961700,Environmental Protection Specialist (GEMS Coordinator)
2023_06,734170400,Physician (Perioperative Section Chief)
2023_06,733422200,"NBE/BE (LB Field Examiner) with emphasis in Safety & Soundness, NB-0570-V"
2023_06,733422900,"NBE/BE (LB Field Examiner) with emphasis in Safety & Soundness, NB-0570-VI"
2023_06,729016400,"Support Services Specialist, NB-0342-IV"
2023_06,731606400,"NBE/BE (Significant Service Providers/Central Point of Contact), NB-0570-VI"
2023_06,730979800,Legal Instruments Examiner
2023_06,730251300,"National Bank Examiner (Analyst to ADC), NB-570 V.2"
2023_06,730823500,"National Bank Examiner (Field Examiner), NB-570-VI"
2023_06,730823300,"National Bank Examiner (Field Examiner), NB-570-VI"
2023_06,731587600,"Supervisory NBE/BE (LB Technical Team Lead) with emphasis in ERM/Governance, NB-0570-VI.2"
2023_06,731607500,"Supervisory NBE/BE (Associate Deputy Comptroller for Credit Risk), NB-0570-VII.2"
2023_06,731610000,"NBE/BE (Lead Expert Risk Specialist) with emphasis in Consumer Compliance, NB-0570-VI"
2023_06,731611900,"NBE/BE (Sr Lead Expert Risk Specialist) with emphasis in Capital Markets, NB-0570-VI.2"
2023_06,730260000,Supervisory Petroleum Engineer
2023_06,734385900,Environmental Protection Specialist (GEMS Coordinator)
2023_06,733211700,"NBE/BE (LB Field Examiner) with emphasis in Capital Markets, NB-570-VI"
2023_06,729742600,"Safety and Occupational Health Specialist, NB-0018-V"
2023_06,732253000,"National Bank Examiner/ Bank Examiner (CRA), NB-570-V"
2023_06,733205400,"NBE/BE (LB Field Examiner) with emphasis in Bank Information Technology, NB-0570-V.2"
2023_06,732737200,"National Bank Examiner/Bank Examiner (Enterprise Governance and Operational Risk), NB-570-V.2"
2023_06,733147000,"National Bank Examiner/Bank Examiner (BIT), NB-0570-V.2"
2023_06,733926300,"NBE/BE (LB Field Examiner) with emphasis in Compliance, NB-0570-V.2"
2023_06,733969200,SUPERVISORY ENVIRONMENTAL PROTECTION SPECIALIST
2023_06,732355500,Realty Specialist
2023_06,733145000,Environmental Protection Specialist
2023_06,730669600,"National Bank Examiner (Novel Bank), NB-570-VI"
2023_06,729620300,Bridge Management Specialist GS-2101-12
2023_06,732386600,"Public Affairs Specialist, NB-1035-V"
2023_06,732015500,"National Bank Examiner/Bank Examiner (Compliance), NB-0570-V.2"
2023_06,731585600,SUPERVISORY INTERDISCIPLINARY
2023_06,734578800,INTERDISCIPLINARY ENVIRONMENTAL ENGINEER / PHYSICAL SCIENTIST
2023_06,733153000,Environmental Protection Specialist
2023_06,731610900,"NBE/BE (Sr Lead Expert Risk Specialist) with emphasis in BSA/AML, NB-0570-VI.2"
2023_06,729924800,"Supervisory National Bank Examiner (Assistant Deputy Comptroller), NB-570-VII"
2023_07,735985700,Life Scientist/Environmental Engineer/Physical Scientist (Senior Permit Specialist)
2023_07,739111500,Fish Biologist
2023_07,738700000,NBE/BE - Financial Technology Policy Specialist-NB-570-6
2023_07,735119200,"HONORS ATTORNEY PROGRAM, LAW CLERK / ATTORNEY, GS-0904/0905-11/12/13/14 (BOS)"
2023_07,735117300,"HONORS ATTORNEY PROGRAM, LAW CLERK / ATTORNEY, GS-0904/0905-11/12/13/14 (DEN)"
2023_07,735117600,"HONORS ATTORNEY PROGRAM, LAW CLERK / ATTORNEY, GS-0904/0905-11/12/13/14 (SF/SEA)"
2023_07,738664800,Hydropower Outreach Coordinator
2023_07,735114800,"HONORS ATTORNEY PROGRAM, LAW CLERK / ATTORNEY, GS-0904/0905-11/12/13/14 (CHI)"
2023_07,737809800,Life Scientist / Environmental Engineer / Physical Scientist
2023_07,734928600,Deputy Manager Carlsbad Field Office
2023_07,737905900,"Financial Economist, NB-0110-V.2 (Full Performance Level is NB-VI)"
2023_07,738151200,Biologist
2023_07,738302000,"Temporary Program Analyst (MCBS), NB-343-VI"
2023_07,736069500,"Temporary National Bank Examiner (Analyst to ADC), NB-570-V.2"
2023_07,737056600,"HONORS ATTORNEY PROGRAM, LAW CLERK / ATTORNEY, GS-0904/0905-11/12/13/14 (SF/SEA)"
2023_07,737050900,"HONORS ATTORNEY PROGRAM, LAW CLERK / ATTORNEY, GS-0904/0905-11/12/13/14 (BOS)"
2023_07,737761400,Architect
2023_07,736905300,"Temporary National Bank Examiner (Analyst to EIC), NB-570-V.2"
2023_07,737054600,"HONORS ATTORNEY PROGRAM, LAW CLERK / ATTORNEY, GS-0904/0905-11/12/13/14 (DEN)"
2023_07,737207400,Biologist
2023_07,735642300,General Engineer/Physical Scientist (Radiation Protection Specialist)
2023_07,737052700,"HONORS ATTORNEY PROGRAM, LAW CLERK / ATTORNEY, GS-0904/0905-11/12/13/14 (CHI)"
2023_07,739024500,Life Scientist/Environmental Engineer/Physical Scientist (Underground Injection Control Program Lead)
2023_07,740474200,Procurement and Facilities Specialist
2023_07,739567700,ENVIRONMENTAL ENGINEER
2023_07,740454400,"National Bank Examiner/Bank Examiner (Critical Infrastructure Technical Expert), NB-570-VII"
2023_07,735550000,"Supervisory NBE/BE (LB Technical Team Lead) w/Bank Information Technology, NB-570-VI.2"
2023_07,736892100,Supervisory Visitor Services Assistant (Backcountry Permits)
2023_07,739527600,Supervisory Realty Specialist
2023_07,734877600,COMMUNICATIONS SECURITY SPECIALIST
2023_07,735388300,"Supervisory National Bank Examiner (Assistant Deputy Comptroller), NB-0570-VII"
2023_07,739989900,"NBE/BE (LB Field Examiner) with emphasis in Compliance, NB-570-V"
2023_07,739676300,"NBE/BE (LB Field Examiner) with emphasis in Bank Information Technology, NB-0570-VI"
2023_07,739677100,"NBE/BE (LB Field Examiner) with emphasis in Bank Information Technology, NB-0570-V"
2023_07,737899800,Archaeologist
2023_07,738850500,"Bridge Management Specialist, GS-2101-09"
2023_07,738700100,NBE/BE - Financial Technology Policy Specialist-NB-570-VI
2023_07,740299800,"Deputy Comptroller (Deputy Comptroller for Large Banks), NB-0570-VIII"
2023_07,738901500,NBE-BE -Core Policy Analyst - NB-570-VI
2023_07,740417100,Realty Assistant (Generalist/OA)
2023_07,736905000,"National Bank Examiner/Bank Examiner (Mortgage Banking), NB-570-VI"
2023_07,739996500,"NBE/BE (LB Field Examiner) with emphasis in Commercial Credit, NB-570-VI"
2023_07,736630600,Environmental Protection Specialist
2023_07,739335100,"Supervisory National Bank Examiner (Examiner-in-Charge), NB-570-VI.2"
2023_07,739992200,"NBE/BE (LB Field Examiner) with emphasis in Compliance, NB-570-V.2"
2023_07,738631800,TRANSPORTATION SPECIALIST
2023_07,737421800,Motor Carrier Safety Specialist (Border Inspector) (Direct Hire - MP)
2023_07,738969500,Environmental Protection Specialist
2023_07,738675500,HR Assistant (Benefits)- NB-203-IV
2023_07,736541100,Environmental Protection Specialist
2023_07,739994200,"NBE/BE (LB Field Examiner) with emphasis in Safety & Soundness, NB-0570-VI"
2023_07,739998700,"NBE/BE (LB Field Examiner) with emphasis in Safety & Soundness, NB-570-V.2"
2023_07,735637400,Supervisory Interdisciplinary
2023_07,735276500,Frontline Manager Readiness Program (FLRP) (MSP) TEMP NTE 1 Year MBE
2023_07,735237500,"NBE/BE (LB Field Examiner) with emphasis in Commercial Credit, NB-0570-V"
2023_07,739214000,SUPERVISORY ENVIRONMENTAL PROTECTION SPECIALIST
2023_07,735237700,"NBE/BE (LB Field Examiner) with emphasis in Commercial Credit, NB-0570-V.2"
2023_07,737900100,Archaeologist
2023_07,735237300,"NBE/BE (LB Field Examiner) with emphasis in Compliance, NB-0570-V"
2023_07,735560700,Environmental Protection Specialist
2023_07,735163100,"National Bank Examiner/Bank Examiner (Asset Management), NB-0570-V.2"
2023_07,735561900,Realty Specialist (Generalist)
2023_07,738058200,"Administrative Assistant (OA), NB-0303-III"
2023_07,738289600,Program Manager
2023_07,735249300,"National Bank Examiner/Bank Examiner (Asset Management), NB-570-V.2"
2023_07,740321100,"Supervisory NBE/BE (LB Technical Team Lead) with emphasis in Capital Markets, NB-0570-VI.2"
2023_07,738778200,Realty Specialist (Generalist)
2023_07,739694600,"NBE/BE (LB Field Examiner) with emphasis in Operational Risk, NB-0570-VI"
2023_07,735559900,Environmental Protection Specialist
2023_07,740453500,"National Bank Examiner/Bank Examiner (Critical Infrastructure Technical Expert), NB-570-VII"
2023_07,738616400,"National Bank Examiner/Bank Examiner (Mortgage Banking), NB-570-V"
2023_07,739692700,"NBE/BE (LB Field Examiner) with emphasis in Retail Credit, NB-0570-VI"
2023_07,740167800,Healthcare Engineer (GEMS Coordinator)
2023_07,735253400,Healthcare Engineer
2023_07,735164300,"National Bank Examiner/Bank Examiner (Asset Management), NB-0570-V.2"
2023_07,735878000,Outdoor Recreation Planner
2023_07,736014200,Supervisory Natural Resources Specialist
2023_07,738849500,Deputy State Director (Energy & Minerals)
2023_07,736456300,"NBE (IBS Field Examiner/Portfolio Manager) with emphasis in Safety & Soundness, NB-0570-VI"
2023_07,736457100,"NBE/BE (LB Field Examiner) with emphasis in Asset Management, NB-0570-V.2"
2023_07,736626100,"National Bank Examiner (Analyst to ADC), NB-570- V.2"
2023_07,735464700,INDUSTRIAL SECURITY SPECIALIST
2023_07,738616500,"National Bank Examiner/Bank Examiner (Mortgage Banking), NB-570-V"
2023_07,736301900,REALTY SPECIALIST (GENERALIST)
2023_07,739285700,Wildlife Biologist (Staff)
2023_07,735237400,"NBE/BE (LB Field Examiner) with emphasis in Compliance, NB-0570-V.2"
2023_07,736242700,ENVIRONMENTAL ENGINEER/PHYSICAL SCIENTIST
2023_07,736021600,INTERDISCIPLINARY ENVIRONMENTAL ENGINEER/PHYSICAL SCIENTIST
2023_07,735182000,Realty Specialist (Conveyances)
2023_07,739023100,"Temporary Supervisory National Bank Examiner (Assistant Deputy Comptroller), NB-570-VII"
2023_07,740002400,Environmental Protection Specialist
2023_08,741940600,Fish and Wildlife Biologist
2023_08,740551400,Life Scientist/Environmental Engineer/Physical Scientist
2023_08,744428100,Attorney-Advisor (Environmental Law) - Public Notice Flyer
2023_08,736387400,Life Scientist / Environmental Engineer / Physical Scientist
2023_08,742501100,GENERAL ATTORNEY
2023_08,741485400,Deputy Manager Los Alamos Field Office
2023_08,741189400,Industrial Hygienist
2023_08,743943500,ATTORNEY-ADVISOR (LABOR)
2023_08,742584100,"Supervisory National Bank Examiner (Team Leader), NB-0570-VI (TEMP NTE 1 YEAR)"
2023_08,743261800,Civil Engineer
2023_08,743685900,Plant Protection and Quarantine Officer (Plant Health Safeguarding Specialist)
2023_08,743466600,Environmental Protection Specialist
2023_08,743774900,"National Bank Examiner/Bank Examiner (Asset Management Lead Expert Support), NB-0570-V.2"
2023_08,743304200,Records/Inventory Clerk
2023_08,740367500,ELECTRONICS MECHANIC
2023_08,741189100,Industrial Hygienist
2023_08,742343500,Civil Engineer (Hydraulics)(Senior Technical Specialist) - DIRECT HIRE
2023_08,746049800,SUPERVISORY FISH & WILDLIFE BIOLOGIST
2023_08,746259500,Fish and Wildlife Biologist
2023_08,746128400,Materials Handler
2023_08,746158700,Planning & Land Resources Supervisor (Interest Announcement)
2023_08,745420700,Life Scientist/Environmental Engineer/Physical Scientist
2023_08,745734700,"Supervisory Program Manager (Leasing and Facilities Services), NB-0301-VI"
2023_08,742909400,"Program Analyst (Supervision Support) with emphasis in Data Engineering, NB-0343-V"
2023_08,743735500,"NBE/BE (LB Field Examiner) with emphasis in Operational Risk, NB-0570-VI"
2023_08,744791900,Permits Assistant
2023_08,740865200,"Supervisory National Bank Examiner (Team Leader), NB-0570-VI"
2023_08,741072600,Internal Revenue Agent (Examiner-Joint Committee Specialist) 12 MONTH ROSTER 'AMENDED'
2023_08,742243200,"National Bank Examiner/Bank Examiner (BIT Lead Expert Support), NB-570-V.2"
2023_08,743530200,"NBE/BE (LB Field Examiner) with emphasis in ERM/Governance, NB-0570-VI"
2023_08,743770100,"NBE/BE (LB Field Examiner) with emphasis in Compliance, NB-570-VI"
2023_08,742232500,Community Affairs Officer-NB-301-VI
2023_08,743734500,"NBE/BE (LB Field Examiner) with emphasis in Operational Risk, NB-0570-V"
2023_08,743190500,"Information Technology Specialist, NB-2210-V"
2023_08,743393200,Concessions Management and Permits Specialist
2023_08,742269000,Program Analyst
2023_08,746511900,Administrative Officer
2023_08,744983200,"Supervisory National Bank Examiner (Team Leader), NB-570-VI"
2023_08,745651400,Environmental Protection Specialist
2023_08,743974000,"Supervisory National Bank Examiner/Bank Examiner (Climate Risk), NB-0570-VI.2"
2023_08,746473300,"National Bank Examiner/Bank Examiner (Risk Expert - Capital), NB-570-VI"
2023_08,742214600,"NBE/BE (LB Field Examiner) with emphasis in Commercial Credit, NB-0570-VI"
2023_08,742582600,"National Bank Examiner (Analyst to Associate Deputy Comptroller), NB-0570-VI"
2023_08,741635600,Environmental Protection Specialist
2023_08,743466900,Environmental Protection Specialist
2023_08,743532400,"NBE/BE (LB Field Examiner) with emphasis in Commercial Credit, NB-0570-V.2"
2023_08,743027000,Plant Protection Technician
2023_08,743468000,Environmental Protection Specialist
2023_08,741325200,"Lead Auditor, NB-0511-VI"
2023_08,746140500,"NBE/BE (LB Field Examiner) with emphasis in Bank Information Technology, NB-570-VI"
2023_08,742521900,"National Bank Examiner/Bank Examiner (Technical Expert - Commercial Credit Risk), NB-570-VII"
2023_08,746330200,"Administrative Assistant (OA), NB-0303-III"
2023_08,741411000,Marine Traffic Controller
2023_08,741763500,Environmental Protection Specialist
2023_08,746361400,"NBE/BE (LB Field Examiner) with emphasis in Capital Markets, NB-0570-VI"
2023_08,743133300,Supervisory Outdoor Recreation Planner
2023_08,743575500,"NBE/BE (LB Field Examiner) with emphasis in Asset Management, NB-570-V.2"
2023_08,743529200,"NBE/BE (LB Field Examiner) with emphasis in BSA/AML, NB-0570-VI"
2023_08,743377800,Supervisory Park Ranger (Protection)
2023_08,745287200,Program Specialist
2023_08,744775300,SUPERVISORY ENVIRONMENTAL PROTECTION SPECIALIST
2023_08,741086700,Visitor Use Assistant (Angels Landing)
2023_08,745282100,Assistant Field Manager
2023_08,743531800,"NBE/BE (LB Field Examiner) with emphasis in Commercial Credit, NB-0570-V"
2023_08,745930800,"NBE/BE (Risk Resource) with emphasis in Bank Information Technology, NB-0570-V"
2023_08,741169900,NBE-BE (CRA MODERNIZATION PROG MGR) NB-570-VI.2
2023_08,746497800,Wildlife Biologist
2023_08,746474800,Realty Specialist (Generalist)
2023_08,743108300,"National Bank Examiner/Bank Examiner (Financial Analysis), NB-570-VI"
2023_08,740553800,"Examination Technician, NB-0503-III"
2023_08,744791300,Permits Assistant
2023_08,746720200,"Lead Visual Information Specialist, NB-1084-V.2"
2023_08,746143400,"Supervisory NBE/BE (LB Technical Team Lead) with emphasis in Operational Risk, NB-570-VI.2"
2023_08,744298900,Realty Specialist (Generalist)
2023_08,744301800,Environmental Protection Specialist
2023_08,741442200,FIRE PROTECTION SPECIALIST
2023_08,745521100,Supervisory Interdisciplinary
2023_08,742637300,Life Scientist/ Environmental Engineer/ Physical Scientist
2023_08,741944200,Life Scientist/Environmental Engineer/Physical Scientist
2023_08,741867600,SUPERVISORY PHYSICAL SCIENTIST/ENGINEER/BIOLOGIST
2023_08,743664700,"Supervisory Environmental Engineer, Physical Scientist, Life Scientist"
2023_08,741997100,Supervisory Life Scientist/ Physical Scientist/ Environmental Engineer
2023_08,740655600,Interdisciplinary
2023_08,743753100,Interdisciplinary
2023_08,745042500,SUPERVISORY ENVIRONMENTAL PROTECTION SPECIALIST
2023_08,741637700,Environmental Protection Specialist
2023_08,741411100,Marine Traffic Controller
2023_08,744571400,Emergency Management Specialist
2023_08,745249300,Environmental Protection Specialist
2023_08,743807100,"Supvy NBE/BE (EXCEL I Team Leader) w/Commercial Credit, NB-0570-VII (Temporary NTE 2 Years)"
2023_08,744422300,Realty Specialist (Generalist)
2023_08,744186700,Plant Protection and Quarantine Officer (Plant Health Safeguarding Specialist)
2023_08,740936100,Internal Revenue Agent (Examiner - Appeals Tax Computation Specialist) 12 MONTH ROSTER 'AMENDED'
2023_08,743800800,"NBE/BE (LB Field Examiner) with emphasis in Capital Markets, NB-570-V.2"
2023_08,740275600,"National Bank Examiner (Analyst to ADC), NB-0570-V.2"
2023_08,741329300,"Supervisory Training Specialist, NB-1712-VI (Term NTE 5 years) FFIEC"
2023_08,746358000,"Examination Technician, NB-0503-III"
2023_08,741854700,Realty Specialist (Contracts Management)
2023_08,746358700,"Supervisory NBE/BE (LB Technical Team Lead) with emphasis in Capital Markets, NB-0570-VI.2"
2023_08,743512200,"Supervisory NBE/BE (LB Team Lead) with emphasis in Bank Information Technology, NB-570-VII"
2023_08,743735100,"NBE/BE (LB Field Examiner) with emphasis in Operational Risk, NB-0570-V.2"
2023_08,742589600,"National Bank Examiner/Bank Examiner (Technology Service Provider), NB-570-6"
2023_08,741329000,"Training Administrator, NB-1712-VII (Term NTE 5 years) FFIEC"
2023_08,742910300,"Program Analyst (Supervision Support) with emphasis in Data Engineering, NB-0343-V"
2023_08,746100100,"NBE/BE (Significant Service Providers/Central Point of Contact), NB-0570-VI.2"
2023_08,742232600,Community Affairs Officer-NB-301-VI
2023_08,746095200,Environmental Protection Specialist
2023_08,745912500,Interdisciplinary Mining Engineer or Geologist
2023_08,745911600,Interdisciplinary Mining Engineer or Geologist
2023_08,744200100,"National Bank Examiner/Bank Examiner (Credit Card), NB-570-VI"
2023_08,746479500,"National Bank Examiner/Bank Examiner (Risk Expert - Capital), NB-570-VI"
2023_08,743735900,"NBE/BE (LB Field Examiner) with emphasis in Retail Credit, NB-0570-VI"
2023_08,742268700,Program Analyst
2023_08,746725000,"Lead Writer-Editor, NB-1082-V.2"
2023_08,745272500,Natural Resources Specialist (Environmental Compliance Specialist)
2023_08,744761700,Natural Resource Specialist (Surface Management)
2023_08,745144900,Civil Engineer
2023_09,751229300,Attorney-Advisor
2023_09,751231000,Attorney-Advisor
2023_09,750108400,Physical Scientist (Senior Mining Advisor)
2023_09,746438500,Historian / Archaeologist
2023_09,747514800,Biologist
2023_09,747800700,Executive Director Operations and Sustainment
2023_09,747861800,"Supervisory National Bank Examiner (Team Leader), NB-0570-VI (TEMP NTE 1 YEAR)"
2023_09,748936600,Civil Engineer
2023_09,749319300,Temporary Supervisory National Bank Examiner (Team Leader). NB-570-VI
2023_09,749349800,Legal Instruments Examiner
2023_09,748759400,Forestry Aid
2023_09,752228100,Attorney-Advisor (Contract)
2023_09,750605300,Civil Engineer (Direct Hire Authority)
2023_09,750440000,"National Bank Examiner/Bank Examiner (Enterprise Governance and Operational Risk), NB-0570-VI"
2023_09,750823900,"NBE/BE (LB Field Examiner) with emphasis in Operational Risk, NB-570-VI"
2023_09,751493100,"National Bank Examiner/Bank Examiner (Retail Credit), NB-570-V.2"
2023_09,750674200,Environmental Protection Specialist
2023_09,749460500,Fire Protection Inspector
2023_09,747742600,"Supervisory National Bank Examiner (Team Leader), NB-0570-VI"
2023_09,750077600,"Supervisory NBE/BE (LB Team Lead) with emphasis in Retail Credit, NB-0570-VII"
2023_09,750189200,Senior Analyst (Deputy Director)
2023_09,750192200,Senior Analyst (Deputy Director)
2023_09,751646700,"National Bank Examiner (Field Examiner), NB-0570-V.2"
2023_09,747256500,"NBE (EG/Ombudsman Analyst), NB-570-VI"
2023_09,750977900,"NBE/BE (LB Field Examiner) with emphasis in Retail Credit, NB-0570-V.2"
2023_09,750534400,"IT Specialist (Network Services), NB-2210-V"
2023_09,747519800,"Supervisory National Bank Examiner/Bank Examiner, (Director for Licensing), NB-0570-VII"
2023_09,750821800,"NBE/BE (LB Field Examiner) with emphasis in Operational Risk, NB-570-V"
2023_09,748171900,"NBE/BE (LB Field Examiner) with emphasis in Safety & Soundness, NB-0570-V"
2023_09,748171100,"NBE/BE (LB Field Examiner) with emphasis in Asset Management, NB-0570-VI"
2023_09,750008500,"NBE/BE (LB Field Examiner) with emphasis in Compliance, NB-570-V.2"
2023_09,749779900,Deputy Chief Ranger (Protection)
2023_09,747744800,Legal Instruments Examiner
2023_09,752229000,Compensation Analyst-NB-201-IV
2023_09,748171400,"NBE/BE (LB Field Examiner) with emphasis in Commercial Credit, NB-0570-V"
2023_09,750816300,"NBE/BE (LB Field Examiner) with emphasis in ERM/Governance, NB-570-VI"
2023_09,747539300,"Senior Technical Advisor Product Development, NB-0301-VII"
2023_09,747737600,"NBE/BE (LB Field Examiner) with emphasis in Bank Information Technology, NB-0570-V"
2023_09,748221500,"National Bank Examiner/Bank Examiner (Asset Management), NB-570-V"
2023_09,748508000,Emergency Management Specialist (Mitigation)
2023_09,748726600,Realty Specialist (Generalist)
2023_09,750906600,"NBE/BE (LB Field Examiner) with emphasis in BSA/AML, NB-0570-V"
2023_09,749462600,Supervisory Fire Protection Inspector
2023_09,752334600,OUTDOOR RECREATION PLANNER
2023_09,749876900,"Supervisory National Bank Examiner (Assistant Deputy Comptroller), NB-0570-VII"
2023_09,749889500,"National Bank Examiner/Bank Examiner (Technical Expert - Capital Policy), NB-0570-VII"
2023_09,750079100,"Supervisory NBE/BE (LB Technical Team Lead) with emphasis in Capital Markets, NB-0570-VI.2"
2023_09,750089400,"NBE/BE (LB Field Examiner) with emphasis in Retail Credit, NB-0570-V.2"
2023_09,750086800,"NBE/BE (LB Field Examiner) with emphasis in Retail Credit, NB-0570-V"
2023_09,750098400,"NBE/BE (LB Field Examiner) with emphasis in ERM/Governance, NB-0570-VI"
2023_09,750814900,"NBE/BE (LB Field Examiner) with emphasis in ERM/Governance, NB-570-V.2"
2023_09,747791700,Environmental Protection Specialist
2023_09,748171600,"NBE/BE (LB Field Examiner) with emphasis in Commercial Credit, NB-0570-V.2"
2023_09,751645300,"National Bank Examiner (Field Examiner), NB-0570-V.2"
2023_09,751122100,DEPUTY REGIONAL REALTY OFFICER
2023_09,751308900,"National Bank Examiner/Bank Examiner (Compliance), NB-0570-V.2"
2023_09,751392500,NBE-BE (CRA/FL Compliance Policy Specialist) NB-570-VI
2023_09,751493200,"National Bank Examiner/Bank Examiner (Commercial Credit), NB-570-V.2"
2023_09,751642300,"National Bank Examiner (Field Examiner), NB-0570-V.2"
2023_09,749961000,Supervisory Alcohol and Tobacco Tax Specialist
2023_09,751389900,NBE-BE (CRA/FL Compliance Policy Specialist) NB-570-VI
2023_09,750018200,"NBE/BE (LB Field Examiner) with emphasis in Operational Risk, NB-570-VI"
2023_09,750186300,Senior Analyst (Deputy Director)
2023_09,750097300,"NBE/BE (LB Field Examiner) with emphasis in ERM/Governance, NB-0570-V"
2023_09,748747100,NBE-BE-Analyst to the DC with emphasis in Financial Technology- NB-570-VI2
2023_09,747076000,Realty Specialist (Generalist)
2023_09,748236100,"NBE/BE (LB Field Examiner) with emphasis in Capital Markets, NB-0570-VI"
2023_09,749889300,"National Bank Examiner/Bank Examiner (Technical Expert - Capital Policy), NB-0570-VII"
2023_09,747563900,Environmental Engineer
2023_09,751291600,"National Bank Examiner/Bank Examiner (Commercial Credit Lead Expert), NB-0570-VI"
2023_09,750014100,"NBE/BE (LB Field Examiner) with emphasis in Compliance, NB-570-VI"
2023_09,748171000,"NBE/BE (LB Field Examiner) with emphasis in Asset Management, NB-0570-V.2"
2023_09,749957400,Supervisory Alcohol and Tobacco Tax Specialist
2023_09,750099000,"Supervisory NBE/BE (LB Technical Team Lead) with emphasis in ERM/Governance, NB-0570-VI.2"
2023_09,748210300,"NBE/BE (LB Field Examiner) with emphasis in Bank Information Technology, NB-0570-V.2"
2023_09,752305100,Supervisory Alcohol and Tobacco Tax Specialist
2023_09,750978200,"NBE/BE (LB Field Examiner) with emphasis in Operational Risk (Payments), NB-0570-V"
2023_09,748235800,"NBE/BE (LB Field Examiner) with emphasis in Capital Markets, NB-0570-V.2"
2023_09,747403200,"National Bank Examiner/Bank Examiner (Commercial Credit), NB-570-VI"
2023_09,750906500,"NBE/BE (LB Field Examiner) with emphasis in Compliance, NB-0570-V.2"
2023_09,747585600,Program Analyst
2023_09,745891600,"Assistant National Bank Examiner, NB-570-III"
2023_09,751909400,Realty Assistant (Generalist/OA)
2023_09,749068000,Interdisciplinary
2023_09,747612800,Interdisciplinary - Environmental Scientist/Physical Scientist/Environmental Engineer
2023_09,750992500,Interdisciplinary
2023_09,747494500,INTERDISCIPLINARY ECOLOGIST/WILDLIFE BIOLOGIST
2023_09,750978100,"NBE/BE (LB Field Examiner) with emphasis in Retail Credit, NB-0570-VI"
2023_09,751610500,Senior Advisor for Environmental Review and Permitting
2023_09,752023100,"Bridge Management Specialist, GS-2101-12"
2023_09,747172900,"Associate Deputy Comptroller, NB-570-VII.2"
2023_09,751493300,"National Bank Examiner/Bank Examiner (Capital Markets Lead Expert), NB-570-VI"
2023_09,747028800,"NBE/BE (Quality Assurance Program Examiner), NB-0570-VI"
2023_09,746995800,"National Bank Examiner (Significant Service Providers/Central Point of Contact), NB-0570-VI.2"
2023_09,750409200,Realty Specialist (Generalist)
2023_09,750097900,"NBE/BE (LB Field Examiner) with emphasis in ERM/Governance, NB-0570-V.2"
2023_09,747744300,"Environmental Protection Specialist, GS-0028-11"
2023_09,751123100,Realty Specialist (Generalist)
2023_09,747585500,Program Analyst
2023_09,750906000,"NBE/BE (LB Field Examiner) with emphasis in Compliance, NB-0570-V"
2023_09,751315700,"National Bank Examiner/Bank Examiner (Compliance), NB-0570-V.2"
2023_09,748210400,"NBE/BE (LB Field Examiner) with emphasis in Bank Information Technology, NB-0570-VI"
2023_09,748507300,Emergency Managment Specialist (Mitigation)
2023_09,750906900,"NBE/BE (LB Field Examiner) with emphasis in BSA/AML, NB-0570-V.2"
2023_09,748235700,"NBE/BE (LB Field Examiner) with emphasis in Capital Markets, NB-0570-V"
2023_09,749982900,"NBE/BE (Lead Expert Risk Specialist) with emphasis in Commercial Credit, NB-0570-VI"
2023_09,748385600,Internal Revenue Agent (Examiner) - DIRECT HIRE (12 MONTH REGISTER) - Amended
2023_09,746688600,"Associate Deputy Comptroller, NB-0570-VII.2"
2023_09,751644000,"National Bank Examiner (Field Examiner), NB-0570-V.2"
2023_09,746874500,REALTY SPECIALIST (GENERALIST)
2023_09,750022000,"NBE/BE (LB Field Examiner) with emphasis in Commercial Credit, NB-570-VI"
2023_09,749963100,Supervisory Alcohol and Tobacco Tax Specialist
2023_09,750370800,Wildlife Biologist
2023_09,750822900,"NBE/BE (LB Field Examiner) with emphasis in Operational Risk, NB-570-V.2"
2023_09,750090000,"NBE/BE (LB Field Examiner) with emphasis in Retail Credit, NB-0570-VI"
2023_09,750996500,"NBE/BE (Risk Specialist) with emphasis in Commercial Credit, NB-0570-VI"
2023_09,748170900,"NBE/BE (LB Field Examiner) with emphasis in Asset Management, NB-0570-V"
2023_09,750814000,"NBE/BE (LB Field Examiner) with emphasis in ERM/Governance, NB-570-V"
2023_09,750977500,"NBE/BE (LB Field Examiner) with emphasis in Retail Credit, NB-0570-V"
2023_09,750844000,Supervisory Biological Scientist (Branch Chief)
2023_09,747524300,"Supervisory National Bank Examiner/Bank Examiner, (Director for Licensing), NB-0570-VII"
2023_09,750533400,"IT Specialist (Network Services), NB-2210-V"
2023_10,756761500,Petroleum Engineer
2023_10,755418100,Life Scientist / Environmental Engineer / Physical Scientist
2023_10,752048000,"Financial Economist (Retail Credit), NB-0110-V.2 (Full Performance Level NB-VI)"
2023_10,746302000,Administrative Support Assistant
2023_10,754956900,COMMUNITY PLANNER / BIOLOGIST / ENVIRONMENTAL ENGINEER / PHYSICAL SCIENTIST
2023_10,754433800,INTERDISCIPLINARY
2023_10,755623200,Deputy Manager Livermore Field Office
2023_10,755355000,"Supervisory National Bank Examiner (Assistant Deputy Comptroller), NB-0570-VII (Temp NTE 1 year)"
2023_10,752064200,"Financial Economist (Research), NB-0110-V.2 (Full Performance Level NB-VI)"
2023_10,754249900,Biological Scientist (Environmental)
2023_10,752425100,APPEALS Front Line Readiness Program (NTE 2YRS)
2023_10,752684000,"DIRECTOR, ACQUISITION, CONTRACTS & LOGISTICS DIRECTORATE"
2023_10,754335000,Life Scientist/Environmental Engineer/Physical Scientist
2023_10,752430000,"Financial Economist (Market RAD), NB-0110-V.2 (Full Performance Level NB-VI)"
2023_10,756813500,Physical Science Technician
2023_10,756796400,GENERAL ATTORNEY
2023_10,756377700,Life Scientist/Environmental Engineer/Physical Scientist
2023_10,757910500,Attorney-Adviser
2023_10,757040300,Supervisory Visitor Services Assistant (Backcountry Permits)
2023_10,755916200,"Student Trainee (Financial Analysis), NB-1199-III"
2023_10,756919800,Physical Science Technician
2023_10,755892800,Supervisory Attorney
2023_10,756108700,"Research Physical Scientist, GS-1301-11/12"
2023_10,756909000,Physical Science Technician
2023_10,755967200,Industrial Hygienist
2023_10,756275500,Planning and Land Resources Supervisor
2023_10,752563000,"NBE/BE (LB Field Examiner) with emphasis in Commercial Credit, NB-570-VI"
2023_10,756322100,"Public Affairs Specialist, NB-1035-IV"
2023_10,752549100,"NBE/BE (LB Field Examiner) with emphasis in Safety & Soundness, NB-0570-V.2"
2023_10,756612500,Community Planner
2023_10,757995200,Supervisory Biologist
2023_10,754249700,Biological Scientist (Environmental)
2023_10,756980300,Range Technician
2023_10,754158800,"NBE/BE (LB Field Examiner) with emphasis in Asset Management, NB-0570-V"
2023_10,757196000,Legal Instruments Examiner
2023_10,754735800,"Supervisory Financial Analyst (Supervision Analysis Team Lead), NB-1160-VI.2"
2023_10,756474700,"Supervisory National Bank Examiner (Team Leader), NB-570-VI"
2023_10,756612300,Community Planner
2023_10,757009500,"Financial Analyst, NB-1160-V"
2023_10,755603400,Plant Protection Technician
2023_10,756612800,Community Planner
2023_10,752782700,"Supervisory Personnel Security Specialist (Chief, Personnel Security Division)"
2023_10,754448300,"NBE/BE (Analyst to Large Bank Examiner-In-Charge), NB-0570-VI"
2023_10,753984800,"National Bank Examiner/Bank Examiner (Technical Expert - CRA/FL and Compliance), NB-0570-VII"
2023_10,754164000,"NBE/BE (LB Field Examiner) with emphasis in Commercial Credit, NB-0570-V.2"
2023_10,756761200,Petroleum Engineer
2023_10,754864300,"Environmental Protection Specialist, GS-0028-11"
2023_10,755971000,Industrial Hygienist
2023_10,753876000,"NBE/BE (Analyst to the Deputy Comptroller), NB-0570-VI.2"
2023_10,756442700,Environmental Protection Specialist
2023_10,752548500,"NBE/BE (LB Field Examiner) with emphasis in Safety & Soundness, NB-0570-V"
2023_10,757527300,Realty Specialist (Generalist)
2023_10,753430800,Environmental Protection Specialist
2023_10,752558800,"NBE/BE (LB Field Examiner) with emphasis in Operational Risk, NB-570-VI"
2023_10,756321800,"Public Affairs Specialist, NB-1035-IV"
2023_10,755358900,"Supervisory National Bank Examiner (Assistant Deputy Comptroller), NB-0570-VII"
2023_10,756243700,Park Ranger
2023_10,753466100,REALTY SPECIALIST (GENERALIST)
2023_10,755814900,Management and Program Analyst
2023_10,756749000,Realty Specialist (Generalist)
2023_10,756640900,"Administrative Assistant (OA), NB-0303-III"
2023_10,754080400,Civil Engineer
2023_10,754160600,"NBE/BE (LB Field Examiner) with emphasis in Asset Management, NB-0570-VI"
2023_10,754164600,"NBE/BE (LB Field Examiner) with emphasis in BSA/AML, NB-0570-VI"
2023_10,754378000,Plant Protection Technician
2023_10,752593900,Management and Program Analyst
2023_10,757128600,Pharmacy Technician - Controlled Substances and Admin Support
2023_10,754450100,"NBE/BE (LB Field Examiner) with emphasis in Capital Markets, NB-0570-V"
2023_10,755642500,"Marine Information Specialist, GS-1361-12"
2023_10,753419300,Lead Industrial Hygienist
2023_10,753386900,SUPERVISORY BIOLOGIST
2023_10,755642800,"Marine Information Specialist, GS-1361-12"
2023_10,752430500,"Supervisory NBE/BE (LB Team Lead) with emphasis in Ops Risk, BIT, and ERM, NB-0570-VII"
2023_10,754453900,"NBE/BE (LB Field Examiner) with emphasis in Capital Markets, NB-0570-V.2"
2023_10,752479100,Realty Specialist (Contracts Management)
2023_10,757070000,Natural Resource Specialist
2023_10,754873700,Interdisciplinary (Supervisory)
2023_10,753664600,Historian/Archeologist
2023_10,756612600,Community Planner
2023_10,755410900,Plant Protection Technician
2023_10,754054400,Supervisory Life Scientist/Environmental Engineer/Physical Scientist
2023_10,757242000,SUPERVISORY INTERDISCIPLINARY
2023_10,756749200,Supervisory Life Scientist/Environmental Engineer/Physical Scientist
2023_10,755014300,Supervisory Life Scientist/Environmental Engineer/Physical Scientist (RCRA Program and Permitting Section Supervisor)
2023_10,754338400,Life Scientist/Environmental Engineer/Physical Scientist (Permit Specialist)
2023_10,757756500,Supervisory Project Manager (Interdisciplinary)
2023_10,753909000,LBI Aspiring Frontline Manager Readiness Program
2023_10,754691300,Interdisciplinary Supervisor (Chief of Natural and Cultural Resources)
2023_10,755816700,Fish Biologist
2023_10,755275600,Realty Specialist (Generalist)
2023_10,752564900,"NBE/BE (LB Field Examiner) with emphasis in Bank Information Technology, NB-570-V.2"
2023_10,757387600,"Waterways Management Specialist, GS-1361-11"
2023_10,753375400,"NBE/BE (LB Field Examiner) with emphasis in Capital Markets, NB-570-VI"
2023_10,754662300,Physician (Perioperative Staff Physician)
2023_10,758108500,General Supply Specialist
2023_10,753421100,Lead Industrial Hygienist
2023_10,754864100,"Environmental Protection Specialist, GS-0028-11"
2023_10,756515000,Interdisciplinary Mining Engineer / Geologist
2023_10,756256000,INTERDISCIPLINARY ENVIRONMENTAL ENGINEER/PHYSICAL SCIENTIST
2023_10,752902900,"National Bank Examiner (Analyst to ADC), NB-570-V.2"
2023_10,757192800,Legal Instruments Examiner
2023_10,752433200,ENVIRONMENTAL PROTECTION SPECIALIST
2023_10,754896700,Pharmacy Technician - Controlled Substances and Admin Support
2023_10,755621600,Range Technician
2023_10,756430500,"Information Technology Specialist, NB-2210-V"
2023_10,755387500,Senior Policy Analyst
2023_10,755854800,"NBE/BE (LB Field Examiner) with emphasis in Commercial Credit, NB-570-VI"
2023_10,756338200,Environmental Protection Specialist
2023_10,756430400,"Information Technology Specialist, NB-2210-V"
2023_11,758827100,Community Planner
2023_11,759479500,Interdisciplinary Civil Engineer-Physical Scientist (Environmental)
2023_11,758224600,Civil Engineer
2023_11,760208200,"Supervisory General Engineer, AST, Aerospace Environmental Control Techniques"
2023_11,757964100,Assistant Director - International Affairs
2023_11,757696800,Plant Protection Technician
2023_11,758412500,"Supervisory National Bank Examiner (Assistant Deputy Comptroller), NB-0570-VII (TEMP NTE 1 YEAR)"
2023_11,758726200,Attorney-Adviser
2023_11,759126100,Environmental Protection Specialist
2023_11,762854400,Environmental Protection Specialist
2023_11,763203700,Attorney-Advisor
2023_11,761409900,Natural Resource Specialist
2023_11,761564000,Natural Resource Specialist
2023_11,761810700,SUPERVISORY BIOLOGIST
2023_11,762867700,Hydropower Outreach Coordinator
2023_11,763079500,POWERED SUPPORT SYSTEMS MECHANIC
2023_11,763205100,Attorney-Advisor
2023_11,762559400,"Supervisory Attorney-Advisor (Director, Enforcement), NB-0905-VIII"
2023_11,761122200,Physical Scientist/Natural Resource Management Spec: GS-1301/0401-12
2023_11,762560500,"Supervisory Attorney-Advisor (Director, Enforcement), NB-0905-VIII"
2023_11,762439400,Outdoor Recreation Planner
2023_11,759973300,Plant Protection Technician
2023_11,759137800,ENVIRONMENTAL PROTECTION SPECIALIST
2023_11,762471700,"National Bank Examiner/Bank Examiner (Retail Credit), NB-570-VI"
2023_11,759865400,Plant Protection Technician
2023_11,760725600,Legal Instruments Examiner
2023_11,759958500,"NBE/BE (LB Field Examiner) with emphasis in Operational Risk, NB-570-V.2"
2023_11,762882300,"Environmental Protection Specialist, GS-0028-11"
2023_11,760464900,"NBE/BE (LB Field Examiner) with emphasis in Bank Information Technology, NB-0570-VI"
2023_11,759143100,"Director for Public Affairs Digital Services, NB-0301-VII"
2023_11,760165800,Realty Specialist (Generalist)
2023_11,759143200,"Director for Public Affairs Digital Services, NB-0301-VII"
2023_11,759478100,"Administrative Officer, NB-0341-V"
2023_11,759739100,"NBE/BE (LB Field Examiner) with emphasis in Safety & Soundness, NB-570-VI"
2023_11,759158300,Land Law Examiner (Minerals)
2023_11,762885100,"Environmental Protection Specialist, GS-0028-11"
2023_11,758690300,Realty Specialist (Generalist)
2023_11,760749600,"National Bank Examiner (Field Examiner), NB-570 V.2"
2023_11,760561200,Environmental Protection Specialist
2023_11,758444800,Realty Specialist (Contracts Management)
2023_11,758619000,"Editor, NB-1082-V"
2023_11,759612700,Environmental Protection Specialist
2023_11,759899800,Biological Science Laboratory Technician
2023_11,759957200,"NBE/BE (LB Field Examiner) with emphasis in Operational Risk, NB-570-V"
2023_11,760802000,PHYSICAL SCIENCE TECHNICIAN
2023_11,760749400,"National Bank Examiner/Bank Examiner (Compliance), NB-570-VI"
2023_11,762439500,Outdoor Recreation Planner
2023_11,760456600,"NBE/BE (LB Field Examiner) with emphasis in Capital Markets, NB-0570-V"
2023_11,759863500,Alcohol and Tobacco Tax and Permit Technician
2023_11,760749700,"National Bank Examiner (Field Examiner), NB-570 V.2"
2023_11,760456900,"NBE/BE (LB Field Examiner) with emphasis in Capital Markets, NB-0570-V.2"
2023_11,759100000,General Engineer
2023_11,758820800,"Supervisory National Bank Examiner (Assistant Deputy Comptroller), NB-570-VII"
2023_11,760560600,"NBE/BE (LB Field Examiner) with emphasis in Compliance, NB-570-V.2"
2023_11,763333300,Emergency Management Specialist (Hazard Mitigation Floodplain Management Specialist) - Reservist
2023_11,761111700,Supervisory Wildlife Biologist
2023_11,759615700,"Supervisory NBE/BE (LB Technical Team Lead) with emphasis in Commercial Credit, NB-0570-VI.2"
2023_11,762471600,"National Bank Examiner/Bank Examiner (Commercial Credit), NB-570-VI"
2023_11,762639600,General Engineer (Project Manager)
2023_11,762633200,REALTY SPECIALIST (GENERALIST)
2023_11,759867700,Alcohol and Tobacco Tax and Permit Technician
2023_11,761779900,LEGAL INSTRUMENTS EXAMINER
2023_11,760456300,"NBE/BE (LB Field Examiner) with emphasis in Retail Credit, NB-0570-V.2"
2023_11,761363600,Support Services Supervisor
2023_11,759952100,"National Bank Examiner (Analyst to EIC), NB-570-V.2"
2023_11,760619200,Archeologist
2023_11,759479700,"Secretary (Executive Staff Assistant), NB-0318-IV"
2023_11,762569100,Natural Resource Specialist (Environmental Compliance Specialist)
2023_11,762892100,CBP Agriculture Specialist (Bio Threat Exclusion Coordinator)
2023_11,759059200,Natural Resources Specialist
2023_11,759198000,Internal Revenue Agent (Examiner) - DIRECT HIRE (12 Month Register) AMENDED
2023_11,761273700,"NBE/BE (LB Field Examiner) with emphasis in Commercial Credit, NB-0570-V.2"
2023_11,760377500,"Data Scientist, NB-1560-V"
2023_11,759447400,Environmental Engineer
2023_11,760465300,"NBE/BE (LB Field Examiner) with emphasis in Bank Information Technology, NB-0570-VI"
2023_11,761045300,Environmental Protection Specialist
2023_11,758608000,Rangeland Management Specialist
2023_11,760725700,Legal Instruments Examiner
2023_11,759258400,Supervisory Interdisciplinary
2023_11,757957000,SUPERVISORY INTERDISCIPLINARY
2023_11,760749500,"National Bank Examiner/Bank Examiner (Mortgage Banking), NB-570-VI"
2023_11,761606700,Interdisciplinary Environmental Scientist/Physical Scientist/Environmental Engineer
2023_11,760876200,Life Scientist/Environmental Engineer/Physical Scientist (Senior Surface Water Quality Specialist)
2023_11,761606900,Interdisciplinary Environmental Scientist/Physical Scientist/Environmental Engineer
2023_11,762722100,Supervisory Civil Engineer
2023_11,758618400,"Editor, NB-1082-V"
2023_11,762418400,Supervisory Environmental Protection Specialist
2023_11,759059300,Natural Resources Specialist
2023_11,761679100,Park Ranger (Special Use and Permits)
2023_11,761619900,LEGAL INSTRUMENTS EXAMINER
2023_11,759973700,Plant Protection Technician
2023_11,758855700,Plant Protection Technician
2023_11,758675500,Environmental Protection Specialist (GEMS Program Coordinator) - Recruitment/Relocation Incentive
2023_11,759059400,Natural Resources Specialist
2023_11,759857200,Alcohol and Tobacco Tax and Permit Technician
2023_11,761594900,Deputy Realty Officer
2023_11,760471700,SUPERVISORY ENVIRONMENTAL PROTECTION SPECIALIST
2023_11,757936000,Environmental Protection Specialist
2023_11,761235700,Outdoor Recreation Planner
2023_11,759706900,"NBE/BE (Analyst to Large Bank Examiner-In Charge), NB-570-VI"
2023_11,762574900,Wildlife Biologist
2023_11,758820900,"Supervisory National Bank Examiner (Assistant Deputy Comptroller) NTB, NB-570-VII"
2023_11,762526700,Plant Protection and Quarantine Officer (Plant Health Safeguarding Specialist)
2023_11,762981400,Plant Protection and Quarantine Officer (Plant Health Safeguarding Specialist)
2023_11,760319600,"National Bank Examiner/Bank Examiner (Enterprise Gov and Ops Risk Lead Expert Support), NB-0570-V.2"
2023_11,759059500,Natural Resources Specialist
2023_11,762712100,Supervisory Interdisciplinary
2023_11,760456700,"NBE/BE (LB Field Examiner) with ERM/Governance, NB-0570-VI"
2023_11,759400000,"Supervisory NBE (Director of EG Operations), NB-570-VII"
2023_11,763244300,Plant Health Safeguarding Specialist (PHSS)
2023_11,762642400,General Engineer (Project Manager)
2023_11,759400200,Supervisory NBE (Director of EG Supervision) NB-570-VII
2023_11,759614900,"Supervisory NBE/BE (LB Technical Team Lead) with emphasis in Capital Markets, NB-0570-VI.2"
2023_12,767184300,"Supervisory General Engineer, AST, Aerospace Environmental Control Techniques"
2023_12,764988900,Supervisory Attorney-Advisor
2023_12,766715100,ELECTRONICS MECHANIC TRAINING LEADER
2023_12,764677100,Lead Rec Fee Tech
2023_12,764508100,Physical Scientist/Life Scientist/Environmental Engineer
2023_12,764293800,Alcohol and Tobacco Tax Specialist
2023_12,765196200,ENVIRONMENTAL ENGINEER
2023_12,763544600,Concessions Management Assistant
2023_12,766246600,General Engineer
2023_12,764491700,Materials Handler
2023_12,764987000,Supervisory Attorney-Advisor
2023_12,764647900,Attorney-Adviser (General)
2023_12,764461400,Physical Scientist/Life Scientist/Environmental Engineer
2023_12,764652000,Attorney-Adviser (General)
2023_12,764426000,NATURAL RESOURCES SPECIALIST
2023_12,767498900,Civil Engineer - Direct Hire Authority
2023_12,767994300,Senior Advisor for Environmental Review and Permitting
2023_12,766997300,"Marine Information Specialist, GS-1361-11"
2023_12,767972500,Emergency Management Specialist (Mitigation)
2023_12,764296200,Alcohol and Tobacco Tax Specialist
2023_12,764756800,Realty Specialist - ROW Coordinator
2023_12,764099000,Clerk (Office Automation)
2023_12,766417000,"Supervisory Program Manager, NB-0340-VI.2 (Temporary Promotion)"
2023_12,764294000,Alcohol and Tobacco Tax Specialist
2023_12,764912700,Project Manager
2023_12,765378500,"Accountant, NB-0510-V.2"
2023_12,767200000,Emergency Management Specialist (Mitigation)
2023_12,764912500,Project Manager
2023_12,767684000,Fish and Wildlife Administrator
2023_12,767683900,Fish and Wildlife Administrator
2023_12,765019800,"Senior Advisor to the Senior Deputy Comptroller, NB-301-VII"
2023_12,764542500,Plant Protection and Quarantine Officer (Plant Health Safeguarding Specialist)
2023_12,764068700,"National Bank Examiner (Analyst to Associate Deputy Comptroller), NB-0570-NB-VI"
2023_12,765901900,"NBE/BE (LB Field Examiner) with emphasis in Commercial Credit, NB-0570-V.2"
2023_12,766087700,Mining Engineer
2023_12,762808000,SUPERVISORY ENVIRONMENTAL PROTECTION SPECIALIST (TITLE 5)
2023_12,767972700,Emergency Management Specialist (Mitigation)
2023_12,765893800,"NBE/BE (LB Field Examiner) with emphasis in Commercial Credit, NB-0570-V"
2023_12,764178600,"National Bank Examiner/Bank Examiner (Critical Infrastructure), NB-0570-VI"
2023_12,767082900,Environmental Specialist
2023_12,764504400,"Supervisory NBE/BE (LB Team Lead) w/ emphasis in Commercial Credit, NB-570-VII"
2023_12,764508300,"Supervisory NBE/BE (LB Team Lead) w/emphasis in Bank Information Technology, NB-570-VII"
2023_12,765325400,"Operation Research Analyst, GS-1515-09/11/12"
2023_12,767241000,INTERDISCIPLINARY
2023_12,764679500,"Supervisory Human Resources Specialist, NB-0201-VI.2"
2023_12,764509100,Physical Scientist/Life Scientist/Environmental Engineer
2023_12,765984100,Life Scientist/Environmental Engineer/Physical Scientist
2023_12,763215600,INTERDISCIPLINARY SUPV BIOLOGIST/ENVIRONMENTAL ENGINEER/PHYSICAL SCIENTIST
2023_12,764732700,"Supervisory NBE/BE (LB Team Lead) w/emphasis in Ops Risk & BIT, NB-VII"
2023_12,763380800,Special Park Uses Assistant
2023_12,767573400,ENVIRONMENTAL ENGINEER
2023_12,765315500,"Operation Research Analyst, GS-1515-09/11/12"
2023_12,768344800,Internal Revenue Agent (Appeals Tax Computation Specialist)
2023_12,763738100,Realty Specialist (Generalist)
2023_12,767252000,Realty Specialist
2023_12,766648900,Environmental Protection Specialist
2023_12,766998100,"Marine Information Specialist, GS-1361-11"
2023_12,764102200,Clerk (Office Automation)
2023_12,764642300,Supervisory Park Ranger (P)
2023_12,764060900,"Examination Technician, NB-0503-III"
2023_12,767995500,Deputy Realty Officer
2023_12,767026700,Environmental Protection Specialist
2023_12,764032600,Special Park Use Assistant
2023_12,764510500,Engineering Technician
2023_12,764528600,"National Bank Examiner (Analyst to ADC), NB-570-5, Step 2"
2023_12,764178300,"National Bank Examiner/Bank Examiner (Critical Infrastructure), NB-0570-VI"
2023_12,767198300,Emergency Management Specialist (Mitigation)
2023_12,762788800,"General Engineer, AST, Aerospace Environmental Control Techniques (Direct Hire)"
2024_01,772784700,"NBE/BE (LB Field Examiner) with emphasis in Bank Information Technology, NB-0570-V.2"
2024_01,773669200,Emergency Management Specialist (Mitigation)
2024_01,773300300,ADMINISTRATIVE SUPPORT SPECIALIST
2024_01,773553000,"Program Analyst (Supervision Support), with emphasis in Business Intelligence & Analytics, NB-0343-V"
2024_01,772786500,"NBE/BE (LB Field Examiner) with emphasis in Compliance, NB-0570-V.2"
2024_01,772870700,"NBE/BE (LB Field Examiner) with emphasis in ERM/Governance, NB-570-VI"
2024_01,772866600,"NBE/BE (LB Field Examiner) with emphasis in Retail Credit, NB-570-V.2"
2024_01,773085700,Civil Engineer
2024_01,771920200,"Operation Research Analyst, GS-1515-09/11/12"
2024_01,771907000,"Operation Research Analyst, GS-1515-09/11/12"
2024_01,771517400,"Supervisory Attorney-Advisor (Assistant Director, Litigation), NB-0905-VII"
2024_01,771796800,Permitting Liaison
2024_01,771703800,Attorney-Adviser (General)
2024_01,771346400,Environmental Protection Specialist
2024_01,770761100,Realty Specialist (Generalist)
2024_01,770948100,"National Bank Examiner (Examiner-In-Charge), NB-0570-VI.2, (TEMP NTE 1 YEAR)"
2024_01,770300100,Interdisciplinary
2024_01,770952600,Realty Specialist
2024_01,770748700,Environmental Protection Specialist
2024_01,769187300,Supervisory Realty Specialist
2024_01,768546400,"Supvy NBE/BE (Supervisory Systems Strategy and Resource Allocation Program Manager), NB-0570-VI.2"
2024_01,768538100,"Associate Deputy Comptroller, NB-0570-VII.2, (TEMP NTE 6 MONTHS)"
2024_01,768845000,INTERDISCIPLINARY SENIOR ENVIRONMENTAL PLANNER
2024_01,768409800,Life Scientist / Physical Scientist / Environmental Engineer
2024_01,769139100,Environmental Engineer
2024_01,768448100,"Suvpy NBE/BE (Supervisory Systems Strategy and Resource Allocation Program Manager), NB-0570-VI.2"
2024_01,768703500,Emergency Management Specialist (Mitigation)
2024_01,768995600,"National Bank Examiner (IBS Field Examiner/Portfolio Manager) w/Safety & Soundness, NB-570-VI"
2024_01,769023900,Environmental Policy Analyst
2024_01,768542500,Emergency Management Specialist (Mitigation)
2024_01,768460400,INTERDISCIPLINARY SUPV BIOLOGIST/ENVIRONMENTAL ENGINEER/PHYSICAL SCIENTIST
2024_01,768636100,"National Bank Examiner (Analyst to Deputy Comptroller), NB-0570-VI.2 (TEMP NTE 1 YEAR)"
2024_01,769090100,Life Scientist/Environmental Engineer/Physical Scientist (Senior Wetlands Specialist)
2024_01,768875500,Special Park Uses Assistant
2024_01,768799300,Life Scientist/Physical Scientist/Environmental Engineer
2024_01,768538000,"National Bank Examiner/Bank Examiner (Problem Bank Specialist), NB-0570-VI, (TEMP NTE 1 YEAR)"
2024_01,768481400,OUTDOOR RECREATION PLANNER
2024_01,768018800,Biological Science Technician
2024_01,768546300,"Supervisory National Bank Examiner (Examiner-In-Charge), NB-0570-VII.2"
2024_01,768890800,NATURAL RESOURCE SPECIALIST/ENVIRONMENT ENGINEER/ PHYSICAL SCIENTIST
2024_01,767407600,Archaeologist
2024_01,768994500,"National Bank Examiner (IBS Field Examiner/Portfolio Manager) w/Safety & Soundness, NB-570-V.2"
2024_01,768604900,Biologist
2024_01,768731900,Lead Safety & Occupational Health Specialist
2024_01,768688300,Environmental Protection Specialist
2024_01,769141000,Environmental Protection Specialist
2024_01,768537700,"Supervisory National Bank Examiner (Assistant Deputy Comptroller), NB-0570-VII"
2024_01,769383400,"National Bank Examiner/Bank Examiner (Commercial Credit Lead Expert Support), NB-0570-V.2"
2024_01,770792700,Supervisory Emergency Management Specialist (Mitigation)
2024_01,770794800,Supervisory Emergency Management Specialist (Mitigation)
2024_01,770894900,Realty Specialist (Conveyances)
2024_01,770254500,Realty Specialist (Contracts Management)
2024_01,769694000,OUTDOOR RECREATION PLANNER
2024_01,770592800,"Supervisory National Bank Examiner/Bank Examiner (MCBS Resource Team Manager), NB-0570-VI.2"
2024_01,770217600,National Bank Examiner / Bank Examiner (Retail Credit Risk Specialist) NB-0570-VI
2024_01,770948800,"National Bank Examiner (Examiner-In-Charge), NB-0570-VI.2"
2024_01,770215600,Healthcare Engineer (Environmental Protection Specialist GEMS Coordinator)
2024_01,770293600,Environmental Protection Specialist (Direct Hire)
2024_01,769850000,"National Bank Examiner (Analyst to Assistant Deputy Comptroller), NB-0570-V.2, (TEMP NTE 1 YEAR)"
2024_01,770234000,Environmental Engineer / Physical Scientist / Life Scientist
2024_01,770502600,SUPERVISORY ENVIRONMENTAL PROTECTION SPECIALIST
2024_01,769652000,"National Bank Examiner/Bank Examiner (Capital Markets Lead Expert Support), NB-0570-V.2"
2024_01,769744500,Life Scientist/Environmental Engineer/Physical Scientist (Permits Specialist)
2024_01,769912800,Motor Vehicle Operator
2024_01,771578800,"Supervisory Financial Management Analyst, NB-0501-VI.2"
2024_01,772069600,Supervisory Biological Scientist (Branch Chief)
2024_01,772130700,Archaeologist
2024_01,771044700,Emergency Management Specialist (MIT)
2024_01,771997600,"National Bank Examiner (Analyst to Assistant Deputy Comptroller), NB-0570-V.2, (TEMP NTE 1 YEAR)"
2024_01,771104800,"National Bank Examiner/Bank Examiner (Analyst to the Associate Deputy Comptroller), NB-0570-VI"
2024_01,772285700,"Bridge Management Specialist, GS-2101-11"
2024_01,771127100,INTERDISCIPLINARY ENVIRONMENTAL ENGINEER/PHYSICAL SCIENTIST
2024_01,771104000,"NBE/BE (Sr Lead Expert Risk Specialist) with emphasis in ERM/Governance and Ops Risk, NB-0570-VI.2"
2024_01,772430800,CIVIL ENGINEER
2024_01,772131800,Archaeologist
2024_01,772145700,"Supervisory NBE/BE (LB Technical Team Lead) with emphasis in ERM/Governance, NB-570-VI.2"
2024_01,771045400,Emergency Management Specialist (MIT)
2024_01,771428400,Administrative Officer
2024_01,771518100,"Supervisory Attorney-Advisor (Assistant Director, Litigation), NB-0905-VII"
2024_01,772435800,Electrical Engineer
2024_01,772259700,"National Bank Examiner (Analyst to National Trust Bank Assistant Deputy Comptroller), NB-0570-V.2"
2024_01,771298400,Deputy Assistant Secretary for Renewable Energy
2024_01,771857700,Civil Engineer (CTAP/ICTAP)
2024_01,771102600,"Supervisory NBE/BE (Associate Deputy Comptroller for Credit Risk), NB-0570-VII.2"
2024_01,771200500,Environmental Protection Specialist
2024_01,771975600,Environmental Engineer (Federal Permitting National Expert)
2024_01,772532300,Firearms and Explosives Services Specialist
2024_01,771825300,Life Scientist/Environmental Engineer/Physical Scientist
2024_01,772385800,Physical Science Technician
2024_01,771323000,Industrial Hygienist (Green Environmental Management Systems (GEMS) Coordinator)
2024_01,771997300,"National Bank Examiner (Analyst to Midsize Examiner-In-Charge), NB-0570-V.2"
2024_01,771004500,Plant Protection and Quarantine Officer (Plant Health Safeguarding Specialist)
2024_01,772433100,Electrical Engineer
2024_01,773450900,"Secretary (Office Automation) (Executive Staff Assistant), NB-0318-IV"
2024_01,773267900,Permitting Program Analyst
2024_01,772869300,"NBE/BE (LB Field Examiner) with emphasis in Capital Markets, NB-570-VI"
2024_01,773320900,"Financial Management Specialist, NB-0501-V"
2024_01,773624700,Director of Permitting Planning and Policy
2024_01,773554400,"Program Analyst (Supervision Support), with emphasis in Systems Requirements and Support, NB-0343-V"
2024_01,772783100,"NBE/BE (LB Field Examiner) with emphasis in Bank Information Technology, NB-0570-VI"
2024_01,773268400,Permitting Tribal Liaison
2024_01,773363600,Marine Information Specialist
2024_01,773492300,"Examination Technician, NB-0503-IV"
2024_01,773255400,HR Specialist (Compensation) NB-201-IV
2024_01,773681800,Life Scientist/Physical Scientist/Environmental Engineer (OSC/RPM)
2024_01,773683000,Life Scientist/Physical Scientist/Environmental Engineer
2024_01,773273600,Permitting Attorney
2024_01,773865100,Supervisory Geologist / Supervisory Geophysicist / Supervisory Physical Scientist
2024_01,772936500,Safety and Occupational Health Specialist
2024_01,772839500,Project Manager
2024_01,773547300,Motor Vehicle Operator
2024_01,772790600,"NBE/BE (LB Field Examiner) with emphasis in Safety and Soundness, NB-0570-V"
2024_01,773865600,Supervisory Geologist / Supervisory Geophysicist / Supervisory Physical Scientist
2024_01,772558900,Deputy Realty Officer
2024_01,773795800,Tax Examining Technician/Tax Examining Technician Management Trainee Cadre TEMP NTE/MBE
2024_01,772876500,"NBE/BE (LB Field Examiner) with emphasis in Operational Risk, NB-570-VI"
2024_01,772918600,"Assistant National Bank Examiner, NB-0570-III"
2024_01,772805700,"NBE/BE (LB Field Examiner) with emphasis in Safety and Soundness, NB-0570-V.2"
2024_01,772729000,"Assistant National Bank Examiner, NB-0570-III"
2024_01,773290600,"Staff Accountant, NB-0510-V.2"
2024_02,779040500,Program Support Assistant
2024_02,777411800,INTERDISCIPLINARY
2024_02,778162700,Interdisciplinary
2024_02,777978600,"AST,  Aerospace Environmental Control Techniques"
2024_02,777346000,"National Bank Examiner (Senior Program Administrator) (FFIEC) (Temporary NTE 5 years), NB-0570-VI"
2024_02,778126400,Emergency Management Specialist (Mitigation)
2024_02,777910900,Quality Review Specialist
2024_02,778324900,Equal Employment Specialist-NB-260-V
2024_02,778136000,IT Specialist (Applications Software)
2024_02,776121700,National Bank Examiner / Bank Examiner (Bank Information Technology Policy Analyst)- NB-570-VI
2024_02,775925200,Geologist
2024_02,777053000,Records Clerk
2024_02,775952700,"Bridge Management Specialist, GS-2101-13"
2024_02,775944400,Environmental Protection Specialist
2024_02,776540700,"National Bank Examiner (Field Examiner), NB-0570-V.2"
2024_02,776257200,"National Bank Examiner (Field Examiner), NB-0570-VI"
2024_02,776911200,Emergency Management Specialist (Mitigation)
2024_02,774958000,"Administrative Assistant (Office Automation), NB-0303-III"
2024_02,775433300,"Environmental Engineer, GS-0819-11/12"
2024_02,774680700,Civil Engineer
2024_02,774973000,General Engineer
2024_02,774798400,National Bank Examiner - Bank Examiner (Governance & Operations Risk Policy Analyst) NB-570-VI
2024_02,774946400,"NBE/BE (LB Field Examiner) with emphasis in Retail Credit, NB-570-VI"
2024_02,775521600,SUPERVISORY INTERDISCIPLINARY NATURAL RESOURCE SECTION HEAD
2024_02,774564500,Civil Engineer
2024_02,775206600,Environmental Protection Specialist
2024_02,775146400,Life Scientist/Physical Scientist/Environmental Engineer
2024_02,774095200,Tele-Psychiatric Advanced Practice Provider Board Certified (O-5 Billet) Non-Supervisory
2024_02,773890900,Supervisory Human Resources Specialist
2024_02,774000900,Natural Resource Specialist (Environmental Compliance Coordinator)
2024_02,773765200,Marine Resources Management Specialist
2024_02,773990500,"National Bank Examiner (Analyst to Assistant Deputy Comptroller), NB-0570-V.2"
2024_02,774134800,PHYSICAL SCIENCE TECHNICIAN
2024_02,775556700,ENVIRONMENTAL PROTECTION SPECIALIST
2024_02,774678100,"Examination Technician, NB-0503-III"
2024_02,775334500,Plant Protection Technician
2024_02,775409900,"National Bank Examiner/Bank Examiner (Compliance), NB-0570-VI"
2024_02,775024000,"Supervisory NBE/BE (LB Technical Team Lead) with emphasis in Compliance, NB-0570-VI.2"
2024_02,774720000,National Bank Examiner-Bank Examiner (Risk Expert - Capital) NB-570-VI
2024_02,775505400,Frontline Manager Readiness Program (Temp NTE 1 year MBE)
2024_02,774278000,"Financial Economist, NB-0110-V.2"
2024_02,775652500,Program Support Assistant
2024_02,774703500,"Program Analyst (Supervision Support), with emphasis in Data Engineering, NB-0343-V"
2024_02,775375200,"National Bank Examiner/Bank Examiner (Enterprise Governance and Operational Risk), NB-0570-VI"
2024_02,774144100,INTERDISCIPLINARY COMMUNITY PLANNER/BIOLOGICAL SCIENTIST/ENVIRONMENTAL ENGINEER/PHYS SCIENTIST
2024_02,775184200,Emergency Management Specialist (Mitigation)
2024_02,774845400,Life Scientist/Physical Scientist/Environmental Engineer
2024_02,775373900,"National Bank Examiner/Bank Examiner (Bank Information Technology), NB-0570-VI"
2024_02,775383200,Plant Protection Technician
2024_02,774997500,"NBE/BE (LB Field Examiner) with emphasis in BSA/AML, NB-570-V.2"
2024_02,775426400,"National Bank Examiner/Bank Examiner (Capital Markets), NB-0570-VI"
2024_02,775087500,Life Scientist/Environmental Engineer/Physical Scientist
2024_02,774618400,Life Scientist/Environmental Engineer/Physical Scientist
2024_02,775417700,"Interdisciplinary, GS-1301 or 0401-11/12 (Physical Scientist or Natural Resources Mgt Spec)"
2024_02,774452600,Biologist/General Engineer/Physical Scientist
2024_02,775488700,BIOLOGIST
2024_02,775304100,Environmental Protection Specialist
2024_02,774720500,National Bank Examiner/Bank Examiner (Risk Expert - Capital) NB-570-VI
2024_02,775183200,Emergency Management Specialist (Mitigation)
2024_02,774294900,Lead Recreation Specialist (OAP Mountain Ops)
2024_02,775291300,Life Scientist/Physical Scientist/Environmental Engineer
2024_02,775423500,"Environmental Engineer, GS-0819-11/12"
2024_02,776321500,"Program Analyst, NB-0343-V"
2024_02,776003500,Legal Instruments Examiner
2024_02,776256800,"National Bank Examiner (Field Examiner), NB-0570-VI"
2024_02,775752300,Archaeologist (Federal Preservation Officer)
2024_02,775782700,Plant Protection and Quarantine Officer (Plant Health Safeguarding Specialist/Pest Identification)
2024_02,775943600,"Examination Technician, NB-0503-III"
2024_02,775927900,"Supervisory National Bank Examiner (Team Leader), NB-570-VI"
2024_02,775881000,Supervisory Environmental Protection Specialist
2024_02,776355400,"National Bank Examiner/Bank Examiner (Commercial Credit Risk Specialist), NB-0570-VI"
2024_02,776533900,"Supvy NBE/BE (EXCEL I Team Leader) with emphasis in Capital Markets, NB-0570-VII Temporary NTE 2 Yrs"
2024_02,777052900,Court Reporter
2024_02,775923600,Geologist
2024_02,777046200,Life Scientist/Physical Scientist/Environmental Engineer
2024_02,777099700,Health Scientist
2024_02,776264900,GENERAL ATTORNEY
2024_02,775957700,"Bridge Management Specialist, GS-2101-13"
2024_02,777161400,Museum Specialist (Zoology)
2024_02,776451100,POWERED SUPPORT SYSTEMS MECHANIC LEADER
2024_02,775920200,Environmental Protection Specialist
2024_02,776536200,"Supvy NBE/BE (EXCEL I Team Leader) with emphasis in Capital Markets, NB-0570-VII Temporary NTE 2 Yrs"
2024_02,777144200,"National Bank Examiner/Bank Examiner (Consumer Compliance Policy Specialist), NB-570-VI"
2024_02,776833200,Social Worker - Emergency Department
2024_02,775923100,Renewable Energy Tribal Liaison Coordinator
2024_02,776833000,Social Worker - Emergency Department
2024_02,776743500,ENVIRONMENTAL PROTECTION SPECIALIST
2024_02,776600200,"Contract Specialist, NB-1102-V"
2024_02,775927400,"Supervisory National Bank Examiner (Team Leader), NB-570-VI"
2024_02,775942900,"Examination Technician, NB-0503-III"
2024_02,776911100,Emergency Management Specialist (Mitigation)
2024_02,776879500,Environmental Protection Specialist
2024_02,775773700,Safety & Occupational Health Spec
2024_02,775838900,Environmental Protection Specialist
2024_02,776660200,Plant Protection and Quarantine Officer (Plant Health and Trade Compliance Officer)
2024_02,776953600,"Supervisory National Bank Examiner (Assistant Deputy Comptroller), NB-0570-VII"
2024_02,777113900,Environmental Protection Specialist
2024_02,778751700,Attorney-Adviser
2024_02,778478300,Wildlife Biologist
2024_02,777417000,ATTORNEY-ADVISOR (LABOR)
2024_02,778316400,Emergency Management Specialist
2024_02,777619800,"Supervisory Attorney-Advisor (Manager, Attorney Honors Program), NB-0905-VII"
2024_02,777404200,"NBE/BE (Analyst to the DC) w/ emphasis in International Banking and Capital Policy, NB-570-VI.2"
2024_02,777911700,Alcohol & Tobacco Tax Specialist
2024_02,777615100,Outdoor Recreation Planner (Partnerships)
2024_02,777751700,Industrial Hygienist (Green Environmental Management Systems (GEMS) Coordinator)
2024_02,778320600,Emergency Management Specialist
2024_02,777614100,Outdoor Recreation Planner (Partnerships)
2024_02,777251000,Diagnostic Radiologic Technologist / Magnetic Resonance Imaging
2024_02,777930800,"National Bank Examiner/Bank Examiner (Asset Management for National Trust Banks), NB-0570-VI"
2024_02,777625900,"Attorney-Advisor (Special Assistant), NB-0905-VI.2"
2024_02,777941700,"National Bank Examiner (Risk Officer Analyst), NB-0570-V.2"
2024_02,778136100,IT Specialist (Applications Software)
2024_02,777451900,PHYSICAL SCIENCE TECHNICIAN
2024_02,777474300,"National Bank Examiner/Bank Examiner (Core Policy Analyst), NB-0570-V"
2024_02,778258500,Civil Engineer (Emergency Management and Continuity of Operations (COOP) Coordinator)
2024_02,777914300,Quality Review Specialist
2024_02,777412000,"National Bank Examiner/Bank Examiner (Consumer Compliance Policy Specialist), NB-570-VI"
2024_02,778126500,Emergency Management Specialist (Mitigation)
2024_02,777526000,"Associate Deputy Comptroller, NB-0570-VII.2"
2024_02,777906900,Quality Review Specialist
2024_02,778963700,"National Bank Examiner (Analyst to Assistant Deputy Comptroller), NB-0570-V.2"
2024_02,779084700,"National Bank Examiner/Bank Examiner (Commercial Credit), NB-0570-V.2"
2024_02,779041600,Environmental Protection Specialist (Direct Hire)
2024_02,778834100,Attorney-Adviser
2024_02,778960900,"Supervisory National Bank Examiner (Assistant Deputy Comptroller), NB-0570-VII"
2024_02,778864100,Materials Handler
2024_02,778948700,MECHANICAL ENGINEER
2024_02,779084800,"National Bank Examiner/Bank Examiner (Commercial Credit), NB-0570-V.2"
2024_02,778904700,"Student Trainee (Law), NB-0999-III"
2024_03,784260600,"National Bank Examiner/Bank Examiner (Bank Information Technology), NB-0570-V.2"
2024_03,782020000,Geologist
2024_03,782484200,INTERDISCIPLINARY SUPV BIOLOGIST/ENVIRONMENTAL ENGINEER/PHYSICAL SCIENTIST
2024_03,782979700,Fish and Wildlife Administrator
2024_03,780501000,"Supvy NBE/BE (LB Technical Team Lead) with emphasis in Capital Markets, NB-0570-VI.2 Temp NTE 2 Yrs"
2024_03,781475600,Permit Writer
2024_03,781794700,Supervisory Biologist
2024_03,781080400,"National Bank Examiner/Bank Examiner (Enterprise Governance & Operational Risk), NB0570-VI"
2024_03,780365300,OUTDOOR RECREATION PLANNER
2024_03,779989900,Supervisory Rangeland Managment Specialist
2024_03,778444500,Management and Program Analyst
2024_03,780126400,Plant Protection Technician
2024_03,779456200,OARO GROW Development Program (Competitive Service GS-14)
2024_03,780365400,OUTDOOR RECREATION PLANNER
2024_03,779221900,OARO GROW Development Program (Competitive Service GS-15)
2024_03,779255600,OARO GROW Development Program (Excepted Service GS-905-14)
2024_03,779481700,"NBE/BE (LB Field Examiner) with emphasis in BSA/AML, NB-0570-VI"
2024_03,779349700,Biologist
2024_03,779862200,Environmental Engineer
2024_03,780361100,Case Administrator
2024_03,779504900,OARO GROW Development Program (Competitive Service GS-13)
2024_03,779390700,"NBE/BE (LB Field Examiner) with emphasis in Retail Credit, NB-570-VI"
2024_03,779314300,Supervisory Environmental Protection Specialist - BIL (Open to both U.S. Citizens and Federal Employees)
2024_03,779477900,"NBE/BE (LB Field Examiner) with emphasis in Bank Information Technology, NB-0570-V.2"
2024_03,779349300,Biologist
2024_03,779282700,OARO GROW Development Program (Excepted Service GS-905-12)
2024_03,779398700,"NBE/BE (LB Field Examiner) with emphasis in Operational Risk, NB-570-V.2"
2024_03,779350100,Biologist
2024_03,779772900,Supervisory Interdisciplinary
2024_03,779417300,"Public Affairs Specialist, NB-1035-V"
2024_03,779482900,"Supervisory NBE/BE (LB Technical Team Lead) with emphasis in Compliance, NB-0570-VI.2"
2024_03,780272700,Plant Protection Technician
2024_03,779236000,"NBE/BE (LB Field Examiner) with emphasis in ERM/Governance, NB-570-VI"
2024_03,779480800,"NBE/BE (LB Field Examiner) with emphasis in Bank Information Technology, NB-0570-VI"
2024_03,779288800,Entomologist
2024_03,779401500,"NBE/BE (LB Field Examiner) with emphasis in Operational Risk, NB-570-VI"
2024_03,779393600,"NBE/BE (LB Field Examiner) with emphasis in Commercial Credit, NB-570-V.2"
2024_03,779249200,OARO GROW Development Program (Excepted Service GS-905-15)
2024_03,780361200,Courtroom Deputy
2024_03,779424100,Senior Policy Analyst
2024_03,780361000,Systems and Network Administrator
2024_03,780361400,Programmer/Systems Administrator
2024_03,779634400,Program Analyst
2024_03,779358200,"NBE/BE (LB Field Examiner) with emphasis in Commercial Credit, NB-570-VI"
2024_03,779530600,OARO GROW Development Program (Competitive Service GS-12)
2024_03,780360800,Magistrate Judge Courtroom Deputy
2024_03,779267400,OARO GROW Development Program (Excepted Service GS-905-13)
2024_03,779614900,"Supervisory National Bank Examiner (Team Leader), NB-0570-VI (TEMP NTE ONE YEAR)"
2024_03,781771300,Museum Specialist (Biological Anthropology)
2024_03,781316500,Natural Resource Specialist
2024_03,781466500,COMPUTER SCIENTIST
2024_03,780493400,"Supervisory NBE/BE (LB Technical Team Lead) with emphasis in ERM/Governance, NB-0570-VI.2"
2024_03,781289100,Agriculturist
2024_03,781476700,ENVIRONMENTAL PROTECTION SPECIALIST (TITLE 5)
2024_03,781628400,Environmental Engineer
2024_03,780856900,Park Ranger (Special Use and Permits)
2024_03,781380300,RANGE READINESS DIRECTOR
2024_03,781804900,"National Bank Examiner (Field Examiner), NB-0570-VI"
2024_03,781540700,"Financial Management Analyst, NB-0501-V"
2024_03,781155100,National Bank Examiner / Bank Examiner (CRA-FL Compliance Policy Specialist) NB-570-V
2024_03,781803600,"National Bank Examiner (Field Examiner), NB-0570-VI"
2024_03,781756500,"Supervisory National Bank Examiner (Team Leader), NB-0570-VI"
2024_03,781160200,"National Bank Examiner (Analyst to Assistant Deputy Comptroller), NB-0570-V.2"
2024_03,780915900,"Supervisory NBE/BE (LB Technical Team Lead), NB-570-VI.2"
2024_03,781110600,Ecologist
2024_03,781509500,"Supervisory Life Scientist/Environmental Engineer/Physical Scientist (Deputy Director, Air and Radiation Division)"
2024_03,781311900,"Supervisory National Bank Examiner (Assistant Deputy Comptroller), NB-0570-VII"
2024_03,780458700,Lead Environmental Engineer
2024_03,781874400,Emergency Management Specialist (Mitigation)
2024_03,781947700,Life Scientist/Environmental Engineer/Physical Scientist
2024_03,780698600,"Senior Financial Economist (Research), NB-0110-VI"
2024_03,781313700,"Supervisory National Bank Examiner (Team Leader), NB-0570-VI"
2024_03,781757800,"Secretary (Executive Staff Assistant), NB-0318-IV (TEMP NTE 6 MONTHS)"
2024_03,781690700,Plant Protection and Quarantine Officer (Plant Health Safeguarding Specialist)
2024_03,780885800,"National Bank Examiner/Bank Examiner (Quality Assurance Program Examiner), NB-0570-VI"
2024_03,781945900,Museum Specialist (Zoology)
2024_03,780407900,"Supervisory NBE/BE (LB Technical Team Lead) with emphasis in Operational Risk, NB-570-VI.2"
2024_03,783173300,"Public Affairs Specialist, NB-1035-IV"
2024_03,782860500,"National Bank Examiner (Field Examiner), NB-0570-V.2"
2024_03,783385800,"National Bank Examiner/Bank Examiner (Asset Management), NB-0570-V.2"
2024_03,783168900,Plant Protection Technician
2024_03,782721300,"Associate Deputy Comptroller, NB-0570-VII.2"
2024_03,783115600,Interdisciplinary
2024_03,782803100,Life Scientist/Physical Scientist/Environmental Engineer
2024_03,783066600,INTERDISCIPLINARY ENVIRONMENTAL ENGINEER/PHYSICAL SCIENTIST
2024_03,782337700,"Supervisory Instructional Systems Specialist, NB-1750-VI.2"
2024_03,783173700,"Public Affairs Specialist, NB-1035-IV"
2024_03,782083500,Interdisciplinary
2024_03,781981200,"NBE/BE (LB Field Examiner) with emphasis in Safety & Soundness, NB-0570-V.2"
2024_03,781982400,"NBE/BE (LB Field Examiner) with emphasis in Asset Management, NB-0570-VI"
2024_03,782204300,"Supervisory NBE/BE (LB Technical Team Lead) w/Bank Information Technology, NB-570-VI.2"
2024_03,782561800,"Financial Manager, NB-0505-VIII"
2024_03,782821300,Interdisciplinary
2024_03,782990700,"National Bank Examiner/Bank Examiner (Asset Management), NB-0570-V"
2024_03,782151800,Rangeland Management Specialist
2024_03,782127300,"National Bank Examiner/Bank Examiner (Enterprise Governance & Operational Risk), NB0570-VI"
2024_03,783295700,"National Bank Examiner/Bank Examiner (Mortgage Banking), NB-0570-VI, (TEMP NTE 1 YEAR)"
2024_03,782525000,"Manager for Digital Services, NB-0301-VI"
2024_03,782979800,Fish and Wildlife Administrator
2024_03,783370300,"National Bank Examiner/Bank Examiner (Retail Credit), NB-0570-VI"
2024_03,781982000,"NBE/BE (LB Field Examiner) with emphasis in Safety & Soundness, NB-0570-VI"
2024_03,782208200,"Supervisory NBE/BE (LB Technical Team Lead) with emphasis in Operational Risk, NB-570-VI.2"
2024_03,783049500,Plant Protection Technician
2024_03,782341300,"Supervisory NBE/BE (Analyst to LB Megabank Examiner-In-Charge), NB-0570-VI.2"
2024_03,783591300,Deputy Manager Kansas City Field Office
2024_03,783995000,"National Bank Examiner/Bank Examiner (BIT), NB-0570-V.2"
2024_03,783584400,Supervisory Emergency Management Specialist (Mitigation)
2024_03,784264700,"National Bank Examiner/Bank Examiner (Enterprise Governance and Operational Risk), NB-0570-V.2"
2024_03,784315500,Civil Engineer
2024_03,783581700,Supervisory Emergency Management Specialist (Mitigation)
2024_03,784105400,"Supervisory NBE/BE (LB Technical Team Lead) with emphasis in ERM/Governance, NB-0570-VI.2"
2024_03,784050000,Realty Assistant (Generalist/OA)
2024_03,784044700,Biologist
2024_03,783703800,Supervisory Environmental Protection Specialist
2024_03,784204800,Survey Technician (Hydrographic)
2024_03,784106700,"Supervisory NBE/BE (LB Technical Team Lead) with emphasis in Retail Credit, NB-0570-VI.2"
2024_03,784064100,Supervisory Civil Engineer (Hydraulics)/Hydrologist/Geologist (Interdisciplinary)
2024_03,784107700,"NBE/BE (Analyst to Large Bank Examiner-In-Charge), NB-0570-VI"
2024_03,783846300,"National Bank Examiner (Analyst to Deputy Comptroller), NB-0570-VI.2"
2024_04,788625000,Environmental Protection Specialist
2024_04,788876600,Realty Specialist
2024_04,788326300,Emergency Management Specialist (Mitigation)
2024_04,789268600,Management and Program Analyst
2024_04,787354800,ENGINEER
2024_04,787738400,"NBE/BE (LB Field Examiner) with emphasis in Retail Credit, NB-0570-V.2"
2024_04,788188200,"National Bank Examiner (Analyst to Assistant Deputy Comptroller), NB-0570-V.2"
2024_04,788093000,Lead Industrial Hygienist
2024_04,787221500,"NBE/BE (LB Field Examiner) with emphasis in BSA/AML, NB-0570-V"
2024_04,787742000,"NBE/BE (LB Field Examiner) with emphasis in Operational Risk (Payments), NB-0570-V.2"
2024_04,787588600,"National Bank Examiner/Bank Examiner (Retail Credit), NB-0570-V"
2024_04,787221200,SUPERVISORY ENVIRONMENTAL PROTECTION SPECIALIST
2024_04,787224700,"NBE/BE (LB Field Examiner) with emphasis in BSA/AML, NB-0570-V.2"
2024_04,787200100,"NBE/BE (LB Field Examiner) with emphasis in ERM/Governance, NB-570-VI"
2024_04,787588800,"National Bank Examiner/Bank Examiner (Mortgage Banking), NB-0570-V"
2024_04,787979700,Life Scientist/Environmental Engineer/Physical Scientist
2024_04,787929400,Biologist
2024_04,788083500,HEALTH PHYSICIST
2024_04,786602600,Supervisory Environmental Protection Specialist
2024_04,786160000,CBP Agriculture Specialist (Bio Threat Exclusion Coordinator)
2024_04,785516500,"NBE/BE (LB Field Examiner) with emphasis in Capital Markets, NB-0570-V"
2024_04,785518400,"NBE/BE (LB Field Examiner) with emphasis in Safety & Soundness, NB-0570-V.2"
2024_04,785169100,"NBE/BE (LB Field Examiner) with emphasis in Asset Management, NB-570-VI"
2024_04,785422500,Frontline Leadership Readiness Program
2024_04,785753800,Management and Program Analyst
2024_04,785164400,Life Scientist/Environmental Engineer/Physical Scientist
2024_04,786540300,Civil Engineer - Direct Hire Authority
2024_04,785313700,Special Events Program Coordinator
2024_04,785312500,"Administrative Assistant (OA), NB-0303-III"
2024_04,785531600,"NBE/BE (LB Field Examiner) with emphasis in Commercial Credit, NB-570-V"
2024_04,785616700,NBE-BE (Financial Technology Policy Specialist)-NB-570-VI
2024_04,786034300,Range Technician
2024_04,786210800,Supervisory Interdisciplinary General Engineer/Physical Scientist
2024_04,785572900,Project Manager - Temp Promotion/Detail
2024_04,784985900,Environmental Protection Specialist (Direct Hire)
2024_04,784926800,Biologist
2024_04,784386200,Life Scientist/Environmental Engineer/Physical Scientist
2024_04,784606200,Civil Engineer
2024_04,784967500,"National Bank Examiner/Bank Examiner (Compliance), NB-0570-V"
2024_04,784967700,"National Bank Examiner (Analyst to Associate Deputy Comptroller), NB-0570-VI (TEMP NTE ONE YEAR)"
2024_04,784506300,Environmental Protection Specialist
2024_04,784247200,Environmental Protection Specialist
2024_04,784061300,Biologist
2024_04,784815900,"NBE/BE (Senior Climate Risk Specialist) emphasis in Transition Risk, NB-0570-VI.2"
2024_04,784988500,"National Bank Examiner/Bank Examiner (Compliance), NB-0570-V"
2024_04,784816100,"NBE/BE (Senior Climate Risk Specialist) emphasis in Transition Risk, NB-0570-VI.2"
2024_04,784695300,Life Scientist/Environmental Engineer/Physical Scientist
2024_04,784811900,Logistics Management Specialist
2024_04,785006200,Supervisory Environmental Engineer/Life Scientist/Physical Scientist
2024_04,784500900,"National Bank Examiner/Bank Examiner (Bank Information Technology), NB-0570-V"
2024_04,784992800,"Financial Economist (Compliance RAD), NB-0110-V"
2024_04,784244900,"National Bank Examiner/Bank Examiner (Compliance), NB-0570-V.2"
2024_04,784255700,Environmental Protection Specialist
2024_04,784540600,"National Bank Examiner (Analyst to Assistant Deputy Comptroller), NB-0570-V.2"
2024_04,785360300,"NBE/BE (Senior Lead Expert Risk Specialist) with emphasis in Retail Credit, NB-0570-VI.2"
2024_04,785219100,"NBE/BE (LB Field Examiner) with emphasis in Commercial Credit, NB-570-V.2"
2024_04,786200400,"National Bank Examiner/Bank Examiner (Asset Management), NB-570-VI"
2024_04,785515000,"NBE/BE (LB Field Examiner) with emphasis in Bank Information Technology, NB-0570-V.2"
2024_04,785517600,"NBE/BE (LB Field Examiner) with emphasis in Capital Markets, NB-0570-V.2"
2024_04,785489200,Project Manager - Temp Promotion/Detail
2024_04,785188500,Geologist
2024_04,786515700,Supervisory Life Scientist/Environmental Engineer/Physical Scientist
2024_04,785316600,Special Events Program Coordinator
2024_04,785578100,Program Support Assistant
2024_04,786155700,"NBE/BE (Commercial Credit Risk Specialist), NB-0570-VI"
2024_04,785425300,Life Scientist/Environmental Engineer/Physical Scientist
2024_04,785128100,"Supervisory National Bank Examiner (Team Leader), NB-0570-VI"
2024_04,785221600,"NBE/BE (LB Field Examiner) with emphasis in Commercial Credit, NB-570-VI"
2024_04,785360500,"NBE/BE (SyRIS Lead Expert) with emphasis in Capital Adequacy and Planning, NB-0570-VII"
2024_04,785196200,Environmental Protection Specialist
2024_04,785517900,"NBE/BE (LB Field Examiner) with emphasis in Safety & Soundness, NB-0570-V"
2024_04,786463900,PARALEGAL SPECIALIST
2024_04,786122500,Lead Safety & Occupational Health Specialist
2024_04,785449500,Ecologist
2024_04,785300400,"Realty Specialist, GS-1170-13"
2024_04,785637300,NBE-BE (Financial Technology Policy Specialist)-NB-570-VI
2024_04,786434100,"National Bank Examiner/Bank Examiner (Commercial Credit), NB-570-VI"
2024_04,785270600,"Director for Strategy, Plans, and Resources"
2024_04,785161300,Program Analyst
2024_04,785189200,"Administrative Assistant (OA), NB-0303-III"
2024_04,785763100,INTERDISCIPLINARY
2024_04,785168700,"NBE/BE (LB Field Examiner) with emphasis in Asset Management, NB-570-V"
2024_04,786271900,"National Bank Examiner/Bank Examiner (Asset Management), NB-570-V.2"
2024_04,786270700,Supervisory Environmental Engineer/Life Scientist/Physical Scientist
2024_04,786435700,"National Bank Examiner (Analyst to MBS EIC), NB-0570-V.2"
2024_04,785301200,"National Bank Examiner/Bank Examiner (Capital Markets), NB-0570-V"
2024_04,786295500,Plant Protection and Quarantine Officer (Plant Health Safeguarding Specialist - Predeparture Ops)
2024_04,785167400,"NBE/BE (LB Field Examiner) with emphasis in Asset Management, NB-570-V.2"
2024_04,785514500,"NBE/BE (LB Field Examiner) with emphasis in Bank Information Technology, NB-0570-V"
2024_04,785515700,"NBE/BE (LB Field Examiner) with emphasis in Bank Information Technology, NB-0570-VI"
2024_04,785102700,"NBE (EG-OMBD) Analyst, NB-0570-VI"
2024_04,786183300,"Program Analyst, NB-0343-VI"
2024_04,785387000,"General Engineer, AST, Aerospace Environmental Control Techniques"
2024_04,785361800,Supervisory General Engineer/Physical Scientist
2024_04,788216200,Permits Assistant
2024_04,787207600,"NBE/BE (LB Field Examiner) with emphasis in Compliance, NB-570-V"
2024_04,788218300,Attorney-Advisor (General)
2024_04,787945900,"Supervisory National Bank Examiner (Team Leader), NB-0570-VI (TEMP NTE 1 YEAR)"
2024_04,787067100,"Data Scientist, NB-1560-IV (FPL NB-VI)"
2024_04,787739300,"NBE/BE (LB Field Examiner) with emphasis in Retail Credit, NB-0570-VI"
2024_04,788216000,Permits Assistant
2024_04,787974400,Life Scientist/Environmental Engineer/Physical Scientist
2024_04,787580600,Archaeologist
2024_04,787740300,"NBE/BE (LB Field Examiner) with emphasis in Operational Risk, NB-0570-V.2"
2024_04,787755400,Lead Recreation Specialist (OAP Mountain Ops)
2024_04,787214800,"NBE/BE (LB Field Examiner) with emphasis in Compliance, NB-570-V.2"
2024_04,787505200,"Director for Communications, NB-301-VII"
2024_04,787737400,"NBE/BE (LB Field Examiner) with emphasis in Retail Credit, NB-0570-V"
2024_04,786749700,Environmental Protection Specialist
2024_04,786999600,Archaeologist (ICTAP/CTAP Only)
2024_04,787404100,Wildlife Biologist
2024_04,787198200,"NBE/BE (LB Field Examiner) with emphasis in ERM/Governance, NB-570-V"
2024_04,787741000,"NBE/BE (LB Field Examiner) with emphasis in Operational Risk, NB-0570-VI"
2024_04,787433700,"Transportation Assistant - Bridge Management (OA), GS-2102-07"
2024_04,787505100,"Director for Communications, NB-301-VII"
2024_04,787199400,"NBE/BE (LB Field Examiner) with emphasis in ERM/Governance, NB-570-V.2"
2024_04,787739800,"NBE/BE (LB Field Examiner) with emphasis in Operational Risk, NB-0570-V"
2024_04,787589900,"National Bank Examiner/Bank Examiner (Enterprise Governance and Operational Risk), NB-0570-V"
2024_04,787264100,Natural Resources Specialist (Oil & Gas)
2024_04,787755900,Environmental Protection Specialist
2024_04,788320800,Emergency Management Specialist (Mitigation)
2024_04,788615700,Emergency Management Specialist (Mitigation)
2024_04,788614900,Emergency Management Specialist (Mitigation)
2024_04,788579300,"NBE/BE (LB Field Examiner) with emphasis in Operational Risk, NB-0570-VI"
2024_04,788578100,"NBE/BE (LB Field Examiner) with emphasis in Bank Information Technology, NB-0570-VI"
2024_04,788610800,"NBE/BE (LB Field Examiner) with emphasis in Commercial Credit, NB-570-V.2"
2024_04,789027900,Front-Line Manager Readiness Program (FLRP)(Amended)
2024_04,788624200,"National Bank Examiner/Bank Examiner (Commercial Credit Lead Expert Support), NB-0570-V.2"
2024_04,788349800,Program Manager
2024_04,788608100,"NBE/BE (LB Field Examiner) with emphasis in Operational Risk, NB-570-V.2"
2024_04,788609100,"NBE/BE (LB Field Examiner) with emphasis in Capital Markets, NB-570-V.2"
2024_04,788449700,Environmental Protection Specialist (NEPA Planner)
2024_04,788807700,FIRE PROTECTION SPECIALIST
2024_04,789027600,Front-Line Manager Readiness Program (Bilingual Spanish) (Amended)
2024_04,788568800,Optometrist (TeleEye Program Manager)
2024_04,788865100,Internal Revenue Agent (Appeals Tax Computation Specialist)
2024_04,788608500,"NBE/BE (LB Field Examiner) with emphasis in Retail Credit, NB-570-V.2"
2024_05,793041800,Fish and Wildlife Biologist
2024_05,793308900,Fish and Wildlife Biologist
2024_05,793393800,Division Programs Director South Pacific Division
2024_05,793183900,"NBE/BE (LB Field Examiner) with emphasis in Capital Markets, NB-0570-VI"
2024_05,793347900,Environmental Protection Specialist
2024_05,792803100,"National Bank Examiner (Analyst to MBS EIC), NB-0570-V.2"
2024_05,792537900,"Supvy NBE/BE (LB Team Lead) with Commercial Credit & Capital Markets, NB-0570-VII (Temp NTE 18 Mons)"
2024_05,792338800,"National Bank Examiner (Analyst to Assistant Deputy Comptroller), NB-0570-V.2"
2024_05,791842100,"Environmental Engineer, GS-0819-13"
2024_05,792356300,"NBE/BE (LB Field Examiner) with emphasis in Commercial Credit, NB-570-VI"
2024_05,792900300,Life Scientist/Environmental Engineer/Physical Scientist (Permitting Specialist)
2024_05,792385100,"NBE/BE (Analyst to LB Examiner-In Charge), NB-570-VI (Temp NTE 2 Years)"
2024_05,792812100,"National Bank Examiner/Bank Examiner (Commercial Credit), NB-570-VI"
2024_05,791710900,Interdisciplinary General Engineer/Landscape Architect/Architect/Civil Engineer/Electrical Engineer
2024_05,792359800,"NBE/BE (LB Field Examiner) with emphasis in Commercial Credit, NB-570-V.2"
2024_05,792226500,"National Bank Examiner (Midsize Examiner in Charge), NB-0570-VI.2 (TEMP NTE 1 YEAR)"
2024_05,792486900,"Supervisory National Bank Examiner (MCBS Team Leader), NB-0570-VI"
2024_05,792227900,"National Bank Examiner (Analyst to Deputy Comptroller), NB-0570-VI.2"
2024_05,791696400,Interdisciplinary General Engineer/Civil Engineer
2024_05,791501100,Petroleum Engineer
2024_05,792811800,"National Bank Examiner/Bank Examiner (Commercial Credit), NB-570-VI"
2024_05,791687800,"National Bank Examiner/Bank Examiner (Compliance), NB-0570-V"
2024_05,792226000,"National Bank Examiner (Midsize Examiner in Charge), NB-0570-VI.2"
2024_05,791844900,"Environmental Engineer, GS-0819-13"
2024_05,791682900,"Supervisory National Bank Examiner (MCBS Team Leader), NB-0570-VI"
2024_05,792088400,"NBE/BE (LB Field Examiner) with emphasis in Capital Markets, NB-0570-V.2"
2024_05,790352000,"Supervisory National Bank Examiner (Examiner-In-Charge), NB-0570-VII.2"
2024_05,790124800,Supervisory Fish Biologist
2024_05,790626800,"Human Resources Specialist (Recruitment), NB-0201-V.2"
2024_05,791350900,Supervisory Realty Specialist
2024_05,790344900,"Bridge Management Specialist, GS-2101-09/11/12"
2024_05,790915600,Historic Preservation Specialist
2024_05,791068500,"Supervisory NBE/BE (LB Technical TL) w/Retail Credit, NB-570-VI.2, Temp NTE 1 year"
2024_05,790072100,Attorney-Advisor (General)
2024_05,790113100,Environmental Protection Specialist
2024_05,790587600,"Senior Financial Economist (Team Manager), NB-0110-VI.2"
2024_05,789341400,"NBE/BE (Analyst to the Deputy Comptroller) w/ emphasis in Market Risk, NB-0570-VI.2"
2024_05,789346900,Plant Protection and Quarantine Officer (Plant Health Safeguarding Specialist)
2024_05,789346300,Plant Protection and Quarantine Officer (Plant Health Safeguarding Specialist)
2024_05,789345500,Plant Protection and Quarantine Officer (Plant Health Safeguarding Specialist)
2024_05,789212000,Plant Protection and Quarantine Officer (Plant Health Safeguarding Specialist)
2024_05,787880200,Supervisory Emergency Management Specialist (Mitigation)
2024_05,789505300,Plant Protection and Quarantine Officer (Plant Health Safeguarding Specialist)
2024_05,789721600,Life Scientist/Environmental Engineer/Physical Scientist (Permit Specialist)
2024_05,789629200,Development Program Associate
2024_05,789666600,ADMINISTRATIVE SUPPORT SPECIALIST
2024_05,789629000,Development Program Associate
2024_05,789627900,Development Program Associate
2024_05,789464900,Life Scientist/Environmental Engineer/Physical Scientist
2024_05,789353100,"NBE/BE (Analyst to the Deputy Comptroller) w/ emphasis in Financial Technology, NB-570-VI.2"
2024_05,789456000,"National Bank Examiner/Bank Examiner (SSARA Analyst), NB-0570-VI"
2024_05,789458100,Plant Protection and Quarantine Officer (Plant Health Safeguarding Specialist)
2024_05,789492600,Plant Protection and Quarantine Officer (Plant Health Safeguarding Specialist)
2024_05,789593200,"Physical Scientist (Air, Soil & Water)"
2024_05,789503100,INTERDISCIPLINARY COMMUNITY PLANNER/NATURAL RESOURCES SPECIALIST
2024_05,789509500,Management and Program Analyst
2024_05,789116100,Plant Protection and Quarantine Officer (Plant Health Safeguarding Specialist)
2024_05,789358800,Plant Protection and Quarantine Officer  (Plant Health Safeguarding Specialist)
2024_05,790104000,"Student Trainee (Financial Analysis), NB-1199-III"
2024_05,791207200,"Supervisory Records Management Specialist, NB-0308-VI"
2024_05,789867300,Civil Engineer-Direct Hire Authority
2024_05,790891500,Materials Handler
2024_05,790712300,Environmental Protection Specialist
2024_05,790531700,"Senior Advisor to the Director, Office of Air Quality Planning and Standards"
2024_05,790915900,Historic Preservation Specialist
2024_05,791138700,Supervisory Biologist (Endangered Species)
2024_05,790514100,Geologist
2024_05,790916300,Ecologist (Protected Species)
2024_05,790281300,Supervisory Fish Biologist
2024_05,791360700,ENVIRONMENTAL ENGINEER/PHYSICAL SCIENTIST
2024_05,789893700,Attorney-Adviser
2024_05,790863200,Management and Program Analyst
2024_05,790752700,"Supervisory National Bank Examiner (Assistant Deputy Comptroller), NB-0570-VII"
2024_05,789964200,Attorney-Adviser
2024_05,790590400,"Student Trainee (Program Analysis), NB-399-III"
2024_05,790411300,"Information Technology Specialist/Sr. Business Relationship Manager (Temp NTE 2 years), NB-2210-VI"
2024_05,790463300,"Senior Financial Economist (Team Manager), NB-0110-VI.2"
2024_05,791027900,Deputy Associate Director for Performance and Personnel Management
2024_05,790344300,"Bridge Management Specialist, GS-2101-09/11/12"
2024_05,790916400,Ecologist (Protected Species)
2024_05,791843600,"Interdisciplinary, GS-1301 or 0401-13 (Physical Scientist or Natural Resources Mgt Spec)"
2024_05,791685600,"National Bank Examiner (Field Examiner), NB-0570-VI"
2024_05,792392700,Supervisory Emergency Management Specialist (Mitigation)
2024_05,792804500,"National Bank Examiner/Bank Examiner (Bank Information Technology), NB-0570-VI"
2024_05,792542100,"NBE/BE (LB Field Examiner) with emphasis in Operational Risk, NB-0570-VI"
2024_05,792907900,"Supervisory NBE/BE (Director for CRA/FL Policy), NB-0570-VII"
2024_05,792369600,Deputy Assistant Secretary for Renewable Energy
2024_05,792600700,Frontline Leadership Readiness Program FLRP
2024_05,792366500,"National Bank Examiner (Analyst to Assistant Deputy Comptroller), NB-0570-V.2 (TEMP NTE ONE YEAR)"
2024_05,792244800,Interdisciplinary Lead General Biological Scientist- Direct Hire
2024_05,792908400,"Supervisory NBE/BE (Director for CRA/FL Policy), NB-0570-VII"
2024_05,791498200,Petroleum Engineer
2024_05,792086900,"NBE/BE (LB Field Examiner) with emphasis in Capital Markets, NB-0570-V.2"
2024_05,792798800,"National Bank Examiner/Bank Examiner (Enterprise Governance and Operational Risk), NB-570-VI"
2024_05,792392100,Supervisory Emergency Management Specialist (Mitigation)
2024_05,792790600,Wildlife Biologist
2024_05,792227200,"National Bank Examiner (Field Examiner), NB-0570-VI"
2024_05,791878700,"National Bank Examiner/Bank Examiner (Consumer Compliance Lead Expert), NB-0570-VI"
2024_05,792094500,"Supervisory IT Specialist (INFOSEC), NB-2210-VI"
2024_05,792387400,"Supervisory National Bank Examiner/Bank Examiner (Risk Officer), NB-0570-VII"
2024_05,792317500,"Supervisory National Bank Examiner (Assistant Deputy Comptroller), NB-0540-VII (TEMP NTE ONE YEAR)"
2024_05,791592400,Supervisory Management Specialist
2024_05,792705200,Deputy Realty Officer
2024_05,792250500,NATURAL RESOURCES SPECIALIST
2024_05,792186900,"NBE/BE (LB Field Examiner) with emphasis in Capital Markets, NB-0570-V"
2024_05,792186000,"NBE/BE (LB Field Examiner) with emphasis in Capital Markets, NB-0570-V"
2024_05,792641100,"Senior Financial Economist (Research), NB-0110-VI"
2024_05,792557900,Agriculturist
2024_05,791691200,Interdisciplinary General Engineer/Civil Engineer
2024_05,791696300,"National Bank Examiner (Field Examiner), NB-0570-V.2"
2024_05,792833400,"Student Trainee (Mathematics/Statistics), NB-1599-III"
2024_05,792380400,"NBE/BE (LB Field Examiner) with emphasis in Bank Information Technology, NB-570-V.2"
2024_05,792903500,Supervisory Range Operations Specialist
2024_05,792399400,"National Bank Examiner (Analyst to Associate Deputy Comptroller), NB-0570-VI"
2024_05,792808700,"National Bank Examiner/Bank Examiner (Compliance), NB-0570-VI"
2024_05,792929200,Outdoor Recreation Planner
2024_05,792188500,Realty Assistant (Generalist/OA)
2024_05,792382200,"NBE/BE (Analyst to LB Examiner-In Charge), NB-570-VI"
2024_05,793416800,SUPERVISORY ENVIRONMENTAL PROTECTION SPECIALIST (T32)
2024_05,793385500,"Supervisory Records Management Specialist, NB-0308-VI"
2024_05,793162200,"Accountant, NB-0510-III"
2024_05,793041700,Fish and Wildlife Biologist
2024_05,793216000,SECURITY ASSISTANT
2024_05,793164700,"National Bank Examiner (IBS Field Examiner/Portfolio Manager) w/Safety & Soundness, NB-570-VI"
2024_05,793341000,ENVIRONMENTAL PROTECTION SPECIALIST
2024_05,793774700,Mining Engineer
2024_05,793346300,Environmental Protection Specialist
2024_05,793158600,"National Bank Examiner (IBS Field Examiner/Portfolio Manager) w/Safety & Soundness, NB-570-V.2"
2024_05,793431900,Supervisory Realty Specialist
2024_05,793183800,"NBE/BE (LB Field Examiner) with emphasis in BSA/AML, NB-0570-VI"
2024_05,793364900,Physical Scientist (Environmental)
2024_05,793152400,"National Bank Examiner/Bank Examiner (Bank Information Technology Lead Expert), NB-570-VI"
2024_06,796124800,"National Bank Examiner/Bank Examiner (Retail Credit), NB-0570-VI"
2024_06,793137900,Emergency Management Specialist (Mitigation)
2024_06,794155100,Attorney-Advisor
2024_06,793137700,Emergency Management Specialist (Mitigation)
2024_06,794448900,Program Manager
2024_06,793134900,Emergency Management Specialist (Mitigation)
2024_06,793591400,Environmental Engineer (Direct Hire)
2024_06,793973100,Supervisory Park Ranger (Wilderness)
2024_06,793344700,Ecologist
2024_06,792919300,Recent Graduate or Near-Term Graduation - Life Scientist/Physical Scientist/Environmental Engineer
2024_06,794289200,Plant Protection Technician
2024_06,794306800,Supervisory Management and Program Analyst
2024_06,793970300,Materials Handler
2024_06,793134800,Emergency Management Specialist (Mitigation)
2024_06,794488600,"Emergency Management Specialist, NB-0089-V"
2024_06,793988200,Interdisciplinary
2024_06,794295400,Plant Protection Technician (Domestic)
2024_06,794032400,Program Analyst and Federal Highway Administration Liaison
2024_06,793850500,BUILDING MANAGEMENT SPECIALIST
2024_06,794488500,"Emergency Management Specialist, NB-0089-V"
2024_06,794080800,Plant Protection Technician
2024_06,794298700,Plant Protection Technician
2024_06,794289700,Plant Protection Technician (Domestic)
2024_06,793589700,Environmental Engineer (Direct Hire)
2024_06,795441500,Civil Engineer
2024_06,794895300,"Marine Information Specialist, GS-1361-09/11"
2024_06,795239300,"Bridge Management Specialist, GS-2101-13"
2024_06,795236400,Civil Engineer
2024_06,796068600,IT Specialist (Applications Software)
2024_06,795826000,POWERED SUPPORT SYSTEMS MECHANIC
2024_06,795239700,"Bridge Management Specialist, GS-2101-13"
2024_06,795567700,Civil Engineer
2024_06,794727200,Life Scientist/Environmental Scientist/Physical Scientist
2024_06,794714200,Supervisory Management and Program Analyst(Program Operations Supv)(Frontline Mgr Readiness Program)
2024_06,794966900,"NBE/BE (LB Field Examiner) with emphasis in Asset Management, NB-0570-VI"
2024_06,796097900,Environmental Protection Specialist
2024_06,796122600,"Supervisory National Bank Examiner (Assistant Deputy Comptroller), NB-0570-VII"
2024_06,796124500,"National Bank Examiner (Analyst to Assistant Deputy Comptroller), NB-0570-V.2"
2024_06,796127100,"National Bank Examiner/Bank Examiner (Compliance), NB-0570-VI"
2024_06,796123600,"Supervisory National Bank Examiner (Assistant Deputy Comptroller), NB-0570-VII"
2024_06,797884300,Outdoor Recreation Planner
2024_06,797631900,"NBE/BE (Sr Lead Expert Risk Specialist) w/ emphasis in Capital Adequacy and Planning, NB-0570-VI.2"
2024_06,796098400,Environmental Protection Specialist
2024_06,797200900,Operations Specialist
2024_06,796325300,"National Bank Examiner/Bank Examiner (Bank Information Technology), NB-0570-VI"
2024_06,796120400,"Supervisory National Bank Examiner (Assistant Deputy Comptroller), NB-0570-VII"
2024_06,795250200,Project Coordinator
2024_06,794895400,"Marine Information Specialist, GS-1361-09/11"
2024_06,796071500,IT Specialist (Applications Software)
2024_06,796372100,Biologist
2024_06,797016600,Plant Protection and Quarantine Officer (Plant Health Safeguarding Specialist-Predeparture Ops)
2024_06,796180300,"Supv. HR Spec. (Manager, HR Operations)-NB-201-VI.2"
2024_06,797050000,"NBE/BE (SyRIS Lead Expert) with emphasis in Compliance, NB-0570-VII"
2024_06,796332400,Supervisory Environmental Protection Specialist
2024_06,797745100,Deputy Comptroller and Chief Financial Technology Officer-NB-570-VIII
2024_06,797253700,Outdoor Recreation Planner
2024_06,797026300,Plant Protection and Quarantine Officer (Plant Health Safeguarding Specialist-Predeparture Ops)
2024_06,796334300,Motor Carrier Safety Specialist (Border Inspector) (Direct Hire - MP)
2024_06,797284600,Life Scientist/Environmental Engineer/Physical Scientist (Senior Surface Water Quality Specialist)
2024_06,796385100,Plant Protection and Quarantine Officer (Plant Health Safeguarding Specialist - Predeparture Ops)
2024_06,796458400,Auditor (Financial)
2024_06,796432600,"Marine Information Specialist, GS-1361-12"
2024_06,796423400,Supervisory Attorney-Advisor (General)
2024_06,797745200,Deputy Comptroller and Chief Financial Technology Officer-NB-570-VIII
2024_06,797253400,Outdoor Recreation Planner
2024_06,796540700,"NBE/BE (SyRIS Lead Expert) with emphasis in Compliance, NB-0570-VII"
2024_06,797156400,Mechanical Engineer
2024_06,796272800,Visitor Services Assistant (Angels Landing)
2024_06,797327300,Supervisory Veterinary Medical Officer (EMRS Information System National Coordinator/SME)
2024_06,797152700,General Engineer (Project Manager)
2024_06,797312100,Management and Program Analyst (Strategy & Performance Analyst)
2024_06,797319500,Environmental Protection Specialist
2024_06,797743900,Administrative Support Assistant
2024_06,797329800,"NBE/BE (LB Field Examiner) with emphasis in Capital Markets, NB-0570-VI"
2024_06,797313100,Management and Program Analyst (Strategy & Performance Analyst)
2024_06,797145800,"Program Analyst (Supervision Spt) w/ emphasis in System Requirements and Spt, NB-0343-V (FPL NB-VI)"
2024_06,796461600,Auditor (Financial)
2024_06,797884900,SUPERVISORY INTERDISCIPLINARY POSITION
2024_06,797884500,Outdoor Recreation Planner
2024_06,797887700,Attorney Advisor (International)(Public Notice Flyer)
2024_07,802508400,"NBE/BE (LB Field Examiner) with emphasis in Retail Credit, NB-570-VI"
2024_07,802049800,Natural Resource Specialist
2024_07,801755000,"HONORS ATTORNEY PROGRAM, LAW CLERK GS-0904-11, ATTORNEY GS-0905-11/12/13/14 (ARL/PHIL)"
2024_07,802317700,"Instructional Systems Specialist, NB-1750-VI"
2024_07,801167700,Museum Specialist (Biological Anthropology)
2024_07,801174900,Museum Specialist (Biological Anthropology)
2024_07,801719400,POWERED SUPPORT SYSTEMS MECHANIC LEADER
2024_07,801980000,Realty Assistant (Generalist/OA)
2024_07,801579100,"Telecommunications Specialist, NB-0391-V"
2024_07,801865400,Concessions Management Assistant
2024_07,801892200,MANAGEMENT AND PROGRAM ANALYST
2024_07,801864600,Museum Specialist (Biological Anthropology)
2024_07,801890400,MANAGEMENT AND PROGRAM ANALYST
2024_07,802184500,BIOLOGICAL SCIENCE TECHNICAN (WILDLIFE)
2024_07,801755400,"HONORS ATTORNEY PROGRAM, LAW CLERK GS-0904-11, ATTORNEY GS-0905-11/12/13/14 (NY)"
2024_07,801753700,"HONORS ATTORNEY PROGRAM, LAW CLERK GS-0904-11, ATTORNEY GS-0905-11/12/13/14 (ATL)"
2024_07,801561800,"Program Analyst, NB-0343-V"
2024_07,801805700,Biologist
2024_07,801579400,"Telecommunications Specialist, NB-0391-V"
2024_07,801865900,Museum Specialist (Biological Anthropology)
2024_07,801376100,BUILDING MANAGEMENT SPECIALIST
2024_07,802434300,Environmental Protection Specialist
2024_07,801155900,Museum Specialist (Biological Anthropology)
2024_07,801531900,Attorney-Adviser
2024_07,801483700,"Government Information Specialist, NB-0306-V"
2024_07,801822100,Supervisory Environmental Protection Specialist
2024_07,801083600,Physical Scientist/Environmental Engineer (Senior CCR Permit Specialist)
2024_07,801256600,Life Scientist/Environmental Engineer/Physical Scientist (Ambient Air Monitoring Coordinator)
2024_07,800198400,ADMINISTRATIVE OFFICER
2024_07,799447300,"Information Technology Specialist (Systems Analysis/Applications Software), NB-2210-V"
2024_07,798920400,Materials Handler Leader
2024_07,798841500,INTERDISCIPLINARY ENGINEER/ARCHITECT
2024_07,798130600,Supervisory Alcohol and Tobacco Tax Specialist
2024_07,798509600,Natural Resources Specialist
2024_07,798925600,"NBE/BE (LB Field Examiner) with emphasis in ERM/Governance, NB-570-VI"
2024_07,798424400,Civil Engineer
2024_07,798901000,Permits Coordinator
2024_07,799015700,Public Affairs Specialist
2024_07,799237100,Realty Specialist
2024_07,798681600,Entomologist (National Taxonomist)
2024_07,798135700,Supervisory Alcohol and Tobacco Tax Specialist
2024_07,799000800,Supervisory Petroleum Engineer
2024_07,798254600,"Environmental Protection Specialist, GS-0028-11"
2024_07,799286900,SECURITY ASSISTANT
2024_07,798289000,"NBE/BE (LB Field Examiner) with emphasis in Operational Risk, NB-0570-VI"
2024_07,798256700,"Environmental Protection Specialist, GS-0028-11"
2024_07,798655200,Life Scientist/Environmental Engineer/Physical Scientist
2024_07,798135000,Supervisory Alcohol and Tobacco Tax Specialist
2024_07,798387500,"Examination Technician, NB-0503-III"
2024_07,798982400,"Supervisory NBE/BE (LB Team Lead) w/ emphasis in Ops Risk & BIT, NB-0570-VII"
2024_07,798291000,"NBE/BE (LB Field Examiner) with emphasis in Asset Management, NB-0570-VI"
2024_07,799249900,"National Bank Examiner/Bank Examiner (Asset Management), NB-0570-VI"
2024_07,798901100,Permits Coordinator
2024_07,799037100,"Administrative Assistant (Office Automation), NB-0303-III"
2024_07,798622100,Supervisory Life Scientist/Environmental Engineer/Physical Scientist
2024_07,798495100,"NBE/BE (LB Field Examiner) with emphasis in Compliance, NB-570-VI"
2024_07,798913100,"National Bank Examiner/Bank Examiner (Analyst to the Deputy Comptroller), NB-0570-VI.2"
2024_07,799050200,"Data Scientist, NB-1560-IV (FPL NB-VI)"
2024_07,799091800,"Supervisory NBE/BE (LB Team Lead) with emphasis in ERM/Governance, NB-0570-VII"
2024_07,797957900,Supervisory Senior Advisor for Environmental Review and Permitting
2024_07,798647200,"Financial Management Analyst, NB-0501-VI"
2024_07,799791500,"IT Specialist, NB-2210-VI"
2024_07,799800500,"Bridge Management Specialist, GS-2101-12"
2024_07,799447500,"Information Technology Specialist (Systems Analysis/Applications Software), NB-2210-V"
2024_07,800659900,Renewable Energy Tribal Liaison Coordinator
2024_07,799600000,Supervisory Fish Biologist
2024_07,800285900,"Human Resources Specialist (Work/Life), NB-0201-V"
2024_07,799798700,"Bridge Management Specialist, GS-2101-11"
2024_07,799847500,INTERDISCIPLINARY ECOLOGIST/WILDLIFE BIOLOGIST
2024_07,799571500,NBE/BE (Commercial Credit Risk Specialist)-NB-570-VI
2024_07,799529000,Supervisory Petroleum Engineer
2024_07,799571900,NBE/BE (Commercial Credit Risk Specialist)-NB-570-VI
2024_07,800125600,"NBE/BE (Analyst to Large Bank Examiner-In-Charge), NB-0570-VI"
2024_07,799897300,FIRE PROTECTION SPECIALIST
2024_07,799724400,"Supervisory National Bank Examiner/Bank Examiner (MCBS Resource Team Manager), NB-0570-VI.2"
2024_07,800295300,"NBE/BE (LB Field Examiner) with emphasis in Commercial Credit, NB-570-V.2"
2024_07,800183200,Program Analyst
2024_07,800326600,"NBE/BE (LB Field Examiner) with emphasis in Operational Risk, NB-0570-VI"
2024_07,799533100,"NBE/BE (LB Field Examiner) with emphasis in Capital Markets, NB-0570-VI"
2024_07,799329500,Physical Scientist/Life Scientist
2024_07,800414300,Hospital Housekeeping Program Specialist
2024_07,800552100,Realty Specialist (Contracts Management)
2024_07,800335600,NATURAL RESOURCES SPECIALIST
2024_07,799840900,"NBE/BE (LB Field Examiner) with emphasis in Compliance, NB-570-V.2"
2024_07,800287600,"NBE/BE (LB Field Examiner) with emphasis in Commercial Credit, NB-570-VI"
2024_07,800880300,DEPUTY STATE CONSTRUCTION AND FACILITIES MANAGEMENT OFFICER
2024_08,807311800,"NBE/BE (LB Field Examiner) with emphasis in ERM/Governance, NB-0570-V.2"
2024_08,807309800,"NBE/BE (LB Field Examiner) with emphasis in ERM/Governance, NB-0570-V"
2024_08,807337600,"NBE/BE (LB Field Examiner) with emphasis in Safety and Soundness, NB-0570-V"
2024_08,807448100,Information Technology Specialist (Data Management)
2024_08,807339600,"NBE/BE (LB Field Examiner) with emphasis in Safety and Soundness, NB-0570-V.2"
2024_08,805924000,Construction Control Inspector
2024_08,806150300,Environmental Engineer/Physical Scientist/Life Scientist
2024_08,807066400,"National Bank Examiner (Field Examiner), NB-0570-V.2"
2024_08,806076700,"NBE/BE (LB Field Examiner) with emphasis in Bank Information Technology, NB-570-V.2"
2024_08,805673900,GENERAL ENGINEER-DIRECT HIRE AUTHORITY
2024_08,806549200,Environmental Protection Specialist
2024_08,806614500,"National Bank Examiner (Field Examiner), NB-0570-V.2"
2024_08,806503300,"National Bank Examiner (Analyst to ADC), NB-0570-V.2"
2024_08,805724100,SUPERVISORY GENERAL ATTORNEY (PRINCIPAL ASSISTANT DISTRICT COUNSEL FOR ADMINISTRATIVE LAW)
2024_08,807039800,"Supervisory Human Resources Specialist (Mgr for Payroll and Processing), NB-0201-VI"
2024_08,806607500,"Assistant National Bank Examiner, NB-0570-III"
2024_08,807209400,"Management and Program Analyst, NB-0343-V"
2024_08,806871900,INTERDISCIPLINARY General Engineer/Physical Scientist
2024_08,806713100,Supervisory Civil Engineer
2024_08,805972900,Civil Engineer
2024_08,806560000,Supervisory Environmental Engineer/Physical Scientist/Life Scientist
2024_08,806521900,"Supervisory Trial Attorney (Deputy Chief, Electronic Surveillance Unit)"
2024_08,806931300,Community Affairs Officer-NB-301-VI
2024_08,805723500,"Supervisory NBE/BE (LB Technical Team Lead) with emphasis in Capital Markets, NB-570-VI.2"
2024_08,805842200,Management and Program Analyst
2024_08,806366100,INSPECTOR GENERAL
2024_08,805891800,"NBE/BE (LB Field Examiner) with emphasis in Bank Information Technology, NB-570-VI"
2024_08,806761700,"National Bank Examiner (Field Examiner), NB-0570-V.2"
2024_08,806382500,Interdisciplinary
2024_08,805723100,SUPERVISORY GENERAL ATTORNEY (DEPUTY DISTRICT COUNSEL)
2024_08,806438900,Realty Assistant (Generalist/OA)
2024_08,806931500,Community Affairs Officer-NB-301-VI
2024_08,806941100,Interdisciplinary
2024_08,806607800,"National Bank Examiner/Bank Examiner (Bank Information Technology), NB-0570-V"
2024_08,806597000,"Financial Economist, NB-0110-V"
2024_08,805763400,Information Management Specialist (FOIA and Records)
2024_08,804087600,Rangeland Management Specialist
2024_08,804719000,Management and Program Analyst
2024_08,804617700,"National Bank Examiner (Analyst to ADC), NB-0570-V.2"
2024_08,805577500,"Supervisory NBE/BE (LB Team Lead) with emphasis in ERM/Governance, NB-0570-VII"
2024_08,805139000,TECHNICAL PROJECT MANAGER
2024_08,805646300,"NBE/BE (LB Field Examiner) with emphasis in Operational Risk (Payments), NB-0570-VI"
2024_08,805254400,General Engineer
2024_08,805352500,"National Bank Examiner (Analyst to Assistant Deputy Comptroller), NB-0570-V.2"
2024_08,805408000,"National Bank Examiner/Bank Examiner (Asset Management), NB-0570-VI.2"
2024_08,804295500,Fish Biologist
2024_08,804383000,Environmental Protection Specialist
2024_08,805618100,Ecologist
2024_08,804298000,Life Scientist/Environmental Engineer/Physical Scientist
2024_08,804893500,"Supervisory NBE/BE (Director for International Banking Supervision), NB-0570-VII (Temp NTE 2 Yrs)"
2024_08,804363200,Environmental Engineer
2024_08,804361600,"National Bank Examiner (Midsize Examiner in Charge), NB-0570-VI.2"
2024_08,804422300,"National Bank Examiner/Bank Examiner (Enterprise Governance and Operational Risk), NB-570-VI"
2024_08,804596600,POWERED SUPPORT SYSTEMS MECHANIC
2024_08,805352400,"Examination Technician, NB-0503-III"
2024_08,804818600,Agriculturist (Regulatory Permit Analyst)
2024_08,803818700,Plant Protection Technician
2024_08,803915600,Environmental Protection Specialist
2024_08,803345900,Supervisory Program Analyst
2024_08,803235700,Legal Instruments Examiner
2024_08,802861000,"Secretary (OA), NB-0318-IV"
2024_08,802793200,"Supervisory NBE/BE (LB Technical Team Lead) with emphasis in ERM/Governance, NB-570-VI.2"
2024_08,802864500,Frontline Leader Readiness Program FLRP
2024_08,803689300,Plant Protection Technician
2024_08,804057000,TECHNICAL PROJECT MANAGER
2024_08,803235500,Legal Instruments Examiner
2024_08,803237100,Plant Protection Technician
2024_08,802792200,"Supervisory NBE/BE (LB Technical Team Lead) with emphasis in ERM/Governance, NB-570-VI.2"
2024_08,804020900,Range Technician
2024_08,802975300,Realty Specialist
2024_08,803902900,Fire Protection Engineer
2024_08,803566000,Alcohol and Tobacco Tax Specialist
2024_08,804039500,"Natural Resources Manager/Physical Scientist, GS-0401/1301-12"
2024_08,802642400,Senior Advisor for Environmental Review and Permitting
2024_08,802877500,"Supervisory NBE/BE (LB Team Lead) with emphasis in Retail Credit, NB-570-VII"
2024_08,804038300,"Environmental Engineer,GS-0819-12"
2024_08,803915000,Environmental Protection Specialist
2024_08,802900600,NBE-BE (Core Policy Analyst) NB-570-VI
2024_08,802631400,"NBE/BE (Analyst to Large Bank Examiner-In-Charge), NB-0570-VI"
2024_08,804037200,"Environmental Engineer,GS-0819-12"
2024_08,803131600,Attorney-Adviser
2024_08,803534000,Laborer
2024_08,803719500,Plant Protection Technician
2024_08,803346000,Supervisory Program Analyst
2024_08,803684900,Plant Protection Technician
2024_08,803677400,Plant Protection and Quarantine Officer (Plant Health Safeguarding Specialist - Predeparture Ops)
2024_08,803563400,Alcohol and Tobacco Tax Specialist
2024_08,802759300,Physical Science Technician
2024_08,802892200,"National Bank Examiner/Bank Examiner (Market Risk Specialist), NB-0570-VI"
2024_08,802882200,"Supervisory NBE/BE (LB Technical Team Lead) with emphasis in Compliance, NB-0570-VI.2"
2024_08,803573000,"Supervisory National Bank Examiner (MCBS Team Leader), NB-0570-VI"
2024_08,803449300,Plant Protection and Quarantine Technician
2024_08,802948000,Plant Protection Technician
2024_08,802607500,"NBE/BE (LB Field Examiner) with emphasis in Capital Markets, NB-0570-VI"
2024_08,802991800,"National Bank Examiner (Analyst to Assistant Deputy Comptroller), NB-0570-V.2"
2024_08,803441300,Life Scientist/Environmental Engineer/Physical Scientist
2024_08,802377500,Fishery Information Specialist
2024_08,802396100,Recent Graduate or Near-Term Graduation Environmental Engineer / Physical Scientist / Life Scientist
2024_09,810511100,"Public Affairs Specialist, NB-1035-V"
2024_09,811120400,Supervisory Park Ranger (P) (Deputy Chief Ranger)
2024_09,810472100,Interdisciplinary Mining Engineer/Geologist
2024_09,809867800,Life Scientist/Environmental Engineer/Physical Scientist
2024_09,809014300,"NBE/BE (LB Field Examiner) with emphasis in Operational Risk, NB-0570-VI"
2024_09,808988900,Environmental Protection Specialist (NEPA)
2024_09,810126000,"National Bank Examiner/Bank Examiner (CRA/FL Compliance Policy Specialist), NB-0570-V"
2024_09,810310300,Sup Interdisciplinary General Engineer/Landscape Architect/Architect (Portfolio Manager)
2024_09,809135600,Environmental Protection Specialist
2024_09,809334500,Natural Resource Specialist (National Environmental Compliance Specialist)
2024_09,810191300,Supervisory Environmental Protection Specialist
2024_09,808963200,Civil Engineer - Direct Hire Authority
2024_09,810121900,"National Bank Examiner/Bank Examiner (CRA/FL Compliance Policy Specialist), NB-0570-VI"
2024_09,810124900,"National Bank Examiner/Bank Examiner (CRA/FL Compliance Policy Specialist), NB-0570-V"
2024_09,809804700,"Senior Accounting Policy Advisor, NB-0510-VI.2"
2024_09,808988800,Environmental Protection Specialist (NEPA)
2024_09,809804900,"Senior Accounting Policy Advisor, NB-0510-VI.2"
2024_09,810119700,"National Bank Examiner/Bank Examiner (CRA/FL Compliance Policy Specialist), NB-0570-VI"
2024_09,809428100,"NBE/BE (LB Field Examiner) with emphasis in Compliance, NB-0570-VI"
2024_09,809403600,Chamber Security Staff
2024_09,808989200,Civil Engineer (Direct Hire Authority)
2024_09,809822300,ENVIRONMENTAL PROTECTION SPECIALIST - TITLE 5
2024_09,807888900,"Examination Technician, NB-0503-IV"
2024_09,808691400,"Secretary (Office Automation)/(Executive Staff Assistant), NB-0318-IV"
2024_09,808248300,Associate Deputy Administrator
2024_09,808410800,Research Geophysicist
2024_09,807688200,Life Scientist/Environmental Engineer/Physical Scientist (Permit Specialist)
2024_09,807815300,"NBE/BE (LB Field Examiner) with emphasis in Bank Information Technology, NB-570-V"
2024_09,808542300,"Supervisory National Bank Examiner (Assistant Deputy Comptroller), NB-0570-VII (TEMP NTE ONE YEAR)"
2024_09,808533900,Civil Engineer
2024_09,807955200,"Supervisory National Bank Examiner (MCBS Team Leader), NB-0570-VI"
2024_09,808357400,"National Bank Examiner (Field Examiner), NB-0570-VI"
2024_09,808048800,Civil Engineer
2024_09,808621200,Plant Protection and Quarantine Officer (Plant Health Safeguarding Specialist)
2024_09,807817300,"NBE/BE (LB Field Examiner) with emphasis in Capital Markets, NB-570-V.2"
2024_09,808353700,"National Bank Examiner (Field Examiner), NB-0570-VI"
2024_09,808309600,"Realty Specialist, GS-1170-13"
2024_09,808725100,"National Bank Examiner (Analyst to ADC), NB-0570-V.2 (TEMP NTE 1 YEAR)"
2024_09,807584800,Financial Specialist
2024_09,808809600,Natural Resources Specialist
2024_09,808182200,Attorney Advisor (Environmental)- Public Notice Flyer
2024_09,808004400,Environmental Protection Specialist
2024_09,807969700,"Supervisory National Bank Examiner (Assistant Deputy Comptroller), NB-0570-VII"
2024_09,808652700,Realty Specialist (Generalist)
2024_09,808776500,"Supervisory NBE/BE (LB Technical Team Lead) with emphasis in Capital Markets, NB-570-VI.2"
2024_09,807713200,"Human Resources Specialist (Staffing), NB-201-V"
2024_09,808292000,ENVIRONMENTAL PROTECTION SPECIALIST
2024_09,808565200,Management and Program Analyst
2024_09,807819500,Lead Environmental Protection Specialist
2024_09,808356500,"National Bank Examiner (Field Examiner), NB-0570-VI"
2024_09,807744800,"Examination Technician, NB-0503-III"
2024_09,808353200,"National Bank Examiner (Field Examiner), NB-0570-V.2"
2024_09,808319300,"Deputy Comptroller (Deputy Comptroller for Large Banks), NB-0570-VIII"
2024_09,808031900,Environmental Engineer/Physical Scientist
2024_09,808042300,Life Scientist/Environmental Engineer/Physical Scientist
2024_09,807956100,Fish Biologist
2024_09,807812700,"NBE/BE (LB Field Examiner) with emphasis in Capital Markets, NB-570-V"
2024_09,807770400,"National Bank Examiner/Bank Examiner (Compliance), NB-0570-VI"
2024_09,808662000,ENGINEERING TECHNICIAN NF-3
2024_09,810153400,Deputy Realty Officer
2024_09,809088200,Life Scientist/Environmental Engineer/Physical Scientist
2024_09,809497600,Environmental Protection Specialist
2024_09,809053800,"National Bank Examiner (Analyst to ADC), NB-0570-V.2"
2024_09,809471700,ENVIRONMENTAL PROTECTION SPECIALIST
2024_09,809958000,Realty Specialist
2024_09,810019800,"National Bank Examiner (Asset Management), NB-0570-VI.2"
2024_09,809764300,"Supervisory NBE/BE (LB Technical Team Lead) with emphasis in Operational Risk, NB-0570-VI.2"
2024_09,809788100,"National Bank Examiner (Analyst to Midsize EIC), NB-0570-V.2"
2024_09,810751200,"National Bank Examiner/Bank Examiner (Commercial Credit Lead Expert Support), NB-0570-V.2"
2024_09,810562600,Hydrologist
2024_09,811160200,PPQ Officer Plant Health Safeguarding Specialist (PHSS)
2024_09,810781400,"Supervisory NBE/BE (Director for Community Reinvestment Act), NB-0570-VII"
2024_09,810660700,Interdisciplinary General Engineer/Physical Scientist
2024_09,811162800,"Environmental Protection Specialist, GS-0028-11"
2024_09,811369100,SUPERVISORY INTERDISCIPLINARY NATURAL RESOURCES SPECIALIST/ENVIRONMENTAL ENGINEER/PHYSICAL SCIENTIST
2024_09,810749600,"National Bank Examiner/Bank Examiner (Enterprise Gov and Op Risk Lead Expert Support), NB-0570-V.2"
2024_09,811096600,Emergency Management Specialist (Mitigation)
2024_09,811043700,"Supervisory National Bank Examiner (MCBS Team Leader), NB-0570-VI"
2024_09,811600400,Plant Protection and Quarantine Officer  (Plant Health Safeguarding Specialist)
2024_09,811183500,"Environmental Protection Specialist, GS-0028-11"
2024_09,811246400,Plant Protection and Quarantine Officer (Plant Health Safeguarding Specialist)
2024_09,810544700,Realty Assistant (Generalist/OA)
2024_09,810948800,Supervisory Natural Resources Specialist
2024_09,810510700,"Public Affairs Specialist, NB-1035-V"
2024_09,811176200,INTERDISCIPLINARY ECOLOGIST/WILDLIFE BIOLOGIST
2024_09,811282900,Plant Protection and Quarantine Officer - Plant Health Safeguarding Specialist
2024_09,810543400,Material Handler
2024_09,811947600,"Supvy NBE/BE (LB Technical Team Lead) w/ emphasis in Commercial & Retail Credit, NB-570-VI.2"
2024_09,811108700,Plant Protection and Quarantine Officer (Plant Health Safeguarding Specialist)
2024_09,811870200,NATURAL RESOURCES SPECIALIST
2024_09,811099400,"Supervisory NBE/BE (LB Technical Team Lead) with emphasis in Compliance, NB-0570-VI.2"
2024_09,811975900,Environmental Protection Specialist
2024_09,810768600,"Marine Transportation Specialist, GS-2101-13"
2024_09,811134500,PPQ Officer Plant Health Safeguarding Specialist (PHSS)
2024_09,811097700,Emergency Management Specialist (Mitigation)
2024_09,810781300,"NBE/BE (LB Field Examiner) with emphasis in Safety and Soundness, NB-0570-V.2"
2024_09,810667100,POWERED SUPPORT SYSTEMS MECHANIC
2024_10,815858300,"Customer Assistance Specialist, NB-0301-III (FPL NB-IV)"
2024_10,814110900,Chief Engineering and Technical Review Branch
2024_10,814853400,Supervisory Civil Engineer
2024_10,814111200,Chief Engineering and Technical Review Branch
2024_10,813536200,General Engineer
2024_10,813184300,Plant Protection and Quarantine Officer (Plant Health Safeguarding Specialist)
2024_10,811037000,Environmental Protection Specialist
2024_10,811626400,Wildlife Biologist
2024_10,813518100,"National Bank Examiner (Analyst to ADC), NB-0570-V.2"
2024_10,813105900,Material Handler
2024_10,812926400,Supervisory Life Scientist/Environmental Engineer/Physical Scientist (Branch Manager)
2024_10,812350300,"Senior Advisor to the Senior Deputy Comptroller, NB-301-VII"
2024_10,812376300,Permits Coordinator
2024_10,813376200,Environmental Protection Specialist - ADL
2024_10,812151200,Attorney-Adviser
2024_10,812350100,Life Scientist/Environmental Engineer/Physical Scientist (Program Coordinator)
2024_10,812352000,Permits Coordinator
2024_10,813185700,Plant Protection and Quarantine Officer (Plant Health Safeguarding Specialist)
2024_10,813224200,"Environmental Protection Specialist, GS-0028-11"
2024_10,813219800,"Environmental Protection Specialist, GS-0028-11"
2024_10,813546800,"Financial Economist, NB-0110-IV"
2024_10,812208500,Wildlife Biologist (Permitting)
2024_10,812936900,SECURITY ASSISTANT
2024_10,812159700,Supervisory Natural Resources Specialist
2024_10,812513500,"National Bank Examiner (Analyst to Deputy Comptroller), NB-0570-VI.2 (TEMP NTE 6 MONTHS)"
2024_10,812187200,Emergency Management Specialist (Hazard Mitigation Floodplain Management Specialist) - Reservist
2024_10,813148600,Supervisory Environmental Protection Specialist
2024_10,812153500,Attorney-Adviser
2024_10,813094900,Wildlife Biologist
2024_10,812076500,Supervisory Attorney-Advisor
2024_10,812971700,Interdisciplinary General Engineer/Physical Scientist
2024_10,812111600,"NBE/BE (LB Field Examiner) with emphasis in Bank Secrecy Act/Anti-Money Laundering, NB-570-V.2"
2024_10,813336400,Life Scientist/Environmental Engineer/Physical Scientist
2024_10,812059700,General Engineer
2024_10,813094700,"Supervisory NBE/BE (Analyst to LB (Megabank) Examiner-In-Charge), NB-0570-VI.2"
2024_10,812076700,Supervisory Attorney-Advisor
2024_10,814983800,INTERDISCIPLINARY COMMUNITY PLANNER-BIOLOGIST-ENVIRONMENTAL ENGINEER-PHYSICAL SCIENTIST
2024_10,813640300,"NBE/BE (Uniform Bank Performance Report Coordinator), NB-0570-VI (FFIEC) (Temporary NTE 5 Years)"
2024_10,815023400,Medical Technologist- Team Leader
2024_10,814718400,Wildlife Biologist
2024_10,814872700,Healthcare Engineer - GEMS Coordinator/Project Engineer
2024_10,814364400,Supervisory Interdisciplinary
2024_10,815047900,SUPERVISORY GENERAL ATTORNEY (Deputy Chief)
2024_10,815110900,"Supervisory National Bank Examiner (MCBS Team Leader), NB-0570-VI"
2024_10,814853000,Supervisory Civil Engineer
2024_10,814790100,"National Bank Examiner (Analyst to Assistant Deputy Comptroller), NB-0570-V.2"
2024_10,815085300,Deputy Infrastructure Portfolio Manager
2024_10,814729800,Environmental Engineer / Physical Scientist / Life Scientist
2024_10,814797500,"National Bank Examiner/Bank Examiner (Mortgage Banking), NB-0570-V.2"
2024_10,813596200,"Supervisory National Bank Examiner (Assistant Deputy Comptroller), NB-0570-VII"
2024_10,815107700,"National Bank Examiner/Bank Examiner (Community Reinvestment Act and Fair Lending), NB-0570-V"
2024_10,814295800,Environmental Protection Specialist
2024_10,814195300,ATTORNEY-ADVISOR (LABOR)
2024_10,814590500,Supervisory Life Scientist/Environmental Engineer/Physical Scientist
2024_10,814799600,"National Bank Examiner/Bank Examiner (Capital Markets), NB-0570-V.2"
2024_10,813943300,POWERED SUPPORT SYSTEMS MECHANIC
2024_10,813807900,"Financial Economist, NB-0110-V.2"
2024_10,813591500,"Supervisory National Bank Examiner (Assistant Deputy Comptroller), NB-0570-VII"
2024_10,814153200,Materials Handler
2024_10,814411600,Life Scientist/Physical Scientist
2024_10,814063900,Supervisory Biologist/Environmental Engineer/Chemical Engineer/Physical Scientist/Chemist
2024_10,813619100,Natural Resources Specialist / Rangeland Management Specialist
2024_10,813941500,Human Resources Specialist
2024_10,814799000,"National Bank Examiner /Bank Examiner (Retail Credit), NB-0570-V.2"
2024_10,816233000,"Examination Technician, NB-0503-IV"
2024_10,816033300,"NBE/BE (LB Field Examiner) with emphasis in Bank Information Technology, NB-570-V.2"
2024_10,816365000,"Information Technology Program Manager, NB-2210-VI"
2024_10,816510700,Supervisory Environmental Protection Specialist (Open to both U.S. Citizens and Federal Employees)
2024_10,815620600,Environmental Protection Specialist
2024_10,816013400,"National Bank Examiner/Bank Examiner (Market Risk Specialist), NB-0570-VI"
2024_10,815238500,"Administrative Assistant (Office Automation), NB-0303-III"
2024_10,815846400,General Engineer (Facilities Engineer)
2024_10,816589600,"National Bank Examiner/Bank Examiner (Bank Information Technology), NB-0570-VI"
2024_10,816191700,INTERDISCIPLINARY ENVIRONMENTAL ENGINEER/ PHYSICAL SCIENTIST
2024_10,816181700,PHYSICAL SCIENTIST
2024_10,816639100,Supervisory Realty Specialist
2024_10,815937800,Attorney-Advisor (Enforcement)
2024_10,816185000,"NBE/BE (LB Field Examiner) with emphasis in Retail Credit, NB-0570-VI"
2024_10,815801200,REALTY SPECIALIST
2024_10,816025300,"Secretary (Executive Staff Assistant), NB-0318-IV"
2024_10,815711600,Biologist
2024_10,815999000,"Deputy Associate Commissioner for Data Exchange, Policy Publications, and International Negotiations"
2024_10,815763600,"National Bank Examiner/Bank Examiner (Bank Secrecy Act/Anti Money Laundering), NB-0570-V"
2024_10,816026900,"National Bank Examiner (Analyst to Associate Deputy Comptroller), NB-0570-VI (TEMP NTE ONE YEAR)"
2024_10,816707200,"Financial Economist (Market RAD), NB-0110-V.2 (Full Performance Level NB-VI)"
2024_10,815939200,Attorney-Advisor (Enforcement)
2024_10,816725500,"Senior Financial Economist (Economic Expert), NB-0110-VI.2"
2024_10,816030800,"NBE/BE (LB Field Examiner) with emphasis in Compliance, NB-0570-VI"
2024_10,816222900,"IT Specialist (INFOSEC), NB-2210-VI"
2024_10,816120600,Environmental Protection Specialist
2024_10,815975800,"Examination Technician, NB-0503-IV"
2024_10,816590900,"National Bank Examiner/Bank Examiner (Asset Management), NB-0570-VI"
2024_10,815223200,Program Manager (Infrastructure)
2024_10,815969300,Environmental Protection Specialist
2024_10,815655800,FUEL SPECIALIST (PLANNER)
2024_10,816321700,Realty Specialist
2024_10,816474100,Plant Protection and Quarantine Officer (Plant Health Safeguarding Specialist)
2024_10,816588900,"National Bank Examiner/Bank Examiner (Compliance), NB-0570-VI"
2024_10,816862100,Motor Vehicle Operator
2024_10,816980600,Motor Vehicle Operator
2024_10,816981000,Motor Vehicle Operator
2024_10,816773500,"Supervisory National Bank Examiner (MCBS Team Leader), NB-0570-VI"
2024_11,821540200,Supervisory IT Program Manager (APPSW)
2024_11,821048400,"NBE/BE (LB Field Examiner) with emphasis in Compliance, NB-0570-VI"
2024_11,821047900,"NBE/BE (LB Field Examiner) with emphasis in Commercial Credit, NB-570-V.2"
2024_11,820336300,"NBE/BE (LB Field Examiner) with emphasis in Capital Markets, NB-570-VI"
2024_11,820898000,Supervisory Human Resources Specialist-NB-201-VII (TEMP NTE ONE YEAR)
2024_11,820478300,Healthcare Engineer - GEMS Coordinator/Project Engineer
2024_11,821046800,"NBE/BE (LB Field Examiner) with emphasis in Capital Markets, NB-570-VI"
2024_11,820762700,Supervisory Wildlife Biologist (Assistant District Supervisor)
2024_11,819904200,Senior Infrastructure Project Advisor
2024_11,820756100,Plant Protection and Quarantine Officer (Plant Health Safeguarding Specialist)
2024_11,819928600,Financial Administrator
2024_11,820762100,Plant Protection and Quarantine Officer (Plant Health Safeguarding Specialist/Pest Identification)
2024_11,819890600,"Human Resources Specialist (ER/LR), NB-201-V.2"
2024_11,820756900,Plant Protection and Quarantine Officer (Plant Health Safeguarding Specialist)
2024_11,818464800,Assistant Field Manager (Recreation)
2024_11,818576400,"Supervisory NBE/BE (LB Team Lead) with emphasis in Asset Management, NB-570-VII"
2024_11,819408000,"NBE/BE (LB Field Examiner) with emphasis in Operational Risk, NB-0570-VI"
2024_11,819731600,"NBE/BE (LB Field Examiner) with emphasis in ERM/Governance, NB-0570-VI"
2024_11,819735400,Supervisory Emergency Management Specialist (Mitigation)
2024_11,819371100,RECREATION BOATING SAFETY SPECIALIST
2024_11,816712500,Life Scientist/Environmental Engineer/Physical Scientist
2024_11,815403700,"Supervisory National Bank Examiner (Examiner-In-Charge), NB-0570-VII.2"
2024_11,815626400,Plant Protection Technician
2024_11,816003700,Plant Protection Technician
2024_11,818171100,Environmental Protection Specialist (GEMS)
2024_11,817655500,Plant Protection Technician
2024_11,817647100,Plant Protection Technician
2024_11,817385800,Fish and Wildlife Administrator
2024_11,818297400,Wildlife Biologist (Staff)
2024_11,817671500,"National Bank Examiner/Bank Examiner (Asset Management), NB-0570-VI"
2024_11,817574700,Management and Program Analyst
2024_11,817961400,Supervisory Clerk - (MSP) Leadership Development Program (LDP)
2024_11,816994900,Environmental Protection Specialist
2024_11,817892300,BIOLOGIST
2024_11,817550100,"Supervisory National Bank Examiner (MCBS Team Leader), NB-0570-VI (TEMP NTE ONE YEAR)"
2024_11,817162500,"Program Manager, NB-0340-VI"
2024_11,817718900,Plant Protection Technician
2024_11,817608600,Plant Protection Technician
2024_11,817393800,Plant Protection Technician
2024_11,817384900,Fish and Wildlife Administrator
2024_11,817544100,Engineering Technician (Civil)
2024_11,817364000,Interdisciplinary
2024_11,817537300,Realty Specialist
2024_11,817674500,"National Bank Examiner (Analyst to Midsize EIC), NB-0570-V.2"
2024_11,817611800,Civi Engineer
2024_11,817397500,Plant Protection Technician
2024_11,817140100,Supervisory General Engineer
2024_11,818149700,"National Bank Examiner/Bank Examiner (Enterprise Governance and Operational Risk), NB-570-VI"
2024_11,818148500,"National Bank Examiner/Bank Examiner (Commercial Credit), NB-570-VI"
2024_11,817035400,Attorney Advisor (Public Notice Flyer)
2024_11,817162800,"Program Manager, NB-0340-VI"
2024_11,817653100,Environmental Protection Specialist
2024_11,819151100,"NBE/BE (LB Field Examiner) with emphasis in Commercial Credit, NB-570-V.2"
2024_11,818872800,Supervisory Program Management Specialist
2024_11,819279700,Emergency Management Specialist (Mitigation)
2024_11,819669800,Legal Advisor
2024_11,819550000,"National Bank Examiner (Analyst to Assistant Deputy Comptroller), NB-0570-V.2"
2024_11,818474100,Supervisory Park Ranger (Protection)
2024_11,819073000,INTERDISCIPLINARY ENVIRONMENTAL ENGINEER/PHYSICAL SCIENTIST
2024_11,818818600,"NBE/BE (LB Field Examiner) with emphasis in Safety and Soundness, NB-0570-V"
2024_11,819057800,Supervisory Visitor Services Assistant (Backcountry Permits)
2024_11,818889700,"National Bank Examiner (Field Examiner), NB-0570-VI"
2024_11,818501400,"Supervisory National Bank Examiner/Bank Examiner (Examiner-in-Charge), NB-570-VII"
2024_11,818638000,"Supervisory National Bank Examiner (MCBS Team Leader), NB-0570-VI"
2024_11,819290200,Emergency Management Specialist (Mitigation)
2024_11,819118400,Ecologist
2024_11,819279900,Emergency Management Specialist (Mitigation)
2024_11,819756400,Supervisory Attorney-Advisor (Bank Advisory)
2024_11,818900400,Program Manager
2024_11,818575300,"National Bank Examiner (Analyst to ADC), NB-0570-V.2"
2024_11,819131100,"NBE/BE (LB Field Examiner) with emphasis in Compliance, NB-570-V.2"
2024_11,818963400,Senior Advisor
2024_11,819181400,"NBE-BE (Director, Financial Technology), NB-570-VII"
2024_11,819514100,INTERDISCIPLINARY ENVIRONMENTAL ENGINEER/PHYSICAL SCIENTIST
2024_11,819290100,Emergency Management Specialist (Mitigation)
2024_11,819188800,Assistant Field Manager (Minerals and Lands)
2024_11,818829600,"Supvy NBE/BE (LB Technical Team Lead) with emphasis in Compliance, NB-0570-VI.2 (Temp NTE 2 Yrs)"
2024_11,819034500,Supervisory HR Specialist (Mngr. for Operations)-NB-201-VI.2
2024_11,819359500,"National Bank Examiner (Problem Bank Specialist), NB-0570-VI"
2024_11,819179700,"Conference Management Specialist, NB-0301-V"
2024_11,819072500,Supervisory Management and Program Analyst
2024_11,819408800,ENVIROMENTAL PROTECTION SPECIALIST
2024_11,819287600,Plant Protection Technician
2024_11,818501300,"Supervisory National Bank Examiner (Examiner-in-Charge), NB-570-VII"
2024_11,819607800,"NBE/BE (Analyst to the Deputy Comptroller-Large Banks), NB-0570-VI.2"
2024_11,819180200,"Conference Management Specialist, NB-0301-V"
2024_11,818820200,"NBE/BE (LB Field Examiner) with emphasis in Safety and Soundness, NB-0570-V.2"
2024_11,818322400,"Lead Accountant, NB-0510-VI"
2024_11,819897500,"Human Resources Specialist (Performance Management), NB-201-V"
2024_11,819983400,GENERAL ENGINEER-DIRECT HIRE AUTHORITY
2024_11,820898300,Real Estate Project Executive
2024_11,820617600,SUPERVISORY GENERAL ATTORNEY (PRINCIPAL ASSISTANT DISTRICT COUNSEL FOR ADMINISTRATIVE LAW)
2024_11,820752200,Environmental Protection Specialist
2024_11,821029500,"National Bank Examiner/Bank Examiner (Compliance), NB-0570-V"
2024_11,820472000,Permits Coordinator
2024_11,820894200,Realty Specialist
2024_11,820441500,Realty Officer
2024_11,820756300,Plant Protection Technician
2024_11,820764100,Plant Protection and Quarantine Officer (Plant Health Safeguarding Specialist)
2024_11,819989100,Special Park Uses Assistant
2024_11,820756400,Plant Protection Technician
2024_12,824859100,Realty Specialist
2024_12,825254100,Realty Officer
2024_12,826116000,Emergency Management Specialist
2024_12,826045700,Environmental Protection Specialist
2024_12,825532200,Museum Specialist (Geology)
2024_12,825089100,Supervisory Tax Examining Technician (MSP) Leadership Development Program (LDP) NTE 1yr MBE to 2yrs
2024_12,824879000,Emergency Management Specialist (Mitigation)
2024_12,824898900,"Director For SRA Ops and Admin, NB-301-VII"
2024_12,826115800,Emergency Management Specialist
2024_12,825064100,"IT Program Manager-Vendor Management, NB-2210-VI"
2024_12,825969500,SECURITY ASSISTANT
2024_12,825532000,Museum Specialist (Geology)
2024_12,824838100,"National Bank Examiner (Analyst to Assistant Deputy Comptroller), NB-0570-V.2"
2024_12,824858900,Realty Specialist
2024_12,824919600,"National Bank Examiner/Bank Examiner (Commercial Credit), NB-0570-V.2"
2024_12,825521200,Realty Specialist
2024_12,824861400,"NBE/BE (LB Field Examiner) with emphasis in Safety & Soundness, NB-0570-V"
2024_12,826336600,Supervisory Interdisciplinary - Direct Hire Authority
2024_12,825055300,"Supervisory NBE/BE (Director for BIT Policy), NB-0570-VII"
2024_12,825222700,General Attorney
2024_12,825063300,"IT Program Manager-Vendor Management, NB-2210-VI"
2024_12,825038000,INTERDISCIPLINARY COMMUNITY PLANNER/BIOLOGIST/ENVIRONMENTAL ENGINEER/PHYSICAL SCIENTIST
2024_12,824921000,"National Bank Examiner/Bank Examiner (Consumer Compliance Lead Expert), NB-0570-VI"
2024_12,825345600,Safety and Occupational Health Manager
2024_12,824879100,Emergency Management Specialist (Mitigation)
2024_12,825718900,PUBLIC NOTICE FOR SUPERVISORY ATTORNEY-ADVISER (PROGRAM MANAGER)
2024_12,824833000,Legal Instruments Examiner
2024_12,826336500,Supervisory Interdisciplinary
2024_12,825302400,Contact Representative Management Trainee/Leadership Development Program (LDP) NTE 1yr MBE to 5yrs
2024_12,825199200,"Deputy Comptroller, Community Affairs, NB-301-VIII"
2024_12,824832600,Legal Instruments Examiner
2024_12,825692200,ELECTRONICS MECHANIC
2024_12,824841800,"NBE/BE (LB Field Examiner) with emphasis in Compliance, NB-570-V.2"
2024_12,824899000,Archaeologist
2024_12,826026000,"Supervisory Tax Examining Technician (MSP) Leadership Development Program (LDP) NTE 1yr, MBE to 5yrs"
2024_12,823981900,Emergency Management Specialist (Mitigation)
2024_12,823666200,"Data Scientist, NB-1560-V"
2024_12,823216500,Civil Engineer
2024_12,823576500,"National Bank Examiner/Bank Examiner (Technical Expert for Market Risk), NB-0570-VII"
2024_12,824409000,PHYSICAL SCIENTSIT (ENVIRONMENTAL)
2024_12,824208200,"National Bank Examiner (Analyst to Assistant Deputy Comptroller), NB-0570-V.2"
2024_12,823291500,"Senior Advisor to the Senior Deputy Comptroller, NB-301-VII"
2024_12,824295200,INTERDISCIPLINARY BIOLOGIST/ENVIRONMENTAL ENGINEER/PHYSICAL SCIENTIST
2024_12,824478000,"Supervisory Information Technology Specialist, NB-2210-VII"
2024_12,824477300,"Supervisory Information Technology Specialist, NB-2210-VII"
2024_12,824626700,"NBE/BE (LB Field Examiner) with emphasis in Retail Credit, NB-0570-V"
2024_12,824483100,Motor Carrier Safety Specialist (Border Inspector Supervisor)
2024_12,824705600,Legislative and Intergovernmental Affairs Specialist
2024_12,823421100,UTILITY SYSTEMS REPAIRER OPERATOR
2024_12,824366700,Natural Resource Specialist
2024_12,823739800,Safety and Occupational Health Specialist
2024_12,824680600,Concessions Management Specialist
2024_12,824574100,Supervisory Interdisciplinary
2024_12,824506800,"NBE/BE (LB Field Examiner) with emphasis in Compliance, NB-0570-V"
2024_12,823942600,"DC for Operational Risk Policy, NB-0570-VIII"
2024_12,824025400,"IT Program Manager, NB-2210-VI"
2024_12,824592000,"National Bank Examiner/Bank Examiner (Commercial Credit), NB-0570-V"
2024_12,823240000,Legislative and Intergovernmental Affairs Specialist
2024_12,823983000,"IT Program Manager, NB-2210-VI"
2024_12,823751700,Environmental Protection Specialist
2024_12,824013800,Supervisory Interdisciplinary
2024_12,824307400,"Instructional Systems Specialist, NB-1750-V"
2024_12,823216800,Civil Engineer
2024_12,823982000,Emergency Management Specialist (Mitigation)
2024_12,824617300,"NBE/BE (LB Field Examiner) with emphasis in Safety and Soundness, NB-0570-V.2"
2024_12,824628300,"NBE/BE (LB Field Examiner) with emphasis in Retail Credit, NB-0570-V.2"
2024_12,824366400,Natural Resource Specialist
2024_12,824177700,"National Bank Examiner (Analyst to ADC), NB-0570-V.2 (TEMP NTE 1 YEAR)"
2024_12,823581800,"NBE/BE (LB Field Examiner) with emphasis in Operational Risk, NB-0570-VI"
2024_12,823339400,NBE/BE - Financial Technology Policy Specialist-NB-570-VI
2024_12,823715100,Supervisory Natural Resources Specialist
2024_12,823711800,Supervisory Natural Resources Specialist
2024_12,823339600,NBE/BE - Financial Technology Policy Specialist-NB-570-VI
2024_12,824201500,"HR Assistant (Employee Benefits), NB-0203-IV"
2024_12,824098700,"Secretary (OA), NB-0318-IV"
2024_12,824736200,Interdisciplinary (Geologist/Petroleum Engineer)
2024_12,823576000,"National Bank Examiner/Bank Examiner (Technical Expert for Market Risk), NB-0570-VII"
2024_12,824619400,"NBE/BE (LB Field Examiner) with emphasis in Commercial Credit, NB-0570-VI"
2024_12,824715700,Interdisclinary
2024_12,823580800,"NBE/BE (Analyst to Large Bank Examiner-In-Charge), NB-0570-VI"
2024_12,821653200,Management & Program Analyst
2024_12,822703600,"Supervisory National Bank Examiner (Examiner-in-Charge), NB-570-VII"
2024_12,821902600,"NBE/BE (LB Field Examiner) with emphasis in Safety and Soundness, NB-0570-VI"
2024_12,822541400,"NBE/BE (LB Field Examiner) with emphasis in Compliance, NB-0570-VI"
2024_12,821581900,"Supervisory National Bank Examiner (Examiner-In-Charge), NB-0570-VIII"
2024_12,821898700,"NBE/BE (LB Field Examiner) with emphasis in Bank Information Technology, NB-0570-V.2"
2024_12,821737500,"Human Resources Specialist (ER/LR), NB-201-V.2"
2024_12,822532400,Civil Engineer
2024_12,822386100,"Security Specialist, NB-0080-V"
2024_12,822089500,BIOLOGIST
2024_12,821785100,Supervisory HR - (MSP) Frontline Leadership Readiness Program (FLRP) NTE 1 YR
2024_12,821714000,"Human Resources Specialist (Performance Management), NB-201-V"
2024_12,822259000,Supervisory Alcohol and Tobacco Tax Specialist
2024_12,821962800,Management and Program Analyst
2024_12,822623500,Program Specialist
2024_12,822996100,Healthcare Engineer (GEMS Environmental Engineer)
2024_12,822808900,Realty Specialist (Generalist)
2024_12,822610000,"NBE/BE (LB Field Examiner) with emphasis in Asset Management, NB-0570-V"
2024_12,821862200,"Financial Management Specialist, NB-0501-IV"
2024_12,821865300,Program Manager (Infrastructure)
2024_12,822034800,Archaeologist
2024_12,822664100,General Engineer
2024_12,821627500,Regional Wilderness and Trails Program Manager
2024_12,822335100,MARINE TRAFFIC CONTROLLER
2024_12,822641700,"Contact Representative Management Leadership Development  Trainee  NTE 1 year, MBE up to 5 years"
2024_12,822543400,"NBE/BE (LB Field Examiner) with emphasis in Commercial Credit, NB-0570-V.2"
2024_12,822623700,Program Specialist
2024_12,822257200,Civil Engineer
2024_12,822235200,Realty Specialist (Generalist)
2024_12,823063800,ALCOHOL & TOBACCO TAX SPECIALIST
2024_12,822657100,Supervisory Interdisciplinary (Resource Stewardship and Science Program Manager)
2024_12,821687000,"National Bank Examiner/Bank Examiner (Asset Management), NB-0570-V"
2024_12,822702500,"National Bank Examiner (Asset Management), NB-0570-VI.2"
2024_12,822638400,"Supervisory National Bank Examiner (Midsize Examiner in Charge), NB-0570-VI.2"
2024_12,821649700,Management & Prog Analyst
2024_12,823065900,ALCOHOL & TOBACCO TAX SPECIALIST
2024_12,821893600,"NBE/BE (LB Field Examiner) with emphasis in Bank Information Technology, NB-0570-VI"
2024_12,822101700,ENVIORNMENTAL ENGINEER/PHYSICAL SCIENTIST
2024_12,822612900,"NBE/BE (LB Field Examiner) with emphasis in Asset Management, NB-0570-V.2"
2024_12,822623400,Program Specialist
2024_12,821687600,"National Bank Examiner/Bank Examiner (Bank Information Technology), NB-0570-V"
2024_12,822257400,Supervisory Alcohol and Tobacco Tax Specialist
2024_12,822544600,"NBE/BE (LB Field Examiner) with emphasis in ERM/Governance, NB-0570-V.2"
2024_12,821900900,"Human Resources Specialist (HR Development), NB-0201-VI"
2024_12,822182000,Fish and Wildlife Biologist
2024_12,821954700,Materials Handler
2024_12,821650100,Environmental Protection Specialist
2024_12,819061200,Lead Recreation Fee Technician
2024_12,820836600,Natural Resource Specialist
2025_01,828332000,General Attorney
2025_01,828676900,ATTORNEY-ADVISOR (CONTRACT)
2025_01,829521700,General Attorney
2025_01,828324100,"HR Specialist (HR Development), NB-0201-V"
2025_01,828727400,Realty Specialist (Generalist)
2025_01,828642700,"Director Enterprise Workforce Planning, NB-0301-VII (Temp Promotion NTE 1-Year)"
2025_01,828217800,"NBE/BE (LB Field Examiner) with emphasis in Operational Risk, NB-0570-V.2"
2025_01,828560500,Realty Specialist
2025_01,828433200,Permits Biologist
2025_01,828779400,"National Bank Examiner (Analyst to Assistant Deputy Comptroller), NB-0570-V.2"
2025_01,828936700,"Supervisory National Bank Examiner (MCBS Team Leader), NB-0570-VI"
2025_01,828151200,"NBE/BE (LB Field Examiner) with emphasis in ERM/Governance, NB-0570-V.2"
2025_01,828939100,Mail Supervisor
2025_01,828676400,ATTORNEY-ADVISOR (CONTRACT)
2025_01,828217100,"NBE/BE (LB Field Examiner) with emphasis in Compliance, NB-570-V.2"
2025_01,828214900,"NBE/BE (LB Field Examiner) with emphasis in Compliance, NB-0570-V"
2025_01,829260900,INTERDISCIPLINARY ENVIRONMENTAL ENGINEER/PHYSICAL SCIENTIST/ BIOLOGICAL SCIENTIST/ COMMUNITY PLANNER
2025_01,828674600,Hydropower Outreach Coordinator
2025_01,828568400,"HR Assistant (Human Resources Development), NB-0203-IV"
2025_01,828150800,"NBE/BE (LB Field Examiner) with emphasis in Commercial Credit, NB-0570-V.2"
2025_01,828152000,"NBE/BE (LB Field Examiner) with emphasis in ERM/Governance, NB-0570-VI"
2025_01,828732600,Special Use Permits Assistant
2025_01,827276000,"National Bank Examiner (Analyst to Associate Deputy Comptroller), NB-570-VI"
2025_01,827580000,Realty Specialist
2025_01,827236700,"Deputy Comptroller (Internal Governance), NB-570-VIII"
2025_01,826598300,GS-12 Branch Out Program 2025
2025_01,827705500,INTERDISCIPLINARY BIOLOGIST/ENVIRONMENTAL ENGINEER/PHYSICAL SCIENTIST
2025_01,827788100,"NBE/BE (Analyst to Large Bank Examiner-In-Charge), NB-0570-VI (Temporary NTE 1 Year)"
2025_01,826582900,GS-09 Branch Out Program 2025
2025_01,826578000,GS-13 Branch Out Program 2025
2025_01,827235700,"Supervisory National Bank Examiner (Director Bank Appeals), NB-570-VII"
2025_01,828087800,Realty Officer
2025_01,827248800,Realty Officer
2025_01,826581500,GS-07 Branch Out Program 2025
2025_01,827800700,Realty Specialist
2025_01,826651600,Biological Scientist/Physical Scientist
2025_01,827839800,Supervisory Natural Resources Specialist
2025_01,827782400,INTERDISCIPLINARY EVIRONMENTAL ENGINEER/PHYSICAL SCIENTIST
2025_01,827967100,Concessions Management Specialist
2025_01,827295000,Natural Resource Specialist
2025_01,827971200,"National Bank Examiner/Bank Examiner (Bank Information Technology), NB-0570-V"
2025_01,826683100,Environmental Protection Specialist
2025_01,826740500,"Supervisory NBE/BE (LB Team Lead) with emphasis in Commercial Credit, NB-0570-VII"
2025_01,827672700,Division Programs Director South Pacific Division
2025_01,826905400,"NBE/BE (LB Compliance) with emphasis in Community Reinvestment Act, NB-0570-VI.2"
2025_01,827295600,Natural Resource Specialist
2025_01,826465000,GS-14 Branch Out Program 2025
2025_01,827688200,"Supervisory IT Specialist, NB-2210-VII"
2025_01,827520500,Supervisory Natural Resources Specialist
2025_01,827058600,"Financial Management Analyst, NB-0501-V"
2025_01,827982700,Realty Specialist (Generalist)
2025_01,827970800,"National Bank Examiner/Bank Examiner (Asset Management), NB-0570-V"
2025_01,826245600,Supervisory Tax Examining Tech Management Trainee (NTE 1yr MBE up to 5yrs) (LDP/CADRE)
2025_01,824550600,"Supervisory National Bank Examiner (Examiner-In-Charge), NB-0570-VII.2"
2025_01,829888800,Emergency Management Specialist (Mitigation)
2025_01,830628800,Civil Engineer - Facilities - Experienced Level (Maryland)
2025_01,829966900,TRANSPORTATION SPECIALIST
2025_02,830447200,SUPERVISORY CIVIL ENGINEER (TIME LIMITED ASSIGNMENT)
2025_02,830946500,Supervisory Range Operations Specialist
2025_02,830675500,Environmental Protection Specialist
2025_02,829477500,NATURAL RESOURCE SPECIALIST/ENVIRONMENTAL ENGINEER/ PHYSICAL SCIENTIST
2025_02,830109000,Financial Management Specialist
2025_02,830311700,General Engineer (Facilities Engineer)
2025_02,830447500,SUPERVISORY CIVIL ENGINEER (TERM appt)
2025_02,831587200,Director of Information Technology
2025_02,831398300,INTERDISCIPLINARY ENVIRONMENTAL ENGINEER/PHYSICAL SCIENTIST
2025_02,831559100,ENGINEERING TECHNICIAN (MICROGRID)
2025_02,832409900,Emergency Management Specialist (Mitigation)
2025_02,832134300,IT Specialist (SYS ANALYSIS)
2025_02,832160700,HEALTH PHYSICIST
2025_02,832408800,Emergency Management Specialist (Mitigation)
2025_02,831505200,INTERDISCIPLINARY ENVIRONMENTAL ENGINEER/PHYSICAL SCIENTIST
2025_02,832155300,IT Specialist (SYSANAL YSIS)
2025_03,833393300,Museum Specialist (Geology)
2025_03,833040500,POWERED SUPPORT SYSTEMS MECHANIC
2025_03,833784600,INTERDISCIPLINARY ENGINEER/ARCHITECT
2025_03,833322600,Emergency Management Specialist (Mitigation)
2025_03,833323600,Emergency Management Specialist (Mitigation)
2025_04,835039200,"Deputy Comptroller for Community Affairs, NB-0301-VIII"
2025_04,835039300,"Deputy Comptroller for Community Affairs, NB-0301-VIII"
2025_04,833905000,ENGINEERING TECHNICIAN
2025_04,836078500,Emergency Management Specialist (Mitigation)
2025_04,834621800,United States Probation Officer
2025_04,835013800,"Supervisory National Bank Examiner (Examiner-In-Charge), NB-0570-VIII"
2025_04,836047400,Park Ranger (Protection)
2025_04,835295200,"DC for Thrift Supervision and Specialty Supervision, NB-0570-VIII (Temp NTE 6 Months)"
2025_04,835237600,Emergency Management Specialist (Mitigation)
2025_04,835038800,"Deputy Comptroller for Operational Risk Policy, NB-0570-VIII"
2025_04,835310800,"Assistant Freedom of Information Act Officer, NB-0306-V.2"
2025_05,837139800,Natural Resource Specialist
2025_05,837110600,Natural Resource Specialist
2025_05,836347400,Compliance Oversight Officer (Temporary Opportunity Promotion/Reassignment)
2025_05,837571200,Botanist
2025_05,836996100,Emergency Management Specialist (Mitigation)
2025_05,837110900,Natural Resource Specialist
2025_05,837138800,Natural Resource Specialist
2025_05,836720300,Emergency Management Specialist (Mitigation)
2025_05,837605200,SAFETY & OCCUPATIONAL HEALTH MANAGER
2025_05,837709100,Supervisory Park Ranger (Protection)
2025_06,839600700,Plant Protection and Quarantine Officer (Plant Health Safeguarding Specialist)
2025_06,838994500,Supervisory Emergency Management Specialist (Mitigation)
2025_06,838968000,Supv IT Specialist (Policy and Planning)
2025_06,839024600,ENVIROMENTAL ENGINEER
2025_06,838736900,TITLE 5 ENVIRONMENTAL PROTECTION SPECIALIST (MI 127th CES)
2025_06,839545800,ENVIRONMENTAL PROTECTION SPECIALIST
2025_06,839598600,Plant Protection and Quarantine Officer (Plant Health Safeguarding Specialist)
2025_06,839600000,Plant Protection and Quarantine Officer (Plant Health Safeguarding Specialist)
2025_06,839598400,Plant Protection and Quarantine Officer (Plant Health Safeguarding Specialist)
2025_07,841624300,Lead Recreation Specialist (OAP Mountain Ops)
2025_07,841606800,Physician-(Psychiatrist)
2025_07,842127400,Supervisory Natural Resourses Specialist
2025_07,841405000,GEMS - Environmental Engineer
2025_07,842173100,MARINE TRAFFIC CONTROLLER
2025_07,841720500,Industrial Hygienist
2025_07,839878600,Supervisory Veterinary Medical Officer
2025_07,840197700,Veterinary Medical Officer (Import/Export)
2025_07,840368400,Financial Management Specialist
2025_07,839672600,Entomologist
2025_08,844375000,Diag Rad Tech (MRI)
2025_08,843975100,ATTORNEY-ADVISOR (GENERAL)
2025_08,844180200,Assistant Hospital Housekeeping Officer
2025_08,844016200,SUPERVISORY ENVIRONMENTAL PROTECTION SPECIALIST T32
2025_08,843794600,Supervisory Engineer
2025_08,843428600,SUPERVISORY ENVIRONMENTAL PROTECTION SPECIALIST
2025_08,842163800,Forestry Technician
2025_08,842183300,PPQ Officer (Pest Identification)
2025_08,842148300,Plant Protection Technician
2025_08,844375100,Diag Rad Tech (MRI)
2025_09,845621300,General Engineer
2025_09,845066900,Plant Protection Technician
2025_09,845816800,"Supervisory NBE/BE (LB Team Lead) w/emphasis in Commercial Credit, NB-0570-VII"
2025_09,845806800,"Supervisory NBE/BE (LB Team Lead) with emphasis in Asset Management, NB-0570-VII"
2025_09,845813800,"Supervisory National Bank Examiner/Bank Examiner (Examiner-in-Charge), NB-570-VII"
2025_09,845866900,Museum Specialist (Zoology)
2025_09,845722800,"Supervisory NBE (Examiner-In-Charge), NB-570-VII.2"
2025_09,845817100,"Supervisory NBE/BE (LB Team Lead) w/emphasis in Compliance, NB-0570-VII"
2025_09,844902500,Emergency Management Specialist (Mitigation)
2025_09,845736900,"Supervisory National Bank Examiner (Assistant Deputy Comptroller), NB-0570-VII"
2025_09,845810800,"Supervisory NBE/BE (LB Team Lead), NB-0570-VII"
2025_09,845701700,"Supervisory National Bank Examiner (Examiner-in-Charge), NB-0570-VI.2"
2025_09,845814100,"Supervisory National Bank Examiner (Examiner-in-Charge), NB-0570-VIII"
2025_09,845838700,"Supervisory National Bank Examiner (Examiner-in-Charge), NB-0570-VI.2"
2025_09,845201700,Plant Protection and Quarantine Officer (Plant Health Safeguarding Specialist)
2025_09,845809100,"Supervisory NBE/BE (LB Team Lead) with emphasis in Capital Markets, NB-0570-VII"
2025_09,845701200,"Supervisory National Bank Examiner (Director for Special Supervision), NB-0570-VII"
2025_09,845644400,Director - Office of Disaster Recovery
2025_09,845431800,Wildlife Biologist
2025_09,845918000,Emergency Management Specialist (Mitigation)
2025_09,846487300,ENGINEER
2025_09,846819400,ATTORNEY-ADVISOR (GENERAL)
2025_09,845885900,"Supervisory NBE/BE (LB Team Lead) w/emphasis in Ops Risk, BIT, and ERM, NB-0570-VII"
2025_09,846550100,Civil Engineer - Facilities - Mid to Experienced Level (Maryland)
2025_09,846467500,Emergency Management Specialist (Mitigation)
2025_10,847509000,Emergency Management Specialist (Mitigation)
2025_10,847353800,"Executive Secretary (FFIEC), NB-0570-VII (Term NTE 5 years), FFIEC"
2025_10,847311500,"Deputy Comptroller for Human Capital, NB-0201-VIII"
2025_10,849071800,Healthcare Engineer
2025_10,848303800,"Counsel (Administrative and Internal Law), NB-905-VI"
2025_10,848312800,ENVIROMENTAL PROTECTION SPECIALIST
2025_10,847567000,Supervisory Emergency Management Specialist (Mitigation)
2025_10,848281600,Senior Infrastructure Project Advisor
2025_10,848193500,Senior Infrastructure Project Advisor
2025_11,850656000,Seasonal Special Park Uses Assistant
2025_11,850318300,Emergency Management Specialist (Mitigation)
2025_11,850927500,Park Ranger (Events Compliance Monitor)
2025_12,852959900,"Senior Deputy Comptroller for Regional and Midsize Financial Institutions, NB-0570-IX"
2025_12,852960200,"Senior Deputy Comptroller for Regional and Midsize Financial Institutions, NB-0570-IX"
2025_12,852786100,Supervisory Park Ranger (P)
2025_12,853354400,"Director for Workforce Relations and Performance Management, NB-0201-VII"
2025_12,852958800,"Senior Deputy Comptroller for Community Bank Supervision, NB-570-IX"
2025_12,853219000,INTERDISCIPLINARY General Engineer/Physical Scientist
2025_12,852959200,"Senior Deputy Comptroller for Community Bank Supervision, NB-570-IX"
2025_12,851782700,POWERED SUPPORT SYSTEMS MECHANIC LEADER
2025_12,852351900,"Deputy Comptroller for Human Capital, NB-0201-VIII"
2025_12,852131300,"Deputy Comptroller for Human Capital, NB-0201-VIII"
2025_12,851426200,Civil Engineer
2025_12,852170800,Supervisory Alcohol and Tobacco Tax Specialist
2025_12,852289000,Seasonal Park Ranger (Lead) Aquatic Nuisance Species (ANS) Interdiction
2025_12,852406000,Civil Engineer - Facilities - Entry to Experienced Level (Maryland)
2025_12,852130500,"Deputy Comptroller for Human Capital, NB-0201-VIII"
2025_12,852006600,Seasonal Lead Recreation Fee Technician
2025_12,851771000,EXECUTIVE DIRECTOR - MISSISSIPPI RIVER COMMISSION
2025_12,852213800,Supervisory Park Ranger (P)
2025_12,851600600,Seasonal Park Ranger
2026_01,854125600,Seasonal Park Ranger
2026_01,854958000,General Engineer (Facilities Engineer)
2026_01,855832100,"Counsel (Attorney-Advisor), NB-0905-VI"
2026_01,855417100,AUTOMOTIVE MECHANIC HELPER
2026_01,854803100,Attorney Advisor (General)
2026_01,854364600,"Deputy Comptroller (Chartering, Organization & Structure), NB-0570-VIII"
2026_01,855615300,Environmental Protection Specialist
2026_01,853469500,Seasonal Park Ranger
2026_01,853814000,Emergency Management Specialist (Mitigation)
2026_01,853715900,"Senior Deputy Comptroller for Community Bank Supervision, NB-570-IX"
2026_01,854032700,Alcohol & Tobacco Tax Specialist (Technical Advisor)
2026_01,854017600,Diagnostic Radiologic Technologist (MRI)
2026_01,854017400,Diagnostic Radiologic Technologist (MRI)
2026_01,853469200,Seasonal Park Ranger
2026_01,853714600,"Senior Deputy Comptroller for Regional and Midsize Financial Institutions, NB-0570-IX"
2026_01,853716000,"Senior Deputy Comptroller for Community Bank Supervision, NB-570-IX"
2026_01,853714400,"Senior Deputy Comptroller for Regional and Midsize Financial Institutions, NB-0570-IX"
2026_01,854790400,"Mngr., Disclosure Services And Freedom Of Information Act Officer-NB-301-VI"
2026_01,854364900,"Deputy Comptroller (Chartering, Organization & Structure), NB-0570-VIII"
2026_01,855328800,Training Specialist - Environmental Management Service
2026_01,856070000,Supervisory Commissary Management Specialist (Zone Manager)
2026_01,856121900,Facility Services Assistant
2026_02,856304900,Environmental Protection Specialist
2026_02,856943700,Financial Management Specialist
2026_02,856223700,Motor Vehicle Operator
2026_02,856707600,Life Scientist/Environmental Engineer/Physical Scientist
2026_02,857384300,U.S. Pretrial Services Officer
2026_02,857538800,PROGRAM ANALYST
2026_02,857050500,Supervisory Environmental Protection Specialist
2026_02,856988600,"Deputy Comptroller for Supervision System and Analytical Support, NB-0570-VIII"
2026_02,857076600,ENVIRONMENTAL ASSESSMENT SPECIALIST
2026_02,857402400,PHYSICAL SCIENTIST-Direct Hire Authority
2026_02,856988200,"Deputy Comptroller for Supervision System and Analytical Support, NB-0570-VIII"
2026_02,857735400,POWERED SUPPORT SYSTEMS MECHANIC LEADER
2026_02,858222400,"National Bank Examiner (Problem Bank Specialist), NB-570-VI"
2026_02,857703600,"Director for Banking Relations, NB-0301-VII"
2026_02,858841200,INTERDISCIPLINARY General Engineer/Physical Scientist
2026_02,858766500,ALCOHOL & TOBACCO TAX SPECIALIST
2026_02,858006500,Industrial Hygienist
2026_02,858219800,"National Bank Examiner (Problem Bank Specialist), NB-570-VI"
